Player Id,Full Name,Match Name,position,Team Name,Team Id,Last Updated,Time Played,90s,Position Group,Most Played Position,Positions Played,Number of Positions Played,Aerial Duels,Aerial Duels lost,Aerial Duels lost p90,Aerial Duels p90,Aerial Duels won,Aerial Duels won p90,Appearances,Appearances p90,Assists (Intentional),Assists (Intentional) p90,Attempts from Set Pieces,Attempts from Set Pieces p90,Away Goals,Away Goals p90,Backward Passes,Backward Passes p90,Blocked Shots,Blocked Shots p90,Blocks,Blocks p90,Carries,Carries p90,Catches,Catches p90,Chances Created,Chances Created p90,Clean Sheets,Clean Sheets p90,Clearances Off the Line,Clearances Off the Line p90,Conversion Rate,Conversion Rate p90,Corners Taken (incl short corners),Corners Taken (incl short corners) p90,Corners Won,Corners Won p90,Crosses not Claimed,Crosses not Claimed p90,Direct Corner Goals,Direct Corner Goals p90,Direct Setpiece Goals,Direct Setpiece Goals p90,Dispossessed,Dispossessed p90,Dribbles success %,Dribbles success % p90,Drops,Drops p90,Duels,Duels lost,Duels lost p90,Duels p90,Duels won,Duels won %,Duels won % p90,Duels won p90,Final Third Touches,Final Third Touches p90,FinalThirdPasses,FinalThirdPasses p90,Forward Passes,Forward Passes p90,Foul Attempted Tackle,Foul Attempted Tackle p90,Foul Won Penalty,Foul Won Penalty p90,GK Successful Distribution,GK Successful Distribution p90,GK Unsuccessful Distribution,GK Unsuccessful Distribution p90,Games Played,Games Played p90,Goal Assists,Goal Assists p90,Goal Kicks,Goal Kicks p90,Goalkeeper Smother,Goalkeeper Smother p90,Goals,Goals Conceded,Goals Conceded Inside Box,Goals Conceded Inside Box p90,Goals Conceded Outside Box,Goals Conceded Outside Box p90,Goals Conceded p90,Goals Openplay,Goals Openplay p90,Goals from Inside Box,Goals from Inside Box p90,Goals from Outside Box,Goals from Outside Box p90,Goals p90,Ground Duels,Ground Duels lost,Ground Duels lost p90,Ground Duels p90,Ground Duels won,Ground Duels won p90,Handballs conceded,Handballs conceded p90,Headed Goals,Headed Goals p90,Hit Woodwork,Hit Woodwork p90,Home Goals,Home Goals p90,Interceptions,Interceptions p90,Key Passes (Attempt Assists),Key Passes (Attempt Assists) p90,Last Player Tackle,Last Player Tackle p90,Left Foot Goals,Left Foot Goals p90,Leftside Passes,Leftside Passes p90,Minutes Per Goal,Offsides,Offsides p90,Open Play Pass Success %,Open Play Pass Success % p90,Open Play Passes,Open Play Passes p90,Other Goals,Other Goals p90,Overruns,Overruns p90,Own Goal Scored,Own Goal Scored p90,Penalties Conceded,Penalties Conceded p90,Penalties Faced,Penalties Faced p90,Penalties Off Target,Penalties Off Target p90,Penalties Saved,Penalties Saved p90,Penalties Taken,Penalties Taken p90,Penalty Goals,Penalty Goals Conceded,Penalty Goals Conceded p90,Penalty Goals p90,Progressive Carries,Progressive Carries p90,ProgressivePasses,ProgressivePasses p90,Punches,Punches p90,PutThrough/Blocked Distribution,PutThrough/Blocked Distribution Won,PutThrough/Blocked Distribution Won p90,PutThrough/Blocked Distribution p90,Recoveries,Recoveries p90,Red Cards - 2nd Yellow,Red Cards - 2nd Yellow p90,Right Foot Goals,Right Foot Goals p90,Rightside Passes,Rightside Passes p90,Saves Made,Saves Made from Inside Box,Saves Made from Inside Box p90,Saves Made from Outside Box,Saves Made from Outside Box p90,Saves Made p90,Saves from Penalty,Saves from Penalty p90,Saves made - caught,Saves made - caught p90,Saves made - parried,Saves made - parried p90,Second Goal Assists,Second Goal Assists p90,Set Pieces Goals,Set Pieces Goals p90,Shots Off Target (inc woodwork),Shots Off Target (inc woodwork) p90,Shots On Target ( inc goals ),Shots On Target ( inc goals ) p90,Shots Per Goal,Shots Per Goal p90,Starts,Starts p90,Straight Red Cards,Straight Red Cards p90,Substitute Off,Substitute Off p90,Substitute On,Substitute On p90,Successful Corners into Box,Successful Corners into Box p90,Successful Crosses & Corners,Successful Crosses & Corners p90,Successful Crosses open play,Successful Crosses open play p90,Successful Dribbles,Successful Dribbles p90,Successful Launches,Successful Launches p90,Successful Lay-offs,Successful Lay-offs p90,Successful Long Passes,Successful Long Passes p90,Successful Open Play Passes,Successful Open Play Passes p90,Successful Passes Opposition Half,Successful Passes Opposition Half p90,Successful Passes Own Half,Successful Passes Own Half p90,Successful Short Passes,Successful Short Passes p90,Tackles Lost,Tackles Lost p90,Tackles Won,Tackles Won p90,Through balls,Through balls p90,Throw Ins to Opposition Player,Throw Ins to Opposition Player p90,Throw Ins to Own Player,Throw Ins to Own Player p90,Times Tackled,Times Tackled p90,Total Big Chances Created,Total Big Chances Created p90,Total Big Chances Missed,Total Big Chances Missed p90,Total Big Chances Saved,Total Big Chances Saved p90,Total Big Chances Scored,Total Big Chances Scored p90,Total Clearances,Total Clearances p90,Total Fouls Conceded,Total Fouls Conceded p90,Total Fouls Won,Total Fouls Won p90,Total Losses Of Possession,Total Losses Of Possession p90,Total Passes,Total Passes p90,Total Red Cards,Total Red Cards p90,Total Shots,Total Shots p90,Total Successful Passes ( Excl Crosses & Corners ) ,Total Successful Passes ( Excl Crosses & Corners )  p90,Total Tackles,Total Tackles p90,Total Touches In Opposition Box,Total Touches In Opposition Box p90,Total Unsuccessful Passes ( Excl Crosses & Corners ),Total Unsuccessful Passes ( Excl Crosses & Corners ) p90,Touches,Touches p90,Unsuccessful Corners into Box,Unsuccessful Corners into Box p90,Unsuccessful Crosses & Corners,Unsuccessful Crosses & Corners p90,Unsuccessful Crosses open play,Unsuccessful Crosses open play p90,Unsuccessful Dribbles,Unsuccessful Dribbles p90,Unsuccessful Launches,Unsuccessful Launches p90,Unsuccessful Long Passes,Unsuccessful Long Passes p90,Unsuccessful Passes Opposition Half,Unsuccessful Passes Opposition Half p90,Unsuccessful Passes Own Half,Unsuccessful Passes Own Half p90,Unsuccessful Short Passes,Unsuccessful Short Passes p90,Unsuccessful lay-offs,Unsuccessful lay-offs p90,Winning Goal,Winning Goal p90,Yellow Cards,Yellow Cards p90,index,shirt_number
bla737odu07zap4li26qfm7f8,Dauda Amihere Iddrisa,D. Iddrisa,Defender,Italy Under 17,5wqp6j0531waihdxydpmoo3aj,2025-11-27T14:36:06Z,428,4.76,Full Backs,rb,rb,1,6,2,0.42,1.26,4,0.84,7,1.47,0,0,0,0,0,0,15,3.15,0,0,3,0.63,48,10.08,0,0,4,0.84,2,0.42,0,0,50,50,0,0,5,1.05,0,0,0,0,0,0,7,1.47,40,40,0,0,56,28,5.88,11.76,28,50,50,5.88,71,14.92,13,2.73,75,15.76,3,0.63,0,0,0,0,0,0,7,1.47,0,0,0,0,0,0,1,4,3,0.63,1,0.21,0.84,1,0.21,1,0.21,0,0,0.21,50,26,5.46,10.5,24,5.04,0,0,0,0,0,0,1,0.21,6,1.26,4,0.84,0,0,0,0,62,13.03,428,1,0.21,79,79,159,33.4,0,0,3,0.63,0,0,0,0,0,0,0,0,0,0,0,0,0,0,0,0,30,6.3,16,3.36,0,0,9,6,1.26,1.89,24,5.04,0,0,1,0.21,9,1.89,0,0,0,0,0,0,0,0,0,0,0,0,0,0,0,0,1,0.21,1,0.21,2,2,5,1.05,0,0,3,0.63,2,0.42,0,0,2,0.42,2,0.42,4,0.84,0,0,0,0,6,1.26,125,26.26,61,12.82,68,14.29,121,25.42,4,0.84,10,2.1,0,0,14,2.94,31,6.51,13,2.73,0,0,1,0.21,1,0.21,1,0.21,14,2.94,9,1.89,6,1.26,86,18.07,161,33.82,0,0,2,0.42,127,26.68,14,2.94,7,1.47,34,7.14,312,65.55,0,0,8,1.68,8,1.68,6,1.26,5,1.05,12,2.52,31,6.51,11,2.31,22,4.62,0,0,1,0.21,0,0,1,2
c6vfjpybbdcyvis2zljs7mgwk,Antonio Arena,A. Arena,Forward,Italy Under 17,5wqp6j0531waihdxydpmoo3aj,2025-11-27T14:36:06Z,374,4.16,Strikers,st,st,1,21,15,3.61,5.05,6,1.44,7,1.68,1,0.24,0,0,0,0,14,3.37,0,0,1,0.24,27,6.49,0,0,8,1.92,1,0.24,0,0,40,40,0,0,3,0.72,0,0,0,0,0,0,5,1.2,40,40,0,0,45,28,6.73,10.82,17,38,38,4.09,66,15.87,4,0.96,21,5.05,1,0.24,0,0,0,0,0,0,7,1.68,1,0.24,0,0,0,0,2,2,1,0.24,1,0.24,0.48,1,0.24,2,0.48,0,0,0.48,24,13,3.12,5.77,11,2.64,0,0,1,0.24,0,0,2,0.48,2,0.48,7,1.68,0,0,0,0,26,6.25,187,0,0,63,63,92,22.12,0,0,0,0,0,0,0,0,0,0,0,0,0,0,0,0,0,0,0,0,16,3.85,8,1.92,0,0,4,2,0.48,0.96,26,6.25,0,0,1,0.24,31,7.45,0,0,0,0,0,0,0,0,0,0,0,0,0,0,0,0,1,0.24,4,0.96,2,2,4,0.96,0,0,2,0.48,3,0.72,0,0,1,0.24,1,0.24,2,0.48,0,0,4,0.96,0,0,58,13.94,44,10.58,15,3.61,58,13.94,0,0,3,0.72,0,0,0,0,0,0,8,1.92,4,0.96,1,0.24,0,0,1,0.24,3,0.72,3,0.72,7,1.68,53,12.74,92,22.12,0,0,5,1.2,58,13.94,3,0.72,22,5.29,34,8.17,142,34.13,0,0,1,0.24,1,0.24,3,0.72,1,0.24,3,0.72,30,7.21,5,1.2,31,7.45,1,0.24,2,0.48,1,0.24,2,19
9uohg5pa1o4ggjyftzca7rcb8,Alessio Baralla,A. Baralla,Midfielder,Italy Under 17,5wqp6j0531waihdxydpmoo3aj,2025-11-27T14:36:06Z,130,1.44,Midfielders,dm,dm,1,1,0,0,0.69,1,0.69,5,3.47,0,0,1,0.69,0,0,11,7.64,0,0,0,0,14,9.72,0,0,2,1.39,0,0,0,0,0,0,4,2.78,0,0,0,0,0,0,0,0,2,1.39,50,50,0,0,10,5,3.47,6.94,5,50,50,3.47,30,20.83,9,6.25,20,13.89,1,0.69,0,0,0,0,0,0,5,3.47,0,0,0,0,0,0,0,1,0,0,1,0.69,0.69,0,0,0,0,0,0,0,9,5,3.47,6.25,4,2.78,0,0,0,0,1,0.69,0,0,2,1.39,2,1.39,0,0,0,0,30,20.83,0,0,0,86,86,76,52.78,0,0,0,0,0,0,0,0,0,0,0,0,0,0,0,0,0,0,0,0,4,2.78,4,2.78,0,0,2,0,0,1.39,6,4.17,0,0,0,0,17,11.81,0,0,0,0,0,0,0,0,0,0,0,0,0,0,0,0,3,2.08,0,0,0,0,1,0.69,0,0,1,0.69,4,2.78,2,1.39,2,1.39,0,0,1,0.69,1,0.69,1,0.69,8,5.56,65,45.14,44,30.56,25,17.36,59,40.97,2,1.39,1,0.69,0,0,0,0,0,0,3,2.08,0,0,0,0,0,0,0,0,2,1.39,1,0.69,0,0,19,13.19,78,54.17,0,0,3,2.08,67,46.53,3,2.08,0,0,11,7.64,99,68.75,2,1.39,4,2.78,1,0.69,1,0.69,3,2.08,6,4.17,13,9.03,2,1.39,5,3.47,0,0,0,0,0,0,3,8
866hkeaw7opgpac4fkcxgazh0,Benit Borasio,B. Borasio,Midfielder,Italy Under 17,5wqp6j0531waihdxydpmoo3aj,2025-11-27T14:36:06Z,291,3.23,Center Backs,cb,cb,1,18,6,1.86,5.57,12,3.72,6,1.86,1,0.31,0,0,0,0,9,2.79,0,0,0,0,52,16.1,0,0,1,0.31,3,0.93,0,0,0,0,0,0,1,0.31,0,0,0,0,0,0,0,0,0,0,0,0,35,14,4.33,10.84,21,60,60,6.5,10,3.1,11,3.41,69,21.36,4,1.24,1,0.31,0,0,0,0,6,1.86,1,0.31,0,0,0,0,0,1,0,0,1,0.31,0.31,0,0,0,0,0,0,0,17,8,2.48,5.26,9,2.79,0,0,0,0,0,0,0,0,2,0.62,0,0,0,0,0,0,64,19.81,0,0,0,84,84,188,58.2,0,0,0,0,0,0,0,0,0,0,0,0,0,0,0,0,0,0,0,0,32,9.91,7,2.17,0,0,4,2,0.62,1.24,9,2.79,0,0,0,0,50,15.48,0,0,0,0,0,0,0,0,0,0,0,0,0,0,0,0,1,0.31,0,0,0,0,3,0.93,1,0.31,0,0,3,0.93,0,0,0,0,0,0,0,0,3,0.93,0,0,14,4.33,158,48.92,56,17.34,106,32.82,148,45.82,0,0,4,1.24,1,0.31,4,1.24,0,0,0,0,1,0.31,0,0,0,0,0,0,18,5.57,9,2.79,5,1.55,39,12.07,192,59.44,1,0.31,1,0.31,162,50.15,4,1.24,2,0.62,30,9.29,238,73.68,0,0,0,0,0,0,0,0,11,3.41,13,4.02,12,3.72,18,5.57,17,5.26,0,0,0,0,0,0,4,16
cx8uq8ljn6a3xausmwdqe6bkk,Leonardo Noah Bovio,L. Bovio,Defender,Italy Under 17,5wqp6j0531waihdxydpmoo3aj,2025-11-27T14:36:06Z,182,2.02,Center Backs,cb,cb,1,12,4,1.98,5.94,8,3.96,4,1.98,0,0,0,0,0,0,5,2.48,1,0.5,0,0,9,4.46,0,0,0,0,1,0.5,0,0,0,0,0,0,0,0,0,0,0,0,0,0,0,0,0,0,0,0,17,7,3.47,8.42,10,59,59,4.95,9,4.46,18,8.91,64,31.68,0,0,0,0,0,0,0,0,4,1.98,0,0,0,0,0,0,0,1,1,0.5,0,0,0.5,0,0,0,0,0,0,0,5,3,1.49,2.48,2,0.99,0,0,0,0,0,0,0,0,1,0.5,0,0,0,0,0,0,52,25.74,0,0,0,90,90,139,68.81,0,0,0,0,0,0,0,0,0,0,0,0,0,0,0,0,0,0,0,0,3,1.49,7,3.47,0,0,0,0,0,0,9,4.46,0,0,0,0,20,9.9,0,0,0,0,0,0,0,0,0,0,0,0,0,0,0,0,0,0,1,0.5,0,0,2,0.99,0,0,0,0,2,0.99,0,0,0,0,0,0,0,0,0,0,0,0,11,5.45,125,61.88,49,24.26,78,38.61,116,57.43,0,0,1,0.5,1,0.5,0,0,0,0,0,0,0,0,1,0.5,0,0,0,0,4,1.98,2,0.99,1,0.5,17,8.42,141,69.8,0,0,1,0.5,127,62.87,1,0.5,4,1.98,14,6.93,154,76.24,0,0,1,0.5,1,0.5,0,0,3,1.49,7,3.47,12,5.94,3,1.49,7,3.47,0,0,0,0,0,0,5,5
7ut56715j129guhzl0snsyo0k,Thomas Campaniello,T. Campaniello,Forward,Italy Under 17,5wqp6j0531waihdxydpmoo3aj,2025-11-27T14:36:06Z,375,4.17,Strikers,st,st,1,28,10,2.4,6.71,18,4.32,6,1.44,0,0,0,0,0,0,13,3.12,5,1.2,0,0,14,3.36,0,0,5,1.2,1,0.24,0,0,20,20,0,0,5,1.2,0,0,0,0,0,0,5,1.2,67,67,0,0,53,25,6,12.71,28,53,53,6.71,98,23.5,1,0.24,25,6,2,0.48,0,0,0,0,0,0,6,1.44,0,0,0,0,0,0,3,3,2,0.48,1,0.24,0.72,2,0.48,3,0.72,0,0,0.72,25,15,3.6,6,10,2.4,0,0,1,0.24,0,0,3,0.72,0,0,5,1.2,0,0,1,0.24,26,6.24,125,6,1.44,52,52,73,17.51,0,0,2,0.48,0,0,0,0,0,0,0,0,0,0,0,0,0,0,0,0,9,2.16,4,0.96,0,0,7,3,0.72,1.68,8,1.92,0,0,1,0.24,12,2.88,0,0,0,0,0,0,0,0,0,0,0,0,0,0,0,0,7,1.68,8,1.92,5,5,4,0.96,0,0,2,0.48,2,0.48,0,0,0,0,0,0,2,0.48,0,0,6,1.44,0,0,38,9.11,32,7.67,9,2.16,41,9.83,1,0.24,1,0.24,0,0,0,0,0,0,6,1.44,1,0.24,1,0.24,0,0,2,0.48,2,0.48,8,1.92,6,1.44,66,15.83,76,18.23,0,0,15,3.6,41,9.83,2,0.48,37,8.87,35,8.39,151,36.21,0,0,5,1.2,5,1.2,1,0.24,0,0,1,0.24,37,8.87,3,0.72,34,8.15,1,0.24,1,0.24,2,0.48,6,9
6hrvw3cddp5c6jgle4vc3wob8,Cristiano De Paoli,C. De Paoli,Defender,Italy Under 17,5wqp6j0531waihdxydpmoo3aj,2025-11-27T14:36:06Z,540,6,Center Backs,cb,cb,1,41,21,3.5,6.83,20,3.33,6,1,0,0,0,0,0,0,21,3.5,1,0.17,2,0.33,72,12,0,0,1,0.17,4,0.67,0,0,0,0,0,0,0,0,0,0,0,0,0,0,1,0.17,0,0,0,0,54,26,4.33,9,28,52,52,4.67,12,2,22,3.67,132,22,2,0.33,0,0,0,0,0,0,6,1,0,0,0,0,0,0,0,4,2,0.33,2,0.33,0.67,0,0,0,0,0,0,0,13,5,0.83,2.17,8,1.33,0,0,0,0,0,0,0,0,10,1.67,1,0.17,0,0,0,0,106,17.67,0,0,0,85,85,330,55,0,0,0,0,0,0,0,0,0,0,0,0,0,0,0,0,0,0,0,0,47,7.83,15,2.5,0,0,1,1,0.17,0.17,21,3.5,0,0,0,0,85,14.17,0,0,0,0,0,0,0,0,0,0,0,0,0,0,0,0,1,0.17,1,0.17,0,0,6,1,0,0,0,0,0,0,0,0,0,0,0,0,0,0,2,0.33,0,0,15,2.5,281,46.83,113,18.83,181,30.17,279,46.5,3,0.5,3,0.5,1,0.17,0,0,1,0.17,2,0.33,0,0,0,0,0,0,0,0,21,3.5,2,0.33,2,0.33,60,10,344,57.33,0,0,2,0.33,294,49,6,1,8,1.33,50,8.33,410,68.33,0,0,0,0,0,0,1,0.17,8,1.33,20,3.33,36,6,14,2.33,30,5,0,0,0,0,1,0.17,8,15
dh8gjld2ssinpvrlk0s5b6vx0,Destiny Onoguekhan Elimoghale,D. Elimoghale,Forward,Italy Under 17,5wqp6j0531waihdxydpmoo3aj,2025-11-27T14:36:06Z,308,3.42,Strikers,st,st,1,6,5,1.46,1.75,1,0.29,8,2.34,0,0,0,0,1,0.29,25,7.31,1,0.29,1,0.29,35,10.23,0,0,7,2.05,0,0,0,0,20,20,0,0,2,0.58,0,0,0,0,0,0,4,1.17,40,40,0,0,42,29,8.48,12.28,13,31,31,3.8,96,28.07,4,1.17,28,8.19,1,0.29,0,0,0,0,0,0,8,2.34,0,0,0,0,0,0,1,1,1,0.29,0,0,0.29,1,0.29,1,0.29,0,0,0.29,36,24,7.02,10.53,12,3.51,0,0,0,0,0,0,0,0,0,0,7,2.05,0,0,1,0.29,11,3.22,308,2,0.58,75,75,89,26.02,0,0,3,0.88,0,0,0,0,0,0,0,0,0,0,0,0,0,0,0,0,20,5.85,9,2.63,0,0,3,1,0.29,0.88,19,5.56,0,0,0,0,26,7.6,0,0,0,0,0,0,0,0,0,0,0,0,1,0.29,0,0,3,0.88,2,0.58,5,5,3,0.88,0,0,3,0.88,5,1.46,0,0,1,0.29,1,0.29,6,1.75,0,0,6,1.75,1,0.29,67,19.59,57,16.67,12,3.51,67,19.59,0,0,3,0.88,1,0.29,0,0,1,0.29,13,3.8,1,0.29,1,0.29,0,0,1,0.29,2,0.58,10,2.92,3,0.88,58,16.96,90,26.32,0,0,5,1.46,68,19.88,3,0.88,10,2.92,22,6.43,157,45.91,0,0,3,0.88,3,0.88,9,2.63,1,0.29,1,0.29,24,7.02,1,0.29,21,6.14,3,0.88,0,0,0,0,9,11
cjznkoq68kxguutsoysecwbh0,Samuele Inácio Piá,S. Inácio,Midfielder,Italy Under 17,5wqp6j0531waihdxydpmoo3aj,2025-11-27T14:36:06Z,622,6.91,Midfielders,am,am,1,5,1,0.14,0.72,4,0.58,7,1.01,1,0.14,2,0.29,2,0.29,67,9.7,6,0.87,0,0,134,19.39,0,0,13,1.88,3,0.43,0,0,15,15,7,1.01,7,1.01,0,0,0,0,0,0,10,1.45,56,56,0,0,72,28,4.05,10.42,44,61,61,6.37,214,30.97,18,2.6,63,9.12,0,0,0,0,0,0,0,0,7,1.01,2,0.29,0,0,0,0,4,5,3,0.43,2,0.29,0.72,4,0.58,4,0.58,0,0,0.58,67,27,3.91,9.7,40,5.79,0,0,0,0,0,0,2,0.29,0,0,11,1.59,0,0,0,0,26,3.76,156,1,0.14,82,82,211,30.54,0,0,2,0.29,0,0,0,0,0,0,0,0,0,0,1,0.14,0,0,0,0,84,12.16,24,3.47,0,0,12,6,0.87,1.74,23,3.33,0,0,4,0.58,61,8.83,0,0,0,0,0,0,0,0,0,0,0,0,0,0,0,0,9,1.3,17,2.46,6,6,7,1.01,1,0.14,2,0.29,0,0,1,0.14,4,0.58,3,0.43,15,2.17,0,0,6,0.87,5,0.72,172,24.89,138,19.97,43,6.22,172,24.89,2,0.29,7,1.01,1,0.14,2,0.29,5,0.72,22,3.18,3,0.43,3,0.43,0,0,3,0.43,1,0.14,2,0.29,16,2.32,99,14.33,217,31.4,1,0.14,26,3.76,177,25.62,9,1.3,41,5.93,40,5.79,381,55.14,5,0.72,16,2.32,10,1.45,12,1.74,2,0.29,7,1.01,53,7.67,3,0.43,33,4.78,1,0.14,1,0.14,0,0,10,10
8hi2x1e9phvls5orswok0rc44,Alessandro Longoni,A. Longoni,Goalkeeper,Italy Under 17,5wqp6j0531waihdxydpmoo3aj,2025-11-27T14:36:06Z,720,8,Goalkeepers,gk,gk,1,3,0,0,0.38,3,0.38,8,1,0,0,0,0,0,0,0,0,0,0,0,0,20,2.5,2,0.25,0,0,5,0.62,0,0,0,0,0,0,0,0,0,0,0,0,0,0,0,0,100,100,1,0.12,4,0,0,0.5,4,100,100,0.5,0,0,2,0.25,82,10.25,0,0,0,0,66,8.25,2,0.25,8,1,0,0,39,4.88,1,0.12,0,5,3,0.38,2,0.25,0.62,0,0,0,0,0,0,0,1,0,0,0.12,1,0.12,0,0,0,0,0,0,0,0,0,0,0,0,0,0,0,0,57,7.12,0,0,0,90,90,134,16.75,0,0,0,0,0,0,0,0,1,0.12,0,0,1,0.12,0,0,0,0,0,0,8,1,10,1.25,2,0.25,0,0,0,0,64,8,0,0,0,0,51,6.38,14,5,0.62,9,1.12,1.75,1,0.12,0,0,3,0.38,0,0,0,0,0,0,0,0,0,0,8,1,0,0,0,0,0,0,0,0,0,0,0,0,1,0.12,5,0.62,0,0,17,2.12,120,15,8,1,157,19.62,148,18.5,0,0,0,0,0,0,0,0,0,0,0,0,0,0,0,0,1,0.12,0,0,5,0.62,0,0,1,0.12,26,3.25,190,23.75,0,0,0,0,165,20.62,0,0,0,0,25,3.12,244,30.5,0,0,0,0,0,0,0,0,13,1.62,24,3,16,2,9,1.12,1,0.12,0,0,0,0,1,0.12,11,12
b294k1gu7hwp7dpcq01vjb3mc,Simone Lontani,S. Lontani,Forward,Italy Under 17,5wqp6j0531waihdxydpmoo3aj,2025-11-27T14:36:06Z,371,4.12,Strikers,st,"rm,st",2,9,5,1.21,2.18,4,0.97,8,1.94,0,0,1,0.24,1,0.24,24,5.83,5,1.21,0,0,32,7.77,0,0,4,0.97,0,0,0,0,12,12,4,0.97,7,1.7,0,0,0,0,0,0,1,0.24,29,29,0,0,45,30,7.28,10.92,15,33,33,3.64,82,19.9,2,0.49,23,5.58,6,1.46,0,0,0,0,0,0,8,1.94,0,0,0,0,0,0,1,4,2,0.49,2,0.49,0.97,1,0.24,0,0,1,0.24,0.24,36,25,6.07,8.74,11,2.67,0,0,0,0,0,0,0,0,0,0,4,0.97,0,0,0,0,17,4.13,371,1,0.24,63,63,83,20.15,0,0,3,0.73,0,0,0,0,0,0,0,0,0,0,0,0,0,0,0,0,20,4.85,3,0.73,0,0,7,5,1.21,1.7,16,3.88,0,0,1,0.24,21,5.1,0,0,0,0,0,0,0,0,0,0,0,0,0,0,0,0,5,1.21,3,0.73,8,8,5,1.21,0,0,5,1.21,3,0.73,1,0.24,1,0.24,0,0,4,0.97,0,0,6,1.46,0,0,52,12.62,39,9.47,15,3.64,53,12.86,3,0.73,1,0.24,0,0,0,0,2,0.49,11,2.67,2,0.49,4,0.97,0,0,0,0,0,0,9,2.18,3,0.73,69,16.75,85,20.63,0,0,8,1.94,53,12.86,4,0.97,15,3.64,32,7.77,159,38.59,2,0.49,7,1.7,5,1.21,10,2.43,1,0.24,3,0.73,33,8.01,6,1.46,29,7.04,2,0.49,1,0.24,1,0.24,12,20
6sqpsbu7k2l8u241ikkbl36s4,Andrea Luongo,A. Luongo,Forward,Italy Under 17,5wqp6j0531waihdxydpmoo3aj,2025-11-27T14:36:06Z,557,6.19,Midfielders,cm,"lm,cm,am",3,6,2,0.32,0.97,4,0.65,8,1.29,0,0,0,0,0,0,64,10.34,5,0.81,0,0,75,12.12,0,0,16,2.58,3,0.48,0,0,0,0,12,1.94,9,1.45,0,0,0,0,0,0,4,0.65,52,52,0,0,60,26,4.2,9.69,34,57,57,5.49,187,30.21,31,5.01,95,15.35,2,0.32,0,0,0,0,0,0,8,1.29,1,0.16,0,0,0,0,0,3,1,0.16,2,0.32,0.48,0,0,0,0,0,0,0,54,24,3.88,8.72,30,4.85,0,0,0,0,0,0,0,0,5,0.81,15,2.42,0,0,0,0,50,8.08,0,1,0.16,79,79,273,44.1,0,0,1,0.16,0,0,0,0,0,0,0,0,0,0,0,0,0,0,0,0,43,6.95,22,3.55,0,0,20,5,0.81,3.23,35,5.65,0,0,0,0,78,12.6,0,0,0,0,0,0,0,0,0,0,0,0,0,0,0,0,6,0.97,1,0.16,0,0,6,0.97,0,0,3,0.48,2,0.32,1,0.16,9,1.45,8,1.29,11,1.78,1,0.16,9,1.45,14,2.26,216,34.89,166,26.82,72,11.63,215,34.73,4,0.65,7,1.13,1,0.16,0,0,1,0.16,14,2.26,2,0.32,1,0.16,0,0,0,0,4,0.65,5,0.81,9,1.45,116,18.74,287,46.37,0,0,7,1.13,229,37,11,1.78,20,3.23,58,9.37,428,69.14,6,0.97,24,3.88,16,2.58,10,1.62,5,0.81,8,1.29,70,11.31,12,1.94,50,8.08,1,0.16,0,0,3,0.48,13,7
1ukw590wbhy0m57cxllcpyu50,Valerio Maccaroni,V. Maccaroni,Midfielder,Italy Under 17,5wqp6j0531waihdxydpmoo3aj,2025-11-27T14:36:06Z,295,3.28,Midfielders,cm,cm,1,6,4,1.22,1.83,2,0.61,7,2.13,2,0.61,0,0,0,0,20,6.1,1,0.3,0,0,37,11.28,0,0,13,3.96,0,0,0,0,10,10,15,4.57,3,0.91,0,0,0,0,0,0,3,0.91,60,60,0,0,44,26,7.93,13.41,18,41,41,5.49,85,25.91,15,4.57,39,11.89,1,0.3,0,0,0,0,0,0,7,2.13,2,0.61,0,0,0,0,1,3,2,0.61,1,0.3,0.91,1,0.3,1,0.3,0,0,0.3,38,22,6.71,11.59,16,4.88,0,0,0,0,1,0.3,1,0.3,1,0.3,11,3.35,0,0,0,0,28,8.54,295,2,0.61,74,74,94,28.66,0,0,1,0.3,0,0,0,0,0,0,0,0,0,0,0,0,0,0,0,0,22,6.71,9,2.74,0,0,7,2,0.61,2.13,23,7.01,0,0,1,0.3,13,3.96,0,0,0,0,0,0,0,0,0,0,0,0,0,0,0,0,5,1.52,5,1.52,10,10,3,0.91,0,0,3,0.91,4,1.22,6,1.83,9,2.74,2,0.61,9,2.74,0,0,2,0.61,7,2.13,70,21.34,61,18.6,24,7.32,69,21.04,1,0.3,4,1.22,2,0.61,1,0.3,1,0.3,9,2.74,2,0.61,1,0.3,0,0,1,0.3,0,0,4,1.22,2,0.61,62,18.9,100,30.49,0,0,10,3.05,76,23.17,5,1.52,10,3.05,24,7.32,187,57.01,7,2.13,11,3.35,4,1.22,6,1.83,2,0.61,5,1.52,28,8.54,7,2.13,19,5.79,0,0,0,0,1,0.3,14,17
7ohfu3cgx7pce1mrx2pubvpjo,Jean-Tryfose Mambuku,J. Mambuku,Defender,Italy Under 17,5wqp6j0531waihdxydpmoo3aj,2025-11-27T14:36:06Z,584,6.49,Full Backs,lb,"lb,rb",2,16,0,0,2.47,16,2.47,8,1.23,1,0.15,0,0,0,0,48,7.4,3,0.46,1,0.15,62,9.55,0,0,3,0.46,4,0.62,0,0,0,0,0,0,4,0.62,0,0,0,0,0,0,5,0.77,47,47,0,0,73,24,3.7,11.25,49,67,67,7.55,131,20.18,36,5.55,122,18.8,4,0.62,0,0,0,0,0,0,8,1.23,1,0.15,0,0,0,0,0,3,1,0.15,2,0.31,0.46,0,0,0,0,0,0,0,57,24,3.7,8.78,33,5.08,0,0,0,0,0,0,0,0,8,1.23,2,0.31,0,0,0,0,44,6.78,0,1,0.15,84,84,251,38.67,0,0,0,0,0,0,0,0,0,0,0,0,0,0,0,0,0,0,0,0,34,5.24,21,3.24,0,0,14,3,0.46,2.16,36,5.55,0,0,0,0,46,7.09,0,0,0,0,0,0,0,0,0,0,0,0,0,0,0,0,6,0.92,0,0,0,0,6,0.92,0,0,2,0.31,2,0.31,0,0,5,0.77,5,0.77,7,1.08,2,0.31,0,0,10,1.54,211,32.51,132,20.34,93,14.33,210,32.36,12,1.85,8,1.23,1,0.15,17,2.62,46,7.09,13,2,1,0.15,1,0.15,0,0,0,0,19,2.93,7,1.08,6,0.92,97,14.95,260,40.06,0,0,6,0.92,220,33.9,20,3.08,9,1.39,40,6.16,452,69.65,0,0,17,2.62,17,2.62,8,1.23,4,0.62,8,1.23,47,7.24,10,1.54,32,4.93,0,0,1,0.15,1,0.15,15,3
143l17b66x8s9adqhqljoyot0,David Marini,D. Marini,Defender,Italy Under 17,5wqp6j0531waihdxydpmoo3aj,2025-11-27T14:36:06Z,430,4.78,Full Backs,lb,lb,1,6,3,0.63,1.26,3,0.63,6,1.26,0,0,0,0,0,0,31,6.49,1,0.21,0,0,53,11.09,0,0,5,1.05,2,0.42,0,0,0,0,0,0,3,0.63,0,0,0,0,0,0,3,0.63,56,56,0,0,37,17,3.56,7.74,20,54,54,4.18,102,21.34,30,6.28,87,18.2,2,0.42,0,0,0,0,0,0,6,1.26,0,0,0,0,0,0,0,2,2,0.42,0,0,0.42,0,0,0,0,0,0,0,31,14,2.93,6.49,17,3.56,0,0,0,0,1,0.21,0,0,12,2.51,5,1.05,0,0,0,0,7,1.46,0,0,0,75,75,167,34.94,0,0,1,0.21,0,0,0,0,0,0,0,0,0,0,0,0,0,0,0,0,37,7.74,30,6.28,0,0,12,2,0.42,2.51,24,5.02,0,0,0,0,45,9.41,0,0,0,0,0,0,0,0,0,0,0,0,0,0,0,0,1,0.21,0,0,0,0,5,1.05,0,0,2,0.42,1,0.21,0,0,5,1.05,5,1.05,5,1.05,3,0.63,0,0,5,1.05,125,26.15,80,16.74,53,11.09,123,25.73,7,1.46,5,1.05,0,0,20,4.18,51,10.67,7,1.46,1,0.21,0,0,0,0,0,0,10,2.09,5,1.05,0,0,92,19.25,170,35.56,0,0,1,0.21,128,26.78,12,2.51,1,0.21,42,8.79,329,68.83,0,0,14,2.93,14,2.93,4,0.84,4,0.84,8,1.67,42,8.79,14,2.93,34,7.11,0,0,0,0,2,0.42,16,13
afkkkko24siu5y4pkq8rx2f4k,Fabio Pandolfi,F. Pandolfi,Midfielder,Italy Under 17,5wqp6j0531waihdxydpmoo3aj,2025-11-27T14:36:06Z,72,0.8,Midfielders,cm,cm,1,4,1,1.25,5,3,3.75,3,3.75,0,0,0,0,1,1.25,8,10,0,0,0,0,9,11.25,0,0,2,2.5,0,0,0,0,100,100,2,2.5,1,1.25,0,0,0,0,0,0,0,0,0,0,0,0,14,7,8.75,17.5,7,50,50,8.75,20,25,5,6.25,12,15,0,0,0,0,0,0,0,0,3,3.75,0,0,0,0,0,0,1,1,1,1.25,0,0,1.25,1,1.25,1,1.25,0,0,1.25,10,6,7.5,12.5,4,5,0,0,0,0,0,0,0,0,4,5,2,2.5,0,0,0,0,5,6.25,72,1,1.25,75,75,40,50,0,0,1,1.25,0,0,0,0,0,0,0,0,0,0,0,0,0,0,0,0,6,7.5,4,5,0,0,3,1,1.25,3.75,6,7.5,0,0,1,1.25,17,21.25,0,0,0,0,0,0,0,0,0,0,0,0,0,0,0,0,0,0,1,1.25,1,1,1,1.25,0,0,1,1.25,2,2.5,1,1.25,0,0,0,0,0,0,1,1.25,1,1.25,4,5,30,37.5,15,18.75,17,21.25,28,35,0,0,3,3.75,0,0,0,0,0,0,0,0,0,0,0,0,0,0,0,0,0,0,4,5,1,1.25,17,21.25,42,52.5,0,0,1,1.25,32,40,3,3.75,1,1.25,10,12.5,60,75,1,1.25,2,2.5,0,0,0,0,0,0,1,1.25,11,13.75,1,1.25,9,11.25,0,0,0,0,1,1.25,18,14
7q1ra128zjqviw45ho54cir6c,Vincenzo Prisco,V. Prisco,Midfielder,Italy Under 17,5wqp6j0531waihdxydpmoo3aj,2025-11-27T14:36:06Z,545,6.06,Midfielders,dm,"cm,dm",2,9,3,0.5,1.49,6,0.99,8,1.32,1,0.17,1,0.17,0,0,46,7.59,2,0.33,4,0.66,66,10.89,0,0,7,1.16,2,0.33,0,0,0,0,9,1.49,2,0.33,0,0,0,0,0,0,1,0.17,0,0,0,0,47,22,3.63,7.76,25,53,53,4.13,80,13.2,32,5.28,110,18.15,3,0.5,0,0,1,0.17,0,0,8,1.32,1,0.17,1,0.17,0,0,0,3,3,0.5,0,0,0.5,0,0,0,0,0,0,0,38,19,3.14,6.27,19,3.14,0,0,0,0,0,0,0,0,9,1.49,6,0.99,0,0,0,0,110,18.15,0,0,0,85,85,339,55.94,0,0,1,0.17,0,0,0,0,0,0,0,0,0,0,0,0,0,0,0,0,36,5.94,20,3.3,0,0,6,2,0.33,0.99,43,7.1,0,0,0,0,93,15.35,0,0,0,0,0,0,0,0,0,0,0,0,0,0,0,0,1,0.17,0,0,0,0,7,1.16,0,0,5,0.83,1,0.17,5,0.83,8,1.32,2,0.33,0,0,5,0.83,1,0.17,21,3.47,288,47.52,152,25.08,164,27.06,287,47.36,5,0.83,9,1.49,1,0.17,0,0,0,0,2,0.33,2,0.33,0,0,0,0,0,0,10,1.65,11,1.82,5,0.83,67,11.06,359,59.24,0,0,1,0.17,308,50.83,14,2.31,2,0.33,51,8.42,446,73.6,4,0.66,7,1.16,1,0.17,1,0.17,14,2.31,21,3.47,47,7.76,11,1.82,30,4.95,0,0,0,0,1,0.17,19,4
3e7h2fmxpv8wjyj8tkki1oe1g,Luca Reggiani,L. Reggiani,Defender,Italy Under 17,5wqp6j0531waihdxydpmoo3aj,2025-11-27T14:36:06Z,442,4.91,Center Backs,cb,cb,1,25,8,1.63,5.09,17,3.46,5,1.02,0,0,0,0,0,0,15,3.05,1,0.2,5,1.02,77,15.68,0,0,1,0.2,2,0.41,0,0,0,0,0,0,1,0.2,0,0,0,0,0,0,0,0,0,0,0,0,39,11,2.24,7.94,28,72,72,5.7,16,3.26,16,3.26,126,25.66,1,0.2,0,0,0,0,0,0,5,1.02,0,0,0,0,0,0,0,4,3,0.61,1,0.2,0.81,0,0,0,0,0,0,0,14,3,0.61,2.85,11,2.24,0,0,0,0,0,0,0,0,10,2.04,1,0.2,0,0,0,0,55,11.2,0,1,0.2,84,84,294,59.88,0,0,0,0,0,0,0,0,0,0,0,0,0,0,0,0,0,0,0,0,43,8.76,11,2.24,0,0,3,0,0,0.61,18,3.67,0,0,0,0,112,22.81,0,0,0,0,0,0,0,0,0,0,0,0,0,0,0,0,1,0.2,1,0.2,0,0,5,1.02,0,0,1,0.2,0,0,0,0,0,0,0,0,0,0,5,1.02,0,0,18,3.67,246,50.1,87,17.72,172,35.03,241,49.08,6,1.22,2,0.41,0,0,0,0,0,0,0,0,1,0.2,1,0.2,0,0,0,0,34,6.92,4,0.81,4,0.81,55,11.2,308,62.73,0,0,2,0.41,259,52.75,8,1.63,6,1.22,49,9.98,382,77.8,0,0,1,0.2,1,0.2,0,0,13,2.65,21,4.28,32,6.52,18,3.67,28,5.7,0,0,0,0,1,0.2,20,6
5b6lkqmxivow1plh5dsim8zys,Federico Alessandro Steffanoni,F. Steffanoni,Midfielder,Italy Under 17,5wqp6j0531waihdxydpmoo3aj,2025-11-27T14:36:06Z,654,7.27,Midfielders,cm,"dm,cm",2,12,3,0.41,1.65,9,1.24,8,1.1,0,0,0,0,0,0,66,9.08,1,0.14,2,0.28,65,8.94,0,0,8,1.1,3,0.41,0,0,0,0,0,0,2,0.28,0,0,0,0,0,0,5,0.69,47,47,0,0,64,30,4.13,8.8,34,53,53,4.68,127,17.47,20,2.75,73,10.04,5,0.69,0,0,0,0,0,0,8,1.1,0,0,0,0,0,0,0,4,2,0.28,2,0.28,0.55,0,0,0,0,0,0,0,52,27,3.71,7.15,25,3.44,2,0.28,0,0,0,0,0,0,5,0.69,8,1.1,0,0,0,0,49,6.74,0,0,0,76,76,228,31.36,0,0,1,0.14,0,0,1,0.14,0,0,0,0,0,0,0,0,0,0,0,0,31,4.26,13,1.79,0,0,22,14,1.93,3.03,42,5.78,0,0,0,0,40,5.5,0,0,0,0,0,0,0,0,0,0,0,0,0,0,0,0,4,0.55,6,0.83,0,0,7,0.96,0,0,2,0.28,1,0.14,0,0,3,0.41,3,0.41,7,0.96,1,0.14,1,0.14,5,0.69,174,23.93,106,14.58,71,9.77,169,23.25,4,0.55,8,1.1,0,0,1,0.14,6,0.83,13,1.79,0,0,2,0.28,0,0,0,0,7,0.96,11,1.51,6,0.83,92,12.65,228,31.36,0,0,10,1.38,174,23.93,12,1.65,13,1.79,54,7.43,358,49.24,0,0,9,1.24,9,1.24,8,1.1,6,0.83,8,1.1,55,7.57,8,1.1,46,6.33,1,0.14,0,0,1,0.14,21,18
1ig6gfvz71237721xn85bitqs,Neo Daniel Bohloko,N. Bohloko,Forward,South Africa Under 17,79bhaxz9h7jelnn2dtxgbqbns,2025-11-17T18:24:41Z,275,3.06,Strikers,st,"st,am,rm",3,9,8,2.61,2.94,1,0.33,4,1.31,0,0,2,0.65,0,0,15,4.9,0,0,0,0,17,5.56,0,0,4,1.31,0,0,0,0,11,11,0,0,1,0.33,0,0,0,0,0,0,4,1.31,57,57,0,0,24,17,5.56,7.84,7,29,29,2.29,43,14.05,4,1.31,12,3.92,0,0,0,0,0,0,0,0,4,1.31,0,0,0,0,0,0,1,7,7,2.29,0,0,2.29,1,0.33,1,0.33,0,0,0.33,15,9,2.94,4.9,6,1.96,0,0,0,0,0,0,1,0.33,0,0,4,1.31,0,0,1,0.33,14,4.58,275,1,0.33,80,80,51,16.67,0,0,0,0,0,0,0,0,0,0,0,0,0,0,0,0,0,1,0.33,0,6,1.96,4,1.31,0,0,5,1,0.33,1.63,7,2.29,0,0,0,0,13,4.25,0,0,0,0,0,0,0,0,0,0,0,0,0,0,0,0,4,1.31,5,1.63,9,9,4,1.31,0,0,4,1.31,0,0,0,0,0,0,0,0,4,1.31,0,0,3,0.98,1,0.33,41,13.4,35,11.44,9,2.94,43,14.05,0,0,0,0,0,0,0,0,0,0,7,2.29,2,0.65,1,0.33,0,0,1,0.33,0,0,1,0.33,2,0.65,27,8.82,54,17.65,0,0,9,2.94,44,14.38,0,0,8,2.61,10,3.27,91,29.74,0,0,1,0.33,1,0.33,3,0.98,0,0,0,0,10,3.27,1,0.33,10,3.27,0,0,1,0.33,0,0,22,15
4cf6kux7m6bh2nhj3dgfjp8gk,Alwande Adiswa Booysen,A. Booysen,Forward,South Africa Under 17,79bhaxz9h7jelnn2dtxgbqbns,2025-11-17T18:24:41Z,162,1.8,Wingers,lm,lm,1,5,5,2.78,2.78,0,0,4,2.22,2,1.11,0,0,0,0,13,7.22,0,0,0,0,32,17.78,0,0,4,2.22,0,0,0,0,0,0,1,0.56,5,2.78,0,0,0,0,0,0,2,1.11,86,86,0,0,21,11,6.11,11.67,10,48,48,5.56,41,22.78,4,2.22,8,4.44,0,0,0,0,0,0,0,0,4,2.22,2,1.11,0,0,0,0,0,5,5,2.78,0,0,2.78,0,0,0,0,0,0,0,16,6,3.33,8.89,10,5.56,1,0.56,0,0,0,0,0,0,2,1.11,2,1.11,0,0,0,0,20,11.11,0,0,0,74,74,46,25.56,0,0,0,0,0,0,0,0,0,0,0,0,0,0,0,0,0,1,0.56,0,20,11.11,6,3.33,0,0,4,0,0,2.22,8,4.44,0,0,0,0,6,3.33,0,0,0,0,0,0,0,0,0,0,0,0,0,0,0,0,1,0.56,3,1.67,0,0,1,0.56,0,0,1,0.56,3,1.67,0,0,0,0,0,0,6,3.33,0,0,0,0,1,0.56,34,18.89,22,12.22,13,7.22,34,18.89,2,1.11,1,0.56,0,0,0,0,1,0.56,3,1.67,2,1.11,0,0,0,0,0,0,0,0,1,0.56,1,0.56,28,15.56,47,26.11,0,0,4,2.22,35,19.44,3,1.67,14,7.78,12,6.67,85,47.22,0,0,4,2.22,4,2.22,1,0.56,0,0,0,0,13,7.22,3,1.67,12,6.67,0,0,0,0,0,0,23,11
bgwliwc1f8oqrhbkg9b85t04,Tumi Letlhogono Ashley Mothapo Bowes,T. Bowes,Forward,South Africa Under 17,79bhaxz9h7jelnn2dtxgbqbns,2025-11-17T18:24:41Z,360,4,Full Backs,lb,lb,1,6,4,1,1.5,2,0.5,4,1,0,0,0,0,0,0,10,2.5,0,0,3,0.75,32,8,0,0,2,0.5,0,0,2,0.5,0,0,0,0,0,0,0,0,0,0,0,0,2,0.5,0,0,0,0,26,15,3.75,6.5,11,42,42,2.75,23,5.75,10,2.5,57,14.25,3,0.75,0,0,0,0,0,0,4,1,0,0,0,0,0,0,0,8,8,2,0,0,2,0,0,0,0,0,0,0,20,11,2.75,5,9,2.25,1,0.25,0,0,0,0,0,0,3,0.75,2,0.5,0,0,0,0,10,2.5,0,0,0,78,78,127,31.75,0,0,0,0,0,0,0,0,0,0,0,0,0,0,0,0,0,1,0.25,0,22,5.5,6,1.5,0,0,10,6,1.5,2.5,24,6,0,0,0,0,57,14.25,0,0,0,0,0,0,0,0,0,0,0,0,0,0,0,0,2,0.5,0,0,0,0,4,1,0,0,0,0,0,0,0,0,1,0.25,1,0.25,0,0,3,0.75,1,0.25,10,2.5,99,24.75,51,12.75,56,14,96,24,2,0.5,5,1.25,0,0,6,1.5,23,5.75,2,0.5,0,0,0,0,2,0.5,0,0,14,3.5,6,1.5,2,0.5,46,11.5,134,33.5,0,0,2,0.5,106,26.5,7,1.75,3,0.75,28,7,222,55.5,0,0,2,0.5,2,0.5,0,0,2,0.5,9,2.25,19,4.75,11,2.75,19,4.75,0,0,0,0,0,0,24,12
4ezwia3dpzm93bfdq9j0nxj4k,Lebohang Dhlamini,L. Dhlamini,Forward,South Africa Under 17,79bhaxz9h7jelnn2dtxgbqbns,2025-11-17T18:24:41Z,192,2.13,Midfielders,dm,dm,1,8,2,0.94,3.76,6,2.82,4,1.88,0,0,0,0,0,0,10,4.69,1,0.47,1,0.47,22,10.33,0,0,0,0,0,0,0,0,0,0,0,0,1,0.47,0,0,0,0,0,0,0,0,67,67,0,0,27,9,4.23,12.68,18,67,67,8.45,20,9.39,8,3.76,20,9.39,2,0.94,0,0,0,0,0,0,4,1.88,0,0,0,0,0,0,0,7,7,3.29,0,0,3.29,0,0,0,0,0,0,0,19,7,3.29,8.92,12,5.63,0,0,0,0,0,0,0,0,1,0.47,0,0,0,0,0,0,27,12.68,0,0,0,76,76,80,37.56,0,0,0,0,0,0,1,0.47,0,0,0,0,0,0,0,0,0,1,0.47,0,7,3.29,1,0.47,0,0,5,2,0.94,2.35,12,5.63,0,0,0,0,25,11.74,0,0,0,0,0,0,0,0,0,0,0,0,0,0,0,0,3,1.41,1,0.47,0,0,1,0.47,0,0,0,0,3,1.41,0,0,0,0,0,0,2,0.94,0,0,0,0,2,0.94,61,28.64,28,13.15,35,16.43,61,28.64,1,0.47,3,1.41,0,0,0,0,0,0,1,0.47,0,0,0,0,0,0,0,0,4,1.88,2,0.94,6,2.82,28,13.15,82,38.5,0,0,4,1.88,63,29.58,4,1.88,4,1.88,19,8.92,121,56.81,0,0,0,0,0,0,1,0.47,1,0.47,3,1.41,10,4.69,9,4.23,16,7.51,0,0,0,0,0,0,25,19
5iq7tf3cnf12vdehz1heawlck,Abulele Dlekedla,A. Dlekedla,Defender,South Africa Under 17,79bhaxz9h7jelnn2dtxgbqbns,2025-11-17T18:24:41Z,200,2.22,Center Backs,cb,cb,1,4,4,1.8,1.8,0,0,3,1.35,0,0,0,0,0,0,8,3.6,0,0,5,2.25,17,7.66,0,0,1,0.45,0,0,0,0,0,0,0,0,0,0,0,0,0,0,0,0,0,0,0,0,0,0,9,7,3.15,4.05,2,22,22,0.9,2,0.9,3,1.35,15,6.76,0,0,0,0,0,0,0,0,3,1.35,0,0,0,0,0,0,0,5,5,2.25,0,0,2.25,0,0,0,0,0,0,0,5,3,1.35,2.25,2,0.9,0,0,0,0,0,0,0,0,1,0.45,1,0.45,0,0,0,0,44,19.82,0,0,0,90,90,88,39.64,0,0,0,0,0,0,0,0,0,0,0,0,0,0,0,0,0,0,0,0,4,1.8,1,0.45,0,0,4,2,0.9,1.8,12,5.41,0,0,0,0,25,11.26,0,0,0,0,0,0,0,0,0,0,0,0,0,0,0,0,0,0,0,0,0,0,2,0.9,0,0,0,0,1,0.45,0,0,0,0,0,0,0,0,1,0.45,0,0,3,1.35,79,35.59,24,10.81,59,26.58,80,36.04,0,0,1,0.45,0,0,0,0,0,0,0,0,0,0,0,0,0,0,0,0,14,6.31,0,0,1,0.45,10,4.5,92,41.44,0,0,0,0,83,37.39,1,0.45,1,0.45,9,4.05,122,54.95,0,0,0,0,0,0,0,0,4,1.8,7,3.15,6,2.7,3,1.35,2,0.9,0,0,0,0,0,0,26,14
34qo96wga254jiujsn8k3azo4,Shaun Gift Els,S. Els,Forward,South Africa Under 17,79bhaxz9h7jelnn2dtxgbqbns,2025-11-17T18:24:41Z,282,3.13,Strikers,st,"st,rw",2,13,11,3.51,4.15,2,0.64,4,1.28,0,0,0,0,1,0.32,14,4.47,0,0,0,0,13,4.15,0,0,3,0.96,0,0,0,0,67,67,0,0,1,0.32,0,0,0,0,0,0,2,0.64,67,67,0,0,31,19,6.07,9.9,12,39,39,3.83,37,11.82,2,0.64,16,5.11,1,0.32,0,0,0,0,0,0,4,1.28,0,0,0,0,0,0,2,7,7,2.24,0,0,2.24,1,0.32,2,0.64,0,0,0.64,18,8,2.56,5.75,10,3.19,0,0,0,0,0,0,1,0.32,0,0,3,0.96,0,0,1,0.32,14,4.47,141,0,0,72,72,46,14.7,0,0,0,0,0,0,0,0,0,0,0,0,0,0,0,0,0,0,0,0,6,1.92,0,0,0,0,5,2,0.64,1.6,6,1.92,0,0,1,0.32,11,3.51,0,0,0,0,0,0,0,0,0,0,0,0,0,0,0,0,0,0,3,0.96,2,2,3,0.96,0,0,1,0.32,1,0.32,0,0,0,0,0,0,2,0.64,0,0,2,0.64,0,0,33,10.54,20,6.39,22,7.03,42,13.42,1,0.32,5,1.6,0,0,0,0,0,0,3,0.96,0,0,0,0,0,0,2,0.64,3,0.96,4,1.28,2,0.64,29,9.27,55,17.57,0,0,3,0.96,42,13.42,6,1.92,8,2.56,13,4.15,94,30.03,0,0,0,0,0,0,1,0.32,0,0,1,0.32,12,3.83,1,0.32,12,3.83,0,0,0,0,0,0,27,9
eek3wtowvlc0zwif49h4nd91w,Luke Hendricks,L. Hendricks,Forward,South Africa Under 17,79bhaxz9h7jelnn2dtxgbqbns,2025-11-17T18:24:41Z,270,3,Center Backs,cb,cb,1,16,6,2,5.33,10,3.33,3,1,0,0,0,0,0,0,8,2.67,0,0,2,0.67,16,5.33,0,0,0,0,0,0,0,0,0,0,0,0,0,0,0,0,0,0,0,0,0,0,0,0,0,0,27,9,3,9,18,67,67,6,3,1,1,0.33,31,10.33,1,0.33,0,0,3,1,0,0,3,1,0,0,3,1,0,0,0,7,7,2.33,0,0,2.33,0,0,0,0,0,0,0,11,3,1,3.67,8,2.67,0,0,0,0,0,0,0,0,4,1.33,0,0,0,0,0,0,32,10.67,0,0,0,84,84,96,32,0,0,0,0,0,0,0,0,0,0,0,0,0,0,0,0,0,1,0.33,0,0,0,3,1,0,0,1,0,0,0.33,12,4,0,0,0,0,35,11.67,0,0,0,0,0,0,0,0,0,0,0,0,0,0,0,0,1,0.33,1,0.33,0,0,3,1,0,0,0,0,0,0,0,0,0,0,0,0,0,0,1,0.33,0,0,10,3.33,81,27,16,5.33,72,24,78,26,0,0,2,0.67,0,0,0,0,1,0.33,1,0.33,0,0,0,0,1,0.33,0,0,18,6,2,0.67,7,2.33,20,6.67,106,35.33,0,0,2,0.67,88,29.33,2,0.67,2,0.67,18,6,149,49.67,0,0,0,0,0,0,1,0.33,10,3.33,15,5,10,3.33,8,2.67,3,1,0,0,0,0,0,0,28,5
6613ov4zahk0vhdmh883d1nh0,Kamohelo Bongani Maraletse,K. Maraletse,Midfielder,South Africa Under 17,79bhaxz9h7jelnn2dtxgbqbns,2025-11-17T18:24:41Z,354,3.93,Midfielders,dm,"dm,cm",2,11,8,2.04,2.8,3,0.76,4,1.02,1,0.25,0,0,0,0,28,7.12,1,0.25,1,0.25,66,16.79,0,0,3,0.76,0,0,0,0,0,0,5,1.27,4,1.02,0,0,0,0,0,0,6,1.53,71,71,0,0,48,23,5.85,12.21,25,52,52,6.36,51,12.98,30,7.63,85,21.63,3,0.76,0,0,0,0,0,0,4,1.02,1,0.25,0,0,0,0,0,8,8,2.04,0,0,2.04,0,0,0,0,0,0,0,37,15,3.82,9.41,22,5.6,0,0,0,0,1,0.25,0,0,1,0.25,2,0.51,0,0,0,0,50,12.72,0,0,0,75,75,215,54.71,0,0,1,0.25,0,0,0,0,0,0,0,0,0,0,0,0,0,1,0.25,0,29,7.38,15,3.82,0,0,7,2,0.51,1.78,24,6.11,0,0,0,0,61,15.52,0,0,0,0,0,0,0,0,0,0,0,0,0,0,0,0,4,1.02,1,0.25,0,0,4,1.02,0,0,1,0.25,0,0,1,0.25,0,0,0,0,5,1.27,0,0,4,1.02,13,3.31,162,41.22,103,26.21,68,17.3,158,40.2,3,0.76,4,1.02,0,0,0,0,1,0.25,8,2.04,1,0.25,2,0.51,0,0,0,0,11,2.8,4,1.02,10,2.54,71,18.07,224,57,0,0,5,1.27,171,43.51,7,1.78,3,0.76,53,13.49,295,75.06,0,0,1,0.25,1,0.25,2,0.51,0,0,11,2.8,38,9.67,16,4.07,42,10.69,1,0.25,0,0,1,0.25,30,6
b5a6odd8tr2z709z1bjjzkkyc,Liam Marithinus,L. Marithinus,Defender,South Africa Under 17,79bhaxz9h7jelnn2dtxgbqbns,2025-11-17T18:24:41Z,180,2,Center Backs,cb,cb,1,4,3,1.5,2,1,0.5,2,1,0,0,0,0,0,0,3,1.5,0,0,2,1,25,12.5,0,0,2,1,0,0,0,0,0,0,0,0,0,0,0,0,0,0,0,0,1,0.5,0,0,0,0,14,7,3.5,7,7,50,50,3.5,0,0,2,1,31,15.5,1,0.5,0,0,0,0,0,0,2,1,0,0,0,0,0,0,0,2,2,1,0,0,1,0,0,0,0,0,0,0,10,4,2,5,6,3,0,0,0,0,0,0,0,0,2,1,2,1,0,0,0,0,21,10.5,0,0,0,83,83,76,38,0,0,0,0,0,0,0,0,0,0,0,0,0,0,0,0,0,1,0.5,0,17,8.5,5,2.5,0,0,1,1,0.5,0.5,9,4.5,0,0,0,0,25,12.5,0,0,0,0,0,0,0,0,0,0,0,0,0,0,0,0,0,0,0,0,0,0,2,1,0,0,0,0,0,0,0,0,0,0,0,0,0,0,0,0,0,0,4,2,63,31.5,32,16,35,17.5,63,31.5,2,1,4,2,0,0,3,1.5,1,0.5,1,0.5,0,0,0,0,0,0,0,0,10,5,1,0.5,0,0,20,10,80,40,0,0,0,0,67,33.5,6,3,0,0,13,6.5,109,54.5,0,0,0,0,0,0,0,0,5,2.5,9,4.5,10,5,3,1.5,4,2,0,0,0,0,0,0,31,4
cnmcu7spjk7kwms3arhh8z66s,Teboho Banele Mlangeni,T. Mlangeni,Midfielder,South Africa Under 17,79bhaxz9h7jelnn2dtxgbqbns,2025-11-17T18:24:41Z,143,1.59,Midfielders,dm,dm,1,0,0,0,0,0,0,3,1.89,0,0,0,0,0,0,11,6.92,0,0,0,0,19,11.95,0,0,1,0.63,0,0,0,0,0,0,0,0,0,0,0,0,0,0,0,0,0,0,0,0,0,0,11,4,2.52,6.92,7,64,64,4.4,14,8.81,13,8.18,31,19.5,0,0,0,0,0,0,0,0,3,1.89,0,0,0,0,0,0,0,1,1,0.63,0,0,0.63,0,0,0,0,0,0,0,11,4,2.52,6.92,7,4.4,0,0,0,0,0,0,0,0,1,0.63,1,0.63,0,0,0,0,22,13.84,0,0,0,82,82,85,53.46,0,0,0,0,0,0,0,0,0,0,0,0,0,0,0,0,0,0,0,0,9,5.66,3,1.89,0,0,4,1,0.63,2.52,10,6.29,0,0,0,0,22,13.84,0,0,0,0,0,0,0,0,0,0,0,0,0,0,0,0,1,0.63,1,0.63,0,0,3,1.89,0,0,3,1.89,0,0,0,0,0,0,0,0,0,0,0,0,0,0,4,2.52,70,44.03,47,29.56,24,15.09,67,42.14,1,0.63,3,1.89,0,0,0,0,0,0,0,0,0,0,0,0,0,0,0,0,0,0,0,0,3,1.89,19,11.95,86,54.09,0,0,2,1.26,71,44.65,4,2.52,0,0,15,9.43,106,66.67,0,0,0,0,0,0,0,0,1,0.63,6,3.77,11,6.92,4,2.52,9,5.66,0,0,0,0,0,0,32,8
2cp4ltnuvyw2ftk6dlxl35ses,Sive Athenkosi Pama,S. Pama,Defender,South Africa Under 17,79bhaxz9h7jelnn2dtxgbqbns,2025-11-17T18:24:41Z,126,1.4,Center Backs,cb,"rb,cb",2,0,0,0,0,0,0,2,1.43,0,0,0,0,0,0,4,2.86,0,0,3,2.14,8,5.71,0,0,0,0,0,0,0,0,0,0,0,0,0,0,0,0,0,0,0,0,0,0,0,0,0,0,10,3,2.14,7.14,7,70,70,5,6,4.29,3,2.14,22,15.71,1,0.71,0,0,0,0,0,0,2,1.43,0,0,0,0,0,0,0,3,3,2.14,0,0,2.14,0,0,0,0,0,0,0,10,3,2.14,7.14,7,5,0,0,0,0,0,0,0,0,1,0.71,0,0,0,0,0,0,27,19.29,0,0,0,85,85,54,38.57,0,0,0,0,0,0,0,0,0,0,0,0,0,0,0,0,0,0,0,0,3,2.14,4,2.86,0,0,3,0,0,2.14,9,6.43,0,0,0,0,6,4.29,0,0,0,0,0,0,0,0,0,0,0,0,0,0,0,0,0,0,1,0.71,0,0,2,1.43,1,0.71,0,0,0,0,0,0,1,0.71,1,0.71,0,0,1,0.71,1,0.71,3,2.14,46,32.86,15,10.71,37,26.43,48,34.29,2,1.43,4,2.86,0,0,1,0.71,4,2.86,0,0,0,0,0,0,0,0,0,0,5,3.57,1,0.71,1,0.71,10,7.14,59,42.14,1,0.71,1,0.71,51,36.43,6,4.29,1,0.71,8,5.71,86,61.43,0,0,0,0,0,0,0,0,0,0,2,1.43,2,1.43,6,4.29,6,4.29,0,0,0,0,0,0,37,2
77my735u83lf8w3v5q0higxzo,Lwandiso Solethu Radebe,L. Radebe,Goalkeeper,South Africa Under 17,79bhaxz9h7jelnn2dtxgbqbns,2025-11-17T18:24:41Z,328,3.64,Goalkeepers,gk,gk,1,1,0,0,0.27,1,0.27,4,1.1,0,0,0,0,0,0,0,0,0,0,0,0,6,1.65,2,0.55,0,0,0,0,0,0,0,0,0,0,0,0,0,0,0,0,0,0,0,0,0,0,0,0,2,0,0,0.55,2,100,100,0.55,0,0,0,0,69,18.96,0,0,0,0,27,7.42,13,3.57,4,1.1,0,0,25,6.87,0,0,0,6,6,1.65,0,0,1.65,0,0,0,0,0,0,0,1,0,0,0.27,1,0.27,0,0,0,0,0,0,0,0,0,0,0,0,0,0,0,0,24,6.59,0,0,0,55,55,56,15.38,0,0,0,0,0,0,0,0,1,0.27,0,0,0,0,0,0,0,1,0.27,0,1,0.27,8,2.2,1,0.27,0,0,0,0,32,8.79,0,0,0,0,13,3.57,27,16,4.4,10,2.75,7.42,0,0,0,0,5,1.37,0,0,0,0,0,0,0,0,0,0,4,1.1,0,0,1,0.27,0,0,0,0,0,0,0,0,0,0,1,0.27,0,0,13,3.57,31,8.52,6,1.65,47,12.91,40,10.99,0,0,0,0,0,0,0,0,0,0,0,0,0,0,0,0,10,2.75,0,0,6,1.65,0,0,2,0.55,56,15.38,106,29.12,0,0,0,0,53,14.56,0,0,0,0,53,14.56,159,43.68,0,0,0,0,0,0,0,0,15,4.12,49,13.46,30,8.24,23,6.32,4,1.1,0,0,0,0,0,0,38,1
7tnu7omrhqqjp0yagzw38bc44,Omphemetse Sekgoto,O. Sekgoto,Defender,South Africa Under 17,79bhaxz9h7jelnn2dtxgbqbns,2025-11-17T18:24:41Z,360,4,Full Backs,rb,"rm,rb",2,8,6,1.5,2,2,0.5,4,1,0,0,0,0,0,0,25,6.25,0,0,3,0.75,39,9.75,0,0,4,1,0,0,0,0,0,0,0,0,0,0,0,0,0,0,0,0,1,0.25,46,46,0,0,42,22,5.5,10.5,20,48,48,5,52,13,8,2,47,11.75,2,0.5,0,0,0,0,0,0,4,1,0,0,0,0,0,0,0,8,8,2,0,0,2,0,0,0,0,0,0,0,34,16,4,8.5,18,4.5,0,0,0,0,0,0,0,0,3,0.75,4,1,1,0.25,0,0,49,12.25,0,0,0,79,79,119,29.75,0,0,0,0,0,0,0,0,0,0,0,0,0,0,0,0,0,1,0.25,0,25,6.25,11,2.75,0,0,6,2,0.5,1.5,17,4.25,0,0,0,0,1,0.25,0,0,0,0,0,0,0,0,0,0,0,0,0,0,0,0,1,0.25,0,0,0,0,4,1,0,0,0,0,0,0,0,0,1,0.25,1,0.25,6,1.5,0,0,0,0,2,0.5,94,23.5,50,12.5,47,11.75,94,23.5,7,1.75,0,0,0,0,8,2,24,6,8,2,0,0,0,0,0,0,0,0,10,2.5,3,0.75,5,1.25,56,14,122,30.5,0,0,1,0.25,96,24,7,1.75,2,0.5,26,6.5,224,56,0,0,4,1,4,1,7,1.75,3,0.75,6,1.5,25,6.25,5,1.25,20,5,0,0,0,0,1,0.25,39,13
a5j75uppr57xp5bgem57egic,Selwyn Jordan Stevens,S. Stevens,Forward,South Africa Under 17,79bhaxz9h7jelnn2dtxgbqbns,2025-11-17T18:24:41Z,209,2.32,Wingers,rm,"am,rm,cm",3,6,6,2.59,2.59,0,0,4,1.72,0,0,0,0,0,0,22,9.48,4,1.72,1,0.43,34,14.66,0,0,4,1.72,0,0,0,0,0,0,2,0.86,2,0.86,0,0,0,0,0,0,1,0.43,70,70,0,0,27,15,6.47,11.64,12,44,44,5.17,42,18.1,4,1.72,18,7.76,2,0.86,0,0,0,0,0,0,4,1.72,0,0,0,0,0,0,0,3,3,1.29,0,0,1.29,0,0,0,0,0,0,0,21,9,3.88,9.05,12,5.17,0,0,0,0,0,0,0,0,1,0.43,4,1.72,0,0,0,0,38,16.38,0,0,0,75,75,84,36.21,0,0,0,0,0,0,0,0,0,0,0,0,0,0,0,0,0,0,0,0,21,9.05,5,2.16,0,0,4,1,0.43,1.72,8,3.45,0,0,0,0,7,3.02,0,0,0,0,0,0,0,0,0,0,0,0,0,0,0,0,1,0.43,0,0,0,0,3,1.29,0,0,3,1.29,1,0.43,0,0,0,0,0,0,7,3.02,1,0.43,8,3.45,2,0.86,63,27.16,41,17.67,23,9.91,62,26.72,0,0,4,1.72,0,0,0,0,1,0.43,4,1.72,0,0,0,0,0,0,0,0,1,0.43,4,1.72,1,0.43,38,16.38,85,36.64,0,0,1,0.43,64,27.59,4,1.72,4,1.72,21,9.05,132,56.9,1,0.43,5,2.16,3,1.29,3,1.29,1,0.43,5,2.16,23,9.91,3,1.29,16,6.9,0,0,0,0,1,0.43,40,7
2w1r372e8s3b0o07e1a4m6bkk,Emile Amoreece Witbooi,E. Witbooi,Midfielder,South Africa Under 17,79bhaxz9h7jelnn2dtxgbqbns,2025-11-17T18:24:41Z,353,3.92,Wingers,lm,"lm,am,lw",3,1,1,0.26,0.26,0,0,4,1.02,0,0,0,0,1,0.26,24,6.12,1,0.26,0,0,59,15.05,0,0,7,1.79,0,0,0,0,50,50,10,2.55,4,1.02,0,0,0,0,0,0,3,0.77,50,50,0,0,36,18,4.59,9.18,18,50,50,4.59,100,25.51,1,0.26,29,7.4,0,0,0,0,0,0,0,0,4,1.02,0,0,0,0,0,0,2,8,8,2.04,0,0,2.04,2,0.51,2,0.51,0,0,0.51,35,17,4.34,8.93,18,4.59,0,0,1,0.26,1,0.26,1,0.26,0,0,7,1.79,0,0,1,0.26,6,1.53,176,2,0.51,70,70,91,23.21,0,0,1,0.26,0,0,0,0,0,0,0,0,0,0,0,0,0,1,0.26,0,35,8.93,7,1.79,0,0,7,1,0.26,1.79,7,1.79,0,0,0,0,37,9.44,0,0,0,0,0,0,0,0,0,0,0,0,0,0,0,0,1,0.26,3,0.77,2,2,4,1.02,0,0,2,0.51,0,0,4,1.02,4,1.02,0,0,10,2.55,0,0,3,0.77,1,0.26,64,16.33,54,13.78,19,4.85,68,17.35,0,0,1,0.26,1,0.26,0,0,5,1.28,13,3.32,2,0.51,1,0.26,0,0,2,0.51,0,0,1,0.26,7,1.79,70,17.86,96,24.49,0,0,4,1.02,69,17.6,1,0.26,12,3.06,27,6.89,177,45.15,4,1.02,9,2.3,1,0.26,10,2.55,0,0,7,1.79,35,8.93,1,0.26,20,5.1,0,0,0,0,1,0.26,42,10
2dnv6dtuvwawohdlza0jefv9w,Ahmed Saber F. S. Aboueita,Ahmed Saber,Goalkeeper,Qatar Under 17,ai1d6xuylosejwfce1nl88q93,2025-11-10T14:51:54Z,270,3,Goalkeepers,gk,gk,1,0,0,0,0,0,0,3,1,0,0,0,0,0,0,0,0,0,0,0,0,0,0,2,0.67,0,0,1,0.33,0,0,0,0,0,0,0,0,0,0,0,0,0,0,0,0,0,0,2,0.67,0,0,0,0,0,0,0,0,0,0,4,1.33,75,25,0,0,0,0,30,10,15,5,3,1,0,0,40,13.33,0,0,0,2,2,0.67,0,0,0.67,0,0,0,0,0,0,0,0,0,0,0,0,0,0,0,0,0,0,0,0,0,0,0,0,0,0,0,0,0,2,0.67,0,0,0,62,63,16,5.33,0,0,0,0,0,0,0,0,0,0,0,0,0,0,0,0,0,0,0,0,0,0,23,7.67,2,0.67,0,0,0,0,25,8.33,0,0,0,0,0,0,4,2,0.67,2,0.67,1.33,0,0,0,0,0,0,0,0,0,0,0,0,0,0,0,0,3,1,0,0,0,0,0,0,0,0,0,0,0,0,0,0,12,4,0,0,31,10.33,10,3.33,23,7.67,19,6.33,11,3.67,0,0,0,0,0,0,0,0,0,0,0,0,0,0,0,0,0,0,0,0,5,1.67,0,0,0,0,36,12,77,25.67,0,0,0,0,42,14,0,0,0,0,35,11.67,96,32,0,0,0,0,0,0,0,0,11,3.67,35,11.67,28,9.33,7,2.33,0,0,0,0,0,0,0,0,44,1
2ufdi09ftvynom5vrxnc45gd0,Mostafa Khalid M. Ahmed,Mostafa Ahmed,Defender,Qatar Under 17,ai1d6xuylosejwfce1nl88q93,2025-11-10T14:51:54Z,270,3,Center Backs,cb,cb,1,9,3,1,3,6,2,3,1,0,0,0,0,0,0,7,2.33,0,0,0,0,11,3.67,0,0,2,0.67,1,0.33,0,0,0,0,0,0,1,0.33,0,0,0,0,0,0,1,0.33,0,0,0,0,13,5,1.67,4.33,8,62,62,2.67,3,1,3,1,23,7.67,1,0.33,0,0,0,0,0,0,3,1,0,0,0,0,0,0,0,2,2,0.67,0,0,0.67,0,0,0,0,0,0,0,4,2,0.67,1.33,2,0.67,0,0,0,0,0,0,0,0,1,0.33,2,0.67,0,0,0,0,8,2.67,0,0,0,86,86,51,17,0,0,0,0,0,0,0,0,0,0,0,0,0,0,0,0,0,0,0,0,7,2.33,5,1.67,0,0,0,0,0,0,6,2,0,0,0,0,17,5.67,0,0,0,0,0,0,0,0,0,0,0,0,0,0,0,0,0,0,0,0,0,0,3,1,0,0,0,0,0,0,0,0,0,0,0,0,0,0,0,0,0,0,5,1.67,44,14.67,9,3,36,12,40,13.33,1,0.33,0,0,0,0,0,0,0,0,1,0.33,0,0,0,0,0,0,0,0,12,4,1,0.33,1,0.33,11,3.67,55,18.33,0,0,0,0,45,15,1,0.33,2,0.67,10,3.33,76,25.33,0,0,0,0,0,0,0,0,4,1.33,5,1.67,6,2,4,1.33,5,1.67,0,0,0,0,1,0.33,45,18
5hr3sm5ho7k95d5m3b1hcnbo,Sultan Majed Faraj Marzouq Al Abdulrahman,Sultan Majed,Defender,Qatar Under 17,ai1d6xuylosejwfce1nl88q93,2025-11-10T14:51:54Z,270,3,Full Backs,lwb,lwb,1,23,8,2.67,7.67,15,5,3,1,0,0,0,0,0,0,7,2.33,0,0,2,0.67,6,2,0,0,1,0.33,1,0.33,0,0,0,0,0,0,0,0,0,0,0,0,0,0,2,0.67,33,33,0,0,56,23,7.67,18.67,33,59,59,11,14,4.67,8,2.67,32,10.67,7,2.33,0,0,0,0,0,0,3,1,0,0,0,0,0,0,0,2,2,0.67,0,0,0.67,0,0,0,0,0,0,0,33,15,5,11,18,6,0,0,0,0,0,0,0,0,9,3,1,0.33,0,0,0,0,1,0.33,0,0,0,56,56,54,18,0,0,1,0.33,0,0,0,0,0,0,0,0,0,0,0,0,0,0,0,0,4,1.33,8,2.67,0,0,6,3,1,2,2,0.67,0,0,0,0,14,4.67,0,0,0,0,0,0,0,0,0,0,0,0,0,0,0,0,0,0,0,0,0,0,3,1,0,0,0,0,0,0,0,0,0,0,0,0,1,0.33,1,0.33,0,0,1,0.33,30,10,17,5.67,13,4.33,29,9.67,6,2,6,2,0,0,6,2,14,4.67,4,1.33,0,0,0,0,0,0,0,0,14,4.67,7,2.33,6,2,42,14,54,18,0,0,0,0,30,10,12,4,1,0.33,24,8,140,46.67,0,0,4,1.33,4,1.33,2,0.67,6,2,7,2.33,23,7.67,5,1.67,17,5.67,0,0,0,0,1,0.33,46,3
2kdme782dh5q8ants9k1ad4ic,Omar Abdulaziz Ibrahim Ahmed Al Marzouqi,Omar Al Marzouqi,Midfielder,Qatar Under 17,ai1d6xuylosejwfce1nl88q93,2025-11-10T14:51:54Z,270,3,Midfielders,cm,cm,1,3,3,1,1,0,0,3,1,0,0,0,0,0,0,4,1.33,0,0,0,0,19,6.33,0,0,3,1,1,0.33,0,0,0,0,0,0,0,0,0,0,0,0,0,0,0,0,50,50,0,0,20,11,3.67,6.67,9,45,45,3,10,3.33,4,1.33,31,10.33,0,0,0,0,0,0,0,0,3,1,0,0,0,0,0,0,0,2,2,0.67,0,0,0.67,0,0,0,0,0,0,0,17,8,2.67,5.67,9,3,1,0.33,0,0,0,0,0,0,8,2.67,3,1,0,0,0,0,5,1.67,0,0,0,61,61,49,16.33,0,0,0,0,0,0,0,0,0,0,0,0,0,0,0,0,0,0,0,0,11,3.67,1,0.33,0,0,5,2,0.67,1.67,13,4.33,0,0,0,0,9,3,0,0,0,0,0,0,0,0,0,0,0,0,0,0,0,0,1,0.33,2,0.67,0,0,3,1,0,0,0,0,0,0,0,0,0,0,0,0,4,1.33,1,0.33,0,0,3,1,30,10,14,4.67,16,5.33,27,9,0,0,3,1,2,0.67,0,0,0,0,4,1.33,1,0.33,0,0,0,0,0,0,2,0.67,2,0.67,2,0.67,25,8.33,49,16.33,0,0,3,1,30,10,3,1,1,0.33,19,6.33,89,29.67,0,0,0,0,0,0,4,1.33,3,1,6,2,13,4.33,6,2,13,4.33,0,0,0,0,0,0,48,14
72biorxdtoxnwmy3t8dfv9qs,Tameem Nasser Saeed Ali Al Qadi,Tameem Al Qadi,Forward,Qatar Under 17,ai1d6xuylosejwfce1nl88q93,2025-11-10T14:51:54Z,204,2.27,Wingers,lm,"rm,lm",2,1,1,0.44,0.44,0,0,3,1.32,0,0,0,0,0,0,10,4.41,0,0,0,0,18,7.93,0,0,4,1.76,0,0,0,0,0,0,3,1.32,0,0,0,0,0,0,0,0,2,0.88,75,75,0,0,19,9,3.96,8.37,10,53,53,4.41,32,14.1,3,1.32,8,3.52,0,0,0,0,0,0,0,0,3,1.32,0,0,0,0,0,0,0,1,1,0.44,0,0,0.44,0,0,0,0,0,0,0,18,8,3.52,7.93,10,4.41,0,0,0,0,0,0,0,0,1,0.44,4,1.76,0,0,0,0,5,2.2,0,0,0,70,70,30,13.22,0,0,0,0,0,0,0,0,0,0,0,0,0,0,0,0,0,0,0,0,14,6.17,2,0.88,0,0,5,2,0.88,2.2,6,2.64,0,0,0,0,9,3.96,0,0,0,0,0,0,0,0,0,0,0,0,0,0,0,0,2,0.88,2,0.88,0,0,2,0.88,0,0,2,0.88,1,0.44,2,0.88,3,1.32,1,0.44,6,2.64,0,0,2,0.88,1,0.44,21,9.25,15,6.61,11,4.85,22,9.69,3,1.32,1,0.44,0,0,0,0,0,0,4,1.76,2,0.88,0,0,0,0,0,0,2,0.88,3,1.32,0,0,24,10.57,32,14.1,0,0,4,1.76,23,10.13,4,1.76,5,2.2,9,3.96,71,31.28,1,0.44,5,2.2,4,1.76,2,0.88,1,0.44,2,0.88,13,5.73,1,0.44,7,3.08,0,0,0,0,0,0,49,11
bdd2jqk7jf438zdtz3yu8rllg,Saif Al-Din Ahmed Hassanein,Saif Al-Din Ahmed,Defender,Qatar Under 17,ai1d6xuylosejwfce1nl88q93,2025-11-10T14:51:54Z,270,3,Full Backs,rwb,rwb,1,2,0,0,0.67,2,0.67,3,1,0,0,0,0,0,0,8,2.67,0,0,0,0,19,6.33,0,0,0,0,1,0.33,0,0,0,0,0,0,1,0.33,0,0,0,0,0,0,1,0.33,100,100,0,0,21,6,2,7,15,71,71,5,10,3.33,2,0.67,22,7.33,2,0.67,0,0,0,0,0,0,3,1,0,0,0,0,0,0,0,2,2,0.67,0,0,0.67,0,0,0,0,0,0,0,19,6,2,6.33,13,4.33,0,0,0,0,0,0,0,0,1,0.33,0,0,0,0,0,0,14,4.67,0,0,0,64,64,45,15,0,0,0,0,0,0,0,0,0,0,0,0,0,0,0,0,0,0,0,0,13,4.33,4,1.33,0,0,6,1,0.33,2,16,5.33,0,0,0,0,1,0.33,0,0,0,0,0,0,0,0,0,0,0,0,0,0,0,0,0,0,0,0,0,0,3,1,0,0,0,0,0,0,0,0,0,0,0,0,2,0.67,1,0.33,0,0,1,0.33,29,9.67,8,2.67,21,7,28,9.33,3,1,5,1.67,0,0,1,0.33,19,6.33,1,0.33,0,0,0,0,0,0,0,0,7,2.33,4,1.33,3,1,20,6.67,45,15,0,0,0,0,29,9.67,8,2.67,2,0.67,16,5.33,93,31,0,0,1,0.33,1,0.33,0,0,4,1.33,5,1.67,10,3.33,7,2.33,11,3.67,0,0,0,0,1,0.33,50,2
1531qj9wlm12xr0wyyja8ueqc,Muhannad Jameel Sharif Babli,Muhannad Jameel,Forward,Qatar Under 17,ai1d6xuylosejwfce1nl88q93,2025-11-10T14:51:54Z,102,1.13,Wingers,lm,"lm,cm",2,5,4,3.54,4.42,1,0.88,3,2.65,0,0,0,0,0,0,3,2.65,0,0,0,0,1,0.88,0,0,1,0.88,0,0,0,0,0,0,0,0,0,0,0,0,0,0,0,0,1,0.88,0,0,0,0,15,9,7.96,13.27,6,40,40,5.31,10,8.85,3,2.65,5,4.42,1,0.88,0,0,0,0,0,0,3,2.65,0,0,0,0,0,0,0,2,2,1.77,0,0,1.77,0,0,0,0,0,0,0,10,5,4.42,8.85,5,4.42,0,0,0,0,0,0,0,0,0,0,1,0.88,0,0,0,0,1,0.88,0,0,0,83,83,12,10.62,0,0,0,0,0,0,0,0,0,0,0,0,0,0,0,0,0,0,0,0,1,0.88,1,0.88,0,0,2,1,0.88,1.77,2,1.77,0,0,0,0,3,2.65,0,0,0,0,0,0,0,0,0,0,0,0,0,0,0,0,1,0.88,0,0,0,0,2,1.77,0,0,2,1.77,1,0.88,0,0,0,0,0,0,0,0,0,0,1,0.88,1,0.88,10,8.85,8,7.08,2,1.77,9,7.96,1,0.88,3,2.65,1,0.88,0,0,0,0,1,0.88,1,0.88,0,0,0,0,0,0,1,0.88,1,0.88,1,0.88,8,7.08,12,10.62,0,0,1,0.88,10,8.85,4,3.54,1,0.88,2,1.77,28,24.78,0,0,2,1.77,2,1.77,0,0,0,0,0,0,4,3.54,0,0,2,1.77,0,0,0,0,0,0,51,10
dwpoyem5menoqppo016hh0sno,Adam Riyad Fraikh,Adam Fraikh,Midfielder,Qatar Under 17,ai1d6xuylosejwfce1nl88q93,2025-11-10T14:51:54Z,269,2.99,Center Backs,cb,"cb,cm",2,4,1,0.33,1.34,3,1,3,1,0,0,0,0,0,0,3,1,1,0.33,1,0.33,17,5.69,0,0,4,1.34,1,0.33,0,0,0,0,5,1.67,4,1.34,0,0,0,0,0,0,0,0,50,50,0,0,17,7,2.34,5.69,10,59,59,3.34,23,7.69,5,1.67,45,15.05,0,0,0,0,0,0,0,0,3,1,0,0,0,0,0,0,0,2,2,0.67,0,0,0.67,0,0,0,0,0,0,0,13,6,2.01,4.35,7,2.34,0,0,0,0,0,0,0,0,1,0.33,4,1.34,0,0,0,0,28,9.36,0,0,0,67,67,75,25.08,0,0,0,0,0,0,0,0,0,0,0,0,0,0,0,0,0,0,0,0,9,3.01,7,2.34,0,0,4,3,1,1.34,5,1.67,0,0,0,0,12,4.01,0,0,0,0,0,0,0,0,0,0,0,0,0,0,0,0,0,0,0,0,0,0,3,1,0,0,1,0.33,0,0,1,0.33,2,0.67,1,0.33,1,0.33,6,2.01,0,0,16,5.35,50,16.72,20,6.69,41,13.71,43,14.38,2,0.67,2,0.67,1,0.33,6,2.01,4,1.34,1,0.33,2,0.67,0,0,0,0,0,0,13,4.35,1,0.33,4,1.34,49,16.39,88,29.43,0,0,0,0,59,19.73,4,1.34,3,1,29,9.7,144,48.16,4,1.34,7,2.34,1,0.33,1,0.33,14,4.68,21,7.02,25,8.36,11,3.68,8,2.68,0,0,0,0,0,0,53,6
8z8dj1yidy5bnek1syz62ffh0,Zaid Faisal Ktit,Zaid Faisal,Forward,Qatar Under 17,ai1d6xuylosejwfce1nl88q93,2025-11-10T14:51:54Z,190,2.11,Strikers,st,st,1,13,6,2.84,6.16,7,3.32,3,1.42,1,0.47,1,0.47,0,0,4,1.9,0,0,0,0,14,6.64,0,0,3,1.42,0,0,0,0,0,0,0,0,1,0.47,0,0,0,0,0,0,1,0.47,33,33,0,0,33,19,9,15.64,14,42,42,6.64,29,13.74,5,2.37,14,6.64,2,0.95,0,0,0,0,0,0,3,1.42,1,0.47,0,0,0,0,0,2,2,0.95,0,0,0.95,0,0,0,0,0,0,0,20,13,6.16,9.48,7,3.32,1,0.47,0,0,1,0.47,0,0,2,0.95,2,0.95,0,0,0,0,6,2.84,0,2,0.95,57,57,37,17.54,0,0,0,0,0,0,0,0,0,0,0,0,0,0,0,0,0,0,0,0,5,2.37,2,0.95,0,0,0,0,0,0,8,3.79,0,0,0,0,13,6.16,0,0,0,0,0,0,0,0,0,0,0,0,0,0,0,0,4,1.9,3,1.42,0,0,3,1.42,0,0,3,1.42,0,0,0,0,0,0,0,0,2,0.95,0,0,1,0.47,4,1.9,21,9.95,14,6.64,7,3.32,17,8.06,0,0,1,0.47,0,0,0,0,0,0,5,2.37,1,0.47,5,2.37,0,0,0,0,4,1.9,7,3.32,4,1.9,26,12.32,37,17.54,0,0,7,3.32,21,9.95,1,0.47,5,2.37,16,7.58,70,33.18,0,0,0,0,0,0,4,1.9,0,0,1,0.47,14,6.64,2,0.95,15,7.11,0,0,0,0,0,0,56,9
4jpl69vuzyi4toim9in023mdw,Karam Hadi Musbaheddin Malak,Karam Hadi,Defender,Qatar Under 17,ai1d6xuylosejwfce1nl88q93,2025-11-10T14:51:54Z,270,3,Center Backs,cb,cb,1,12,5,1.67,4,7,2.33,3,1,0,0,0,0,0,0,2,0.67,1,0.33,2,0.67,5,1.67,0,0,0,0,1,0.33,0,0,0,0,0,0,0,0,0,0,0,0,0,0,0,0,0,0,0,0,17,5,1.67,5.67,12,71,71,4,9,3,1,0.33,27,9,0,0,0,0,0,0,0,0,3,1,0,0,0,0,0,0,0,2,2,0.67,0,0,0.67,0,0,0,0,0,0,0,5,0,0,1.67,5,1.67,0,0,0,0,0,0,0,0,3,1,0,0,0,0,0,0,12,4,0,2,0.67,60,60,42,14,0,0,0,0,0,0,0,0,0,0,0,0,0,0,0,0,0,0,0,0,1,0.33,2,0.67,0,0,2,2,0.67,0.67,3,1,0,0,0,0,3,1,0,0,0,0,0,0,0,0,0,0,0,0,0,0,0,0,1,0.33,0,0,0,0,3,1,0,0,0,0,0,0,0,0,0,0,0,0,0,0,3,1,0,0,3,1,25,8.33,7,2.33,19,6.33,23,7.67,0,0,4,1.33,0,0,0,0,0,0,0,0,0,0,1,0.33,0,0,0,0,15,5,0,0,1,0.33,19,6.33,44,14.67,0,0,1,0.33,26,8.67,4,1.33,7,2.33,18,6,80,26.67,0,0,0,0,0,0,0,0,3,1,4,1.33,12,4,6,2,14,4.67,0,0,0,0,0,0,57,5
4x93gf6dbxtn2evny9wxn47o,Yazan Hani Ismail Abdelazim Mohamed,Yazan Mohamed,Forward,Qatar Under 17,ai1d6xuylosejwfce1nl88q93,2025-11-10T14:51:54Z,196,2.18,Strikers,st,"st,rm",2,2,2,0.92,0.92,0,0,3,1.38,0,0,0,0,0,0,9,4.13,1,0.46,2,0.92,26,11.93,0,0,0,0,1,0.46,0,0,14,14,2,0.92,3,1.38,0,0,0,0,0,0,1,0.46,46,46,0,0,30,16,7.34,13.76,14,47,47,6.42,27,12.39,1,0.46,8,3.67,2,0.92,0,0,0,0,0,0,3,1.38,0,0,0,0,0,0,1,1,1,0.46,0,0,0.46,1,0.46,1,0.46,0,0,0.46,28,14,6.42,12.84,14,6.42,1,0.46,0,0,1,0.46,1,0.46,0,0,0,0,0,0,1,0.46,5,2.29,196,1,0.46,64,64,22,10.09,0,0,1,0.46,0,0,0,0,0,0,0,0,0,0,0,0,0,0,0,0,17,7.8,2,0.92,0,0,8,5,2.29,3.67,10,4.59,0,0,0,0,4,1.83,0,0,0,0,0,0,0,0,0,0,0,0,0,0,0,0,3,1.38,4,1.83,7,7,2,0.92,0,0,1,0.46,1,0.46,0,0,0,0,0,0,6,2.75,0,0,1,0.46,0,0,14,6.42,5,2.29,13,5.96,18,8.26,1,0.46,1,0.46,0,0,0,0,0,0,8,3.67,0,0,1,0.46,0,0,1,0.46,0,0,6,2.75,6,2.75,29,13.3,26,11.93,0,0,7,3.21,18,8.26,2,0.92,5,2.29,8,3.67,81,37.16,1,0.46,4,1.83,3,1.38,7,3.21,1,0.46,3,1.38,8,3.67,4,1.83,5,2.29,0,0,0,0,0,0,59,17
lj13ul0jwqf565jjvh9ll1xw,Mohammed Akram M. Nasr,Mohammed Akram,Midfielder,Qatar Under 17,ai1d6xuylosejwfce1nl88q93,2025-11-10T14:51:54Z,142,1.58,Midfielders,cm,cm,1,1,1,0.63,0.63,0,0,2,1.27,0,0,0,0,0,0,11,6.96,1,0.63,3,1.9,5,3.16,0,0,1,0.63,0,0,0,0,0,0,0,0,0,0,0,0,0,0,0,0,1,0.63,100,100,0,0,17,9,5.7,10.76,8,47,47,5.06,4,2.53,4,2.53,15,9.49,2,1.27,0,0,0,0,0,0,2,1.27,0,0,0,0,0,0,0,2,2,1.27,0,0,1.27,0,0,0,0,0,0,0,16,8,5.06,10.13,8,5.06,0,0,0,0,0,0,0,0,2,1.27,1,0.63,0,0,0,0,8,5.06,0,0,0,72,72,46,29.11,0,0,0,0,0,0,0,0,0,0,0,0,0,0,0,0,0,0,0,0,1,0.63,2,1.27,0,0,4,2,1.27,2.53,6,3.8,0,0,0,0,12,7.59,0,0,0,0,0,0,0,0,0,0,0,0,0,0,0,0,0,0,0,0,0,0,2,1.27,0,0,2,1.27,0,0,0,0,0,0,0,0,2,1.27,1,0.63,0,0,5,3.16,33,20.89,5,3.16,28,17.72,28,17.72,3,1.9,3,1.9,0,0,0,0,0,0,1,0.63,0,0,0,0,0,0,0,0,1,0.63,3,1.9,0,0,19,12.03,46,29.11,0,0,0,0,33,20.89,6,3.8,1,0.63,13,8.23,70,44.3,0,0,0,0,0,0,0,0,1,0.63,3,1.9,6,3.8,7,4.43,10,6.33,1,0.63,0,0,2,1.27,60,15
cz8osrd6ngx17r0nah8zb3rpw,Alshaikh Joeghari Mohamed Ndaw,Shaik Ndaw,Defender,Qatar Under 17,ai1d6xuylosejwfce1nl88q93,2025-11-10T14:51:54Z,112,1.24,Center Backs,cb,cb,1,5,3,2.42,4.03,2,1.61,3,2.42,0,0,0,0,0,0,2,1.61,0,0,0,0,1,0.81,0,0,0,0,0,0,0,0,0,0,0,0,0,0,0,0,0,0,0,0,0,0,0,0,0,0,7,5,4.03,5.65,2,29,29,1.61,0,0,1,0.81,7,5.65,0,0,0,0,0,0,0,0,3,2.42,0,0,0,0,0,0,0,0,0,0,0,0,0,0,0,0,0,0,0,0,2,2,1.61,1.61,0,0,0,0,0,0,0,0,0,0,1,0.81,0,0,0,0,0,0,3,2.42,0,2,1.61,67,67,15,12.1,0,0,0,0,0,0,0,0,0,0,0,0,0,0,0,0,0,0,0,0,0,0,1,0.81,0,0,1,1,0.81,0.81,1,0.81,0,0,0,0,3,2.42,0,0,0,0,0,0,0,0,0,0,0,0,0,0,0,0,0,0,0,0,0,0,1,0.81,0,0,1,0.81,2,1.61,0,0,0,0,0,0,0,0,0,0,0,0,0,0,10,8.06,1,0.81,9,7.26,10,8.06,0,0,0,0,0,0,0,0,0,0,0,0,0,0,0,0,0,0,0,0,3,2.42,1,0.81,0,0,5,4.03,15,12.1,0,0,0,0,10,8.06,0,0,0,0,5,4.03,20,16.13,0,0,0,0,0,0,0,0,1,0.81,1,0.81,3,2.42,2,1.61,4,3.23,0,0,0,0,1,0.81,61,4
7c5n3enfa88hfca6bwnqzvuac,Alejandro Camacho Reque,A. Camacho,Forward,Bolivia Under 17,cinkb44pwex91hwegvqcj9m2e,2025-11-10T14:51:54Z,177,1.97,Wingers,rm,"rm,lm",2,2,0,0,1.02,2,1.02,3,1.52,0,0,0,0,0,0,2,1.02,1,0.51,0,0,6,3.05,0,0,3,1.52,0,0,0,0,0,0,0,0,1,0.51,0,0,0,0,0,0,4,2.03,50,50,0,0,19,9,4.57,9.64,10,53,53,5.08,31,15.74,5,2.54,5,2.54,1,0.51,1,0.51,0,0,0,0,3,1.52,0,0,0,0,0,0,0,4,4,2.03,0,0,2.03,0,0,0,0,0,0,0,17,9,4.57,8.63,8,4.06,0,0,0,0,0,0,0,0,1,0.51,3,1.52,0,0,0,0,3,1.52,0,0,0,72,72,18,9.14,0,0,0,0,0,0,0,0,0,0,0,0,0,0,0,0,0,0,0,0,0,0,4,2.03,0,0,3,1,0.51,1.52,5,2.54,0,0,0,0,8,4.06,0,0,0,0,0,0,0,0,0,0,0,0,0,0,0,0,2,1.02,2,1.02,0,0,2,1.02,0,0,2,1.02,1,0.51,0,0,0,0,0,0,2,1.02,0,0,0,0,2,1.02,13,6.6,12,6.09,1,0.51,11,5.58,0,0,3,1.52,0,0,0,0,0,0,6,3.05,0,0,0,0,0,0,0,0,3,1.52,3,1.52,3,1.52,19,9.64,18,9.14,0,0,4,2.03,13,6.6,3,1.52,9,4.57,5,2.54,59,29.95,0,0,1,0.51,1,0.51,2,1.02,0,0,0,0,6,3.05,0,0,5,2.54,0,0,0,0,0,0,65,7
4qd1u2sfhzeaa4co967e229ec,Bladimir Escalante Karageorge,B. Escalante,Midfielder,Bolivia Under 17,cinkb44pwex91hwegvqcj9m2e,2025-11-10T14:51:54Z,133,1.48,Midfielders,dm,dm,1,3,1,0.68,2.03,2,1.35,3,2.03,0,0,0,0,0,0,5,3.38,0,0,0,0,5,3.38,0,0,1,0.68,0,0,0,0,0,0,0,0,0,0,0,0,0,0,0,0,3,2.03,0,0,0,0,14,8,5.41,9.46,6,43,43,4.05,19,12.84,3,2.03,11,7.43,1,0.68,0,0,0,0,0,0,3,2.03,0,0,0,0,0,0,0,6,5,3.38,1,0.68,4.05,0,0,0,0,0,0,0,11,7,4.73,7.43,4,2.7,1,0.68,0,0,0,0,0,0,0,0,1,0.68,0,0,0,0,12,8.11,0,0,0,74,74,38,25.68,0,0,0,0,0,0,0,0,0,0,0,0,0,0,0,0,0,0,0,0,0,0,4,2.7,0,0,0,0,0,0,4,2.7,0,0,0,0,10,6.76,0,0,0,0,0,0,0,0,0,0,0,0,0,0,0,0,0,0,0,0,0,0,1,0.68,0,0,1,0.68,2,1.35,0,0,0,0,0,0,0,0,0,0,0,0,2,1.35,28,18.92,17,11.49,11,7.43,26,17.57,3,2.03,1,0.68,0,0,0,0,1,0.68,3,2.03,0,0,0,0,0,0,0,0,0,0,4,2.7,0,0,21,14.19,38,25.68,0,0,0,0,28,18.92,4,2.7,2,1.35,10,6.76,57,38.51,0,0,0,0,0,0,0,0,1,0.68,2,1.35,4,2.7,6,4.05,8,5.41,0,0,0,0,0,0,67,16
9ekkkshbd070ruc1bcz5rlmvo,Matias Gadiel Espínoza Terrazas,M. Espínoza,Defender,Bolivia Under 17,cinkb44pwex91hwegvqcj9m2e,2025-11-10T14:51:54Z,270,3,Center Backs,cb,cb,1,6,1,0.33,2,5,1.67,3,1,0,0,1,0.33,0,0,4,1.33,0,0,1,0.33,43,14.33,0,0,3,1,1,0.33,0,0,0,0,0,0,0,0,0,0,0,0,0,0,0,0,80,80,0,0,17,6,2,5.67,11,65,65,3.67,7,2.33,17,5.67,76,25.33,0,0,0,0,0,0,0,0,3,1,0,0,0,0,0,0,0,7,6,2,1,0.33,2.33,0,0,0,0,0,0,0,11,5,1.67,3.67,6,2,0,0,0,0,0,0,0,0,3,1,3,1,1,0.33,0,0,19,6.33,0,0,0,81,81,132,44,0,0,0,0,0,0,0,0,0,0,0,0,0,0,0,0,0,0,0,0,24,8,18,6,0,0,3,1,0.33,1,14,4.67,0,0,0,0,41,13.67,0,0,0,0,0,0,0,0,0,0,0,0,0,0,0,0,2,0.67,0,0,0,0,3,1,0,0,0,0,0,0,0,0,0,0,0,0,4,1.33,5,1.67,0,0,17,5.67,107,35.67,51,17,61,20.33,95,31.67,1,0.33,1,0.33,0,0,0,0,1,0.33,1,0.33,0,0,0,0,0,0,0,0,19,6.33,1,0.33,0,0,35,11.67,140,46.67,0,0,2,0.67,112,37.33,2,0.67,3,1,28,9.33,188,62.67,0,0,0,0,0,0,1,0.33,10,3.33,20,6.67,24,8,4,1.33,8,2.67,0,0,0,0,0,0,68,5
7zeijqufs8y0uvva68yigxses,Kenyhiro Estrada Prudencio,K. Estrada,Defender,Bolivia Under 17,cinkb44pwex91hwegvqcj9m2e,2025-11-10T14:51:54Z,123,1.37,Full Backs,rb,rb,1,5,2,1.46,3.65,3,2.19,3,2.19,0,0,0,0,0,0,3,2.19,0,0,0,0,9,6.57,0,0,3,2.19,0,0,0,0,0,0,0,0,0,0,0,0,0,0,0,0,0,0,0,0,0,0,13,7,5.11,9.49,6,46,46,4.38,15,10.95,3,2.19,15,10.95,0,0,0,0,0,0,0,0,3,2.19,0,0,0,0,0,0,0,4,3,2.19,1,0.73,2.92,0,0,0,0,0,0,0,8,5,3.65,5.84,3,2.19,0,0,0,0,0,0,0,0,3,2.19,3,2.19,0,0,0,0,13,9.49,0,0,0,63,63,35,25.55,0,0,0,0,0,0,0,0,0,0,0,0,0,0,0,0,0,0,0,0,5,3.65,6,4.38,0,0,1,0,0,0.73,6,4.38,0,0,0,0,4,2.92,0,0,0,0,0,0,0,0,0,0,0,0,0,0,0,0,0,0,0,0,0,0,2,1.46,0,0,2,1.46,1,0.73,0,0,1,0.73,1,0.73,0,0,0,0,0,0,0,0,22,16.06,14,10.22,9,6.57,22,16.06,1,0.73,2,1.46,0,0,4,2.92,13,9.49,1,0.73,0,0,0,0,0,0,0,0,8,5.84,1,0.73,0,0,22,16.06,35,25.55,0,0,0,0,22,16.06,3,2.19,2,1.46,13,9.49,75,54.74,0,0,0,0,0,0,1,0.73,3,2.19,5,3.65,8,5.84,5,3.65,8,5.84,0,0,0,0,1,0.73,69,2
b1a717kq0i7x6k63jfaadkt90,Santos García Cuéllar,S. García,Forward,Bolivia Under 17,cinkb44pwex91hwegvqcj9m2e,2025-11-10T14:51:54Z,270,3,Wingers,rm,"st,lm,rm",3,10,8,2.67,3.33,2,0.67,3,1,0,0,0,0,0,0,21,7,1,0.33,0,0,38,12.67,0,0,2,0.67,1,0.33,0,0,0,0,0,0,2,0.67,0,0,0,0,0,0,11,3.67,40,40,0,0,55,32,10.67,18.33,23,42,42,7.67,56,18.67,4,1.33,14,4.67,1,0.33,1,0.33,1,0.33,0,0,3,1,0,0,1,0.33,0,0,0,7,6,2,1,0.33,2.33,0,0,0,0,0,0,0,45,24,8,15,21,7,1,0.33,0,0,0,0,0,0,7,2.33,2,0.67,0,0,0,0,13,4.33,0,0,0,86,86,59,19.67,0,0,1,0.33,0,0,0,0,0,0,0,0,0,0,0,0,0,0,0,0,18,6,0,0,0,0,6,3,1,2,13,4.33,0,0,0,0,17,5.67,0,0,0,0,0,0,0,0,0,0,0,0,0,0,0,0,0,0,2,0.67,0,0,3,1,0,0,0,0,0,0,0,0,0,0,0,0,6,2,0,0,3,1,2,0.67,51,17,29,9.67,28,9.33,55,18.33,2,0.67,2,0.67,0,0,1,0.33,0,0,20,6.67,0,0,0,0,0,0,0,0,2,0.67,3,1,11,3.67,42,14,65,21.67,0,0,2,0.67,57,19,4,1.33,7,2.33,8,2.67,147,49,0,0,2,0.67,2,0.67,9,3,1,0.33,1,0.33,7,2.33,3,1,7,2.33,0,0,0,0,0,0,70,11
f2gufbf95vnsojp4bvk1xwu8k,Gerónimo Govea Herrera,G. Govea,Goalkeeper,Bolivia Under 17,cinkb44pwex91hwegvqcj9m2e,2025-11-10T14:51:54Z,270,3,Goalkeepers,gk,gk,1,0,0,0,0,0,0,3,1,0,0,0,0,0,0,0,0,0,0,0,0,5,1.67,2,0.67,0,0,1,0.33,0,0,0,0,0,0,0,0,0,0,0,0,0,0,0,0,0,0,0,0,1,1,0.33,0.33,0,0,0,0,0,0,0,0,26,8.67,0,0,0,0,33,11,4,1.33,3,1,0,0,17,5.67,1,0.33,0,7,6,2,1,0.33,2.33,0,0,0,0,0,0,0,1,1,0.33,0.33,0,0,0,0,0,0,0,0,0,0,0,0,0,0,0,0,0,0,16,5.33,0,0,0,62,62,29,9.67,0,0,0,0,0,0,0,0,1,0.33,0,0,1,0.33,0,0,0,0,0,0,1,0.33,3,1,0,0,0,0,0,0,28,9.33,0,0,0,0,11,3.67,16,14,4.67,2,0.67,5.33,1,0.33,2,0.67,6,2,0,0,0,0,0,0,0,0,0,0,3,1,0,0,0,0,0,0,0,0,0,0,0,0,0,0,0,0,0,0,3,1,18,6,2,0.67,32,10.67,31,10.33,0,0,0,0,0,0,0,0,0,0,0,0,0,0,0,0,5,1.67,0,0,2,0.67,0,0,0,0,19,6.33,53,17.67,0,0,0,0,34,11.33,0,0,0,0,19,6.33,94,31.33,0,0,0,0,0,0,0,0,11,3.67,19,6.33,11,3.67,8,2.67,0,0,0,0,0,0,0,0,71,1
3wm129ph9qgqvpqnv6cfmz85w,Julio Alberth Lazarte Laura,J. Lazarte,Defender,Bolivia Under 17,cinkb44pwex91hwegvqcj9m2e,2025-11-10T14:51:54Z,260,2.89,Full Backs,lb,lb,1,6,2,0.69,2.08,4,1.38,3,1.04,0,0,0,0,0,0,10,3.46,1,0.35,1,0.35,19,6.57,0,0,2,0.69,1,0.35,0,0,0,0,0,0,0,0,0,0,0,0,0,0,1,0.35,33,33,0,0,25,13,4.5,8.65,12,48,48,4.15,38,13.15,13,4.5,46,15.92,2,0.69,0,0,0,0,0,0,3,1.04,0,0,0,0,0,0,0,6,5,1.73,1,0.35,2.08,0,0,0,0,0,0,0,19,11,3.81,6.57,8,2.77,0,0,0,0,0,0,0,0,1,0.35,2,0.69,0,0,0,0,3,1.04,0,0,0,77,77,82,28.37,0,0,1,0.35,0,0,0,0,0,0,0,0,0,0,0,0,0,0,0,0,15,5.19,14,4.84,0,0,8,3,1.04,2.77,6,2.08,0,0,0,0,24,8.3,0,0,0,0,0,0,0,0,0,0,0,0,0,0,0,0,0,0,0,0,0,0,3,1.04,0,0,1,0.35,0,0,0,0,2,0.69,2,0.69,1,0.35,4,1.38,0,0,6,2.08,63,21.8,37,12.8,29,10.03,58,20.07,3,1.04,2,0.69,0,0,2,0.69,21,7.27,3,1.04,0,0,0,0,0,0,0,0,9,3.11,3,1.04,2,0.69,38,13.15,83,28.72,0,0,0,0,64,22.15,5,1.73,2,0.69,19,6.57,156,53.98,0,0,8,2.77,8,2.77,2,0.69,4,1.38,8,2.77,21,7.27,6,2.08,11,3.81,0,0,0,0,0,0,72,4
6xx2t8juh7tlagl1zas9vh82c,Jesús Maximiliano Maraude Cano,J. Maraude,Midfielder,Bolivia Under 17,cinkb44pwex91hwegvqcj9m2e,2025-11-10T14:51:54Z,270,3,Midfielders,am,am,1,5,3,1,1.67,2,0.67,3,1,0,0,2,0.67,1,0.33,10,3.33,4,1.33,0,0,49,16.33,0,0,4,1.33,1,0.33,0,0,20,20,5,1.67,2,0.67,0,0,0,0,0,0,10,3.33,47,47,0,0,50,28,9.33,16.67,22,44,44,7.33,71,23.67,12,4,35,11.67,3,1,0,0,0,0,0,0,3,1,0,0,0,0,0,0,1,7,6,2,1,0.33,2.33,0,0,1,0.33,0,0,0.33,45,25,8.33,15,20,6.67,0,0,0,0,0,0,0,0,2,0.67,4,1.33,0,0,0,0,14,4.67,270,0,0,74,74,87,29,0,0,0,0,0,0,0,0,0,0,0,0,0,0,2,0.67,1,0,0,0.33,20,6.67,10,3.33,0,0,5,4,1.33,1.67,18,6,0,0,1,0.33,34,11.33,0,0,0,0,0,0,0,0,0,0,0,0,0,0,0,0,2,0.67,3,1,5,5,3,1,0,0,0,0,0,0,4,1.33,6,2,2,0.67,7,2.33,0,0,1,0.33,10,3.33,64,21.33,53,17.67,21,7,58,19.33,2,0.67,1,0.33,0,0,1,0.33,1,0.33,18,6,0,0,1,0.33,0,0,1,0.33,0,0,5,1.67,10,3.33,65,21.67,93,31,0,0,5,1.67,68,22.67,3,1,12,4,25,8.33,187,62.33,1,0.33,11,3.67,7,2.33,8,2.67,0,0,2,0.67,30,10,6,2,23,7.67,0,0,0,0,0,0,73,10
263okjtvarhqt6nz876dm232s,Fernando Mena Tellez,F. Mena,Defender,Bolivia Under 17,cinkb44pwex91hwegvqcj9m2e,2025-11-10T14:51:54Z,269,2.99,Center Backs,cb,cb,1,4,2,0.67,1.34,2,0.67,3,1,0,0,0,0,0,0,6,2.01,3,1,4,1.34,46,15.38,0,0,0,0,0,0,0,0,0,0,0,0,0,0,0,0,0,0,0,0,0,0,0,0,0,0,15,8,2.68,5.02,7,47,47,2.34,8,2.68,7,2.34,38,12.71,1,0.33,0,0,0,0,0,0,3,1,0,0,0,0,0,0,0,7,6,2.01,1,0.33,2.34,0,0,0,0,0,0,0,11,6,2.01,3.68,5,1.67,0,0,0,0,0,0,0,0,8,2.68,0,0,0,0,0,0,66,22.07,0,0,0,82,82,110,36.79,0,0,0,0,0,0,1,0.33,0,0,0,0,0,0,0,0,0,0,0,0,26,8.7,5,1.67,0,0,3,2,0.67,1,12,4.01,0,0,0,0,13,4.35,0,0,0,0,0,0,0,0,0,0,0,0,0,0,0,0,1,0.33,1,0.33,0,0,3,1,0,0,1,0.33,0,0,0,0,0,0,0,0,0,0,2,0.67,0,0,17,5.69,90,30.1,30,10.03,70,23.41,83,27.76,2,0.67,0,0,0,0,0,0,0,0,0,0,0,0,0,0,0,0,0,0,10,3.34,4,1.34,3,1,25,8.36,123,41.14,0,0,2,0.67,100,33.44,2,0.67,4,1.34,23,7.69,165,55.18,0,0,0,0,0,0,0,0,9,3.01,19,6.35,20,6.69,3,1,4,1.34,0,0,0,0,2,0.67,74,3
73qfg45lchbm7ylxaccmihpn8,Jhosep Anderson Michel Merida,J. Michel,Midfielder,Bolivia Under 17,cinkb44pwex91hwegvqcj9m2e,2025-11-10T14:51:54Z,131,1.46,Midfielders,dm,dm,1,4,1,0.68,2.74,3,2.05,3,2.05,0,0,0,0,0,0,11,7.53,0,0,0,0,15,10.27,0,0,0,0,1,0.68,0,0,0,0,0,0,0,0,0,0,0,0,0,0,2,1.37,0,0,0,0,10,5,3.42,6.85,5,50,50,3.42,15,10.27,3,2.05,4,2.74,1,0.68,0,0,0,0,0,0,3,2.05,0,0,0,0,0,0,0,2,2,1.37,0,0,1.37,0,0,0,0,0,0,0,6,4,2.74,4.11,2,1.37,0,0,0,0,0,0,0,0,2,1.37,0,0,0,0,0,0,23,15.75,0,0,0,78,78,55,37.67,0,0,0,0,0,0,0,0,0,0,0,0,0,0,0,0,0,0,0,0,5,3.42,3,2.05,0,0,4,2,1.37,2.74,8,5.48,0,0,0,0,18,12.33,0,0,0,0,0,0,0,0,0,0,0,0,0,0,0,0,2,1.37,0,0,0,0,1,0.68,0,0,1,0.68,2,1.37,0,0,0,0,0,0,0,0,0,0,1,0.68,1,0.68,43,29.45,20,13.7,24,16.44,43,29.45,1,0.68,1,0.68,0,0,0,0,0,0,2,1.37,0,0,0,0,0,0,0,0,6,4.11,1,0.68,0,0,17,11.64,56,38.36,0,0,2,1.37,44,30.14,2,1.37,1,0.68,12,8.22,79,54.11,0,0,0,0,0,0,0,0,4,2.74,4,2.74,8,5.48,4,2.74,8,5.48,0,0,0,0,1,0.68,75,6
7pd2acy6uwvxwhp1wb6hva784,Nabil Nacif Joffre,N. Nacif,Forward,Bolivia Under 17,cinkb44pwex91hwegvqcj9m2e,2025-11-10T14:51:54Z,215,2.39,Strikers,st,st,1,17,13,5.44,7.11,4,1.67,3,1.26,0,0,0,0,0,0,11,4.6,0,0,0,0,8,3.35,0,0,0,0,1,0.42,0,0,0,0,0,0,0,0,0,0,0,0,0,0,3,1.26,50,50,0,0,33,25,10.46,13.81,8,24,24,3.35,27,11.3,2,0.84,4,1.67,2,0.84,0,0,0,0,0,0,3,1.26,0,0,0,0,0,0,0,5,4,1.67,1,0.42,2.09,0,0,0,0,0,0,0,16,12,5.02,6.69,4,1.67,1,0.42,0,0,0,0,0,0,0,0,0,0,0,0,0,0,5,2.09,0,0,0,56,56,25,10.46,0,0,1,0.42,0,0,0,0,0,0,0,0,0,0,0,0,0,0,0,0,5,2.09,0,0,0,0,3,1,0.42,1.26,3,1.26,0,0,0,0,12,5.02,0,0,0,0,0,0,0,0,0,0,0,0,0,0,0,0,3,1.26,2,0.84,0,0,2,0.84,0,0,0,0,1,0.42,0,0,0,0,0,0,2,0.84,0,0,1,0.42,1,0.42,14,5.86,13,5.44,8,3.35,20,8.37,0,0,1,0.42,0,0,0,0,0,0,5,2.09,0,0,0,0,0,0,0,0,2,0.84,9,3.77,1,0.42,22,9.21,32,13.39,0,0,5,2.09,21,8.79,1,0.42,7,2.93,11,4.6,61,25.52,0,0,0,0,0,0,2,0.84,1,0.42,1,0.42,8,3.35,3,1.26,10,4.18,2,0.84,0,0,0,0,76,19
7cav2mtb3zc65wwtwa7x4mq6s,Bruno Nuñez Castedo,B. Nuñez,Midfielder,Bolivia Under 17,cinkb44pwex91hwegvqcj9m2e,2025-11-10T14:51:54Z,212,2.36,Midfielders,dm,dm,1,7,3,1.27,2.97,4,1.69,3,1.27,0,0,0,0,0,0,14,5.93,0,0,1,0.42,26,11.02,0,0,2,0.85,1,0.42,0,0,0,0,0,0,0,0,0,0,0,0,0,0,0,0,0,0,0,0,17,7,2.97,7.2,10,59,59,4.24,14,5.93,4,1.69,22,9.32,0,0,0,0,0,0,0,0,3,1.27,0,0,0,0,0,0,0,4,4,1.69,0,0,1.69,0,0,0,0,0,0,0,10,4,1.69,4.24,6,2.54,0,0,0,0,0,0,0,0,5,2.12,2,0.85,0,0,0,0,30,12.71,0,0,0,86,86,92,38.98,0,0,0,0,0,0,0,0,0,0,0,0,0,0,0,0,0,0,0,0,10,4.24,1,0.42,0,0,4,3,1.27,1.69,11,4.66,0,0,0,0,27,11.44,0,0,0,0,0,0,0,0,0,0,0,0,0,0,0,0,2,0.85,1,0.42,0,0,2,0.85,0,0,1,0.42,1,0.42,0,0,0,0,0,0,0,0,0,0,1,0.42,3,1.27,79,33.47,34,14.41,46,19.49,77,32.63,0,0,6,2.54,0,0,0,0,0,0,1,0.42,0,0,0,0,0,0,0,0,5,2.12,0,0,0,0,21,8.9,93,39.41,0,0,3,1.27,80,33.9,6,2.54,1,0.42,13,5.51,126,53.39,0,0,1,0.42,1,0.42,1,0.42,0,0,3,1.27,10,4.24,4,1.69,10,4.24,0,0,0,0,0,0,77,17
77moylcn92uesz8hnzr4apyqc,Ian Humberto Rodríguez Sánchez,I. Rodríguez,Defender,Bolivia Under 17,cinkb44pwex91hwegvqcj9m2e,2025-11-10T14:51:54Z,193,2.14,Midfielders,dm,"dm,rb",2,5,3,1.4,2.34,2,0.93,3,1.4,0,0,0,0,0,0,9,4.21,0,0,1,0.47,11,5.14,0,0,2,0.93,1,0.47,0,0,0,0,0,0,0,0,0,0,0,0,0,0,2,0.93,0,0,0,0,18,10,4.67,8.41,8,44,44,3.74,26,12.15,3,1.4,21,9.81,0,0,0,0,0,0,0,0,3,1.4,0,0,0,0,0,0,0,5,4,1.87,1,0.47,2.34,0,0,0,0,0,0,0,13,7,3.27,6.07,6,2.8,0,0,0,0,0,0,0,0,1,0.47,2,0.93,0,0,0,0,20,9.35,0,0,0,71,71,51,23.83,0,0,0,0,0,0,0,0,0,0,0,0,0,0,0,0,0,0,0,0,8,3.74,4,1.87,0,0,3,2,0.93,1.4,7,3.27,0,0,0,0,3,1.4,0,0,0,0,0,0,0,0,0,0,0,0,0,0,0,0,1,0.47,0,0,0,0,2,0.93,0,0,0,0,1,0.47,0,0,2,0.93,2,0.93,0,0,2,0.93,0,0,5,2.34,36,16.82,16,7.48,24,11.21,33,15.42,1,0.47,1,0.47,0,0,7,3.27,18,8.41,3,1.4,0,0,0,0,0,0,0,0,7,3.27,1,0.47,4,1.87,33,15.42,53,24.77,0,0,1,0.47,38,17.76,2,0.93,2,0.93,15,7.01,114,53.27,0,0,3,1.4,3,1.4,1,0.47,5,2.34,9,4.21,13,6.07,5,2.34,6,2.8,0,0,0,0,0,0,80,20
anr3i3qal4ntckge7lsg9nor8,Luis Gerardo Sabja Justiniano,L. Sabja,Midfielder,Bolivia Under 17,cinkb44pwex91hwegvqcj9m2e,2025-11-10T14:51:54Z,19,0.21,Midfielders,dm,dm,1,1,0,0,4.76,1,4.76,1,4.76,0,0,0,0,0,0,2,9.52,0,0,0,0,1,4.76,0,0,0,0,0,0,0,0,0,0,0,0,0,0,0,0,0,0,0,0,0,0,0,0,0,0,4,1,4.76,19.05,3,75,75,14.29,1,4.76,1,4.76,4,19.05,1,4.76,0,0,0,0,0,0,1,4.76,0,0,0,0,0,0,0,0,0,0,0,0,0,0,0,0,0,0,0,0,3,1,4.76,14.29,2,9.52,0,0,0,0,0,0,0,0,0,0,0,0,0,0,0,0,3,14.29,0,0,0,56,56,9,42.86,0,0,0,0,0,0,0,0,0,0,0,0,0,0,0,0,0,0,0,0,0,0,1,4.76,0,0,1,1,4.76,4.76,2,9.52,0,0,0,0,0,0,0,0,0,0,0,0,0,0,0,0,0,0,0,0,0,0,0,0,0,0,0,0,1,4.76,0,0,1,4.76,0,0,0,0,0,0,0,0,0,0,0,0,1,4.76,1,4.76,5,23.81,2,9.52,3,14.29,4,19.05,1,4.76,0,0,0,0,0,0,0,0,0,0,0,0,0,0,0,0,0,0,0,0,1,4.76,1,4.76,4,19.05,9,42.86,0,0,0,0,5,23.81,1,4.76,0,0,4,19.05,14,66.67,0,0,0,0,0,0,0,0,0,0,0,0,1,4.76,3,14.29,4,19.05,0,0,0,0,0,0,81,8
5pi46lxrnd7hhgvfinl4iazv8,Jairo Juvenal Saldias Martinez,J. Saldias,Forward,Bolivia Under 17,cinkb44pwex91hwegvqcj9m2e,2025-11-10T14:51:54Z,148,1.64,Wingers,lm,"lm,rm",2,7,4,2.44,4.27,3,1.83,3,1.83,0,0,0,0,0,0,7,4.27,1,0.61,0,0,17,10.37,0,0,3,1.83,0,0,0,0,0,0,0,0,0,0,0,0,0,0,0,0,3,1.83,33,33,0,0,29,17,10.37,17.68,12,41,41,7.32,35,21.34,1,0.61,5,3.05,2,1.22,0,0,0,0,0,0,3,1.83,0,0,0,0,0,0,0,5,4,2.44,1,0.61,3.05,0,0,0,0,0,0,0,22,13,7.93,13.41,9,5.49,1,0.61,0,0,0,0,0,0,1,0.61,3,1.83,0,0,0,0,10,6.1,0,1,0.61,87,87,30,18.29,0,0,0,0,0,0,0,0,0,0,0,0,0,0,0,0,0,0,0,0,8,4.88,2,1.22,0,0,3,3,1.83,1.83,2,1.22,0,0,0,0,9,5.49,0,0,0,0,0,0,0,0,0,0,0,0,0,0,0,0,2,1.22,0,0,0,0,2,1.22,0,0,1,0.61,1,0.61,0,0,1,0.61,0,0,2,1.22,0,0,1,0.61,1,0.61,26,15.85,17,10.37,11,6.71,26,15.85,0,0,1,0.61,0,0,0,0,0,0,7,4.27,0,0,1,0.61,0,0,0,0,3,1.83,6,3.66,7,4.27,24,14.63,31,18.9,0,0,2,1.22,27,16.46,1,0.61,6,3.66,4,2.44,78,47.56,0,0,2,1.22,0,0,4,2.44,2,1.22,2,1.22,5,3.05,1,0.61,2,1.22,0,0,0,0,0,0,82,9
41npdgo721mlo56hamz6b1uz8,Hiroto Asada,H. Asada,Forward,Japan Under 17,c57goj5ifgrqfc6fb6i4l1scl,2025-11-22T13:06:26Z,416,4.62,Strikers,st,st,1,20,10,2.16,4.33,10,2.16,6,1.3,2,0.43,0,0,0,0,36,7.79,3,0.65,0,0,32,6.93,0,0,9,1.95,1,0.22,0,0,8,8,0,0,6,1.3,0,0,0,0,0,0,9,1.95,0,0,0,0,45,30,6.49,9.74,15,33,33,3.25,121,26.19,6,1.3,34,7.36,2,0.43,0,0,0,0,0,0,6,1.3,2,0.43,0,0,0,0,1,3,2,0.43,1,0.22,0.65,1,0.22,1,0.22,0,0,0.22,25,20,4.33,5.41,5,1.08,1,0.22,0,0,1,0.22,1,0.22,0,0,7,1.52,0,0,0,0,28,6.06,416,2,0.43,78,78,116,25.11,0,0,0,0,0,0,0,0,0,0,0,0,0,0,0,0,0,0,0,0,14,3.03,10,2.16,0,0,11,6,1.3,2.38,19,4.11,0,0,1,0.22,20,4.33,0,0,0,0,0,0,0,0,0,0,0,0,0,0,0,0,6,1.3,6,1.3,12,12,4,0.87,0,0,2,0.43,2,0.43,0,0,1,0.22,1,0.22,0,0,0,0,10,2.16,3,0.65,91,19.7,72,15.58,22,4.76,90,19.48,1,0.22,3,0.65,1,0.22,0,0,1,0.22,13,2.81,3,0.65,6,1.3,0,0,1,0.22,7,1.52,7,1.52,1,0.22,59,12.77,118,25.54,0,0,12,2.6,93,20.13,4,0.87,26,5.63,25,5.41,193,41.77,0,0,4,0.87,4,0.87,4,0.87,0,0,2,0.43,28,6.06,1,0.22,23,4.98,4,0.87,2,0.43,0,0,85,11
2xgqtg4wweowkw1rmgku17z10,Kaiji Chonan,K. Chonan,Midfielder,Japan Under 17,c57goj5ifgrqfc6fb6i4l1scl,2025-11-22T13:06:26Z,162,1.8,Wingers,rm,rm,1,3,1,0.56,1.67,2,1.11,2,1.11,0,0,0,0,0,0,10,5.56,0,0,1,0.56,13,7.22,0,0,0,0,1,0.56,0,0,0,0,0,0,1,0.56,0,0,0,0,0,0,0,0,25,25,0,0,12,6,3.33,6.67,6,50,50,3.33,28,15.56,1,0.56,10,5.56,0,0,0,0,0,0,0,0,2,1.11,0,0,0,0,0,0,0,0,0,0,0,0,0,0,0,0,0,0,0,0,9,5,2.78,5,4,2.22,1,0.56,0,0,0,0,0,0,1,0.56,0,0,0,0,0,0,16,8.89,0,0,0,69,69,35,19.44,0,0,2,1.11,0,0,0,0,0,0,0,0,0,0,0,0,0,0,0,0,8,4.44,5,2.78,0,0,0,0,0,0,11,6.11,0,0,0,0,0,0,0,0,0,0,0,0,0,0,0,0,0,0,0,0,0,0,0,0,0,0,0,0,2,1.11,1,0.56,0,0,0,0,0,0,0,0,0,0,1,0.56,0,0,0,0,1,0.56,24,13.33,17,9.44,8,4.44,24,13.33,0,0,2,1.11,0,0,0,0,7,3.89,3,1.67,0,0,0,0,0,0,0,0,3,1.67,2,1.11,1,0.56,23,12.78,36,20,1,0.56,0,0,25,13.89,2,1.11,2,1.11,11,6.11,68,37.78,0,0,2,1.11,2,1.11,3,1.67,3,1.67,4,2.22,11,6.11,2,1.11,7,3.89,0,0,0,0,0,0,86,7
7mnemfuyjbw01q79lbbc9mgic,Shota Fujii,S. Fujii,Defender,Japan Under 17,c57goj5ifgrqfc6fb6i4l1scl,2025-11-22T13:06:26Z,346,3.84,Center Backs,cb,"cb,lb",2,11,5,1.3,2.86,6,1.56,5,1.3,0,0,0,0,0,0,9,2.34,2,0.52,1,0.26,68,17.71,0,0,5,1.3,2,0.52,0,0,25,25,0,0,2,0.52,0,0,0,0,0,0,0,0,0,0,0,0,22,10,2.6,5.73,12,55,55,3.12,51,13.28,47,12.24,118,30.73,0,0,0,0,0,0,0,0,5,1.3,0,0,0,0,0,0,1,2,1,0.26,1,0.26,0.52,0,0,1,0.26,0,0,0.26,11,5,1.3,2.86,6,1.56,0,0,1,0.26,0,0,1,0.26,2,0.52,5,1.3,0,0,0,0,10,2.6,346,0,0,83,83,230,59.9,0,0,0,0,0,0,0,0,0,0,0,0,0,0,0,0,0,0,0,0,39,10.16,21,5.47,0,0,3,2,0.52,0.78,12,3.12,0,0,0,0,99,25.78,0,0,0,0,0,0,0,0,0,0,0,0,0,0,0,0,3,0.78,1,0.26,4,4,3,0.78,0,0,0,0,2,0.52,0,0,2,0.52,2,0.52,0,0,3,0.78,0,0,21,5.47,190,49.48,116,30.21,80,20.83,173,45.05,2,0.52,2,0.52,0,0,0,0,5,1.3,2,0.52,0,0,1,0.26,0,0,1,0.26,15,3.91,1,0.26,2,0.52,49,12.76,236,61.46,0,0,4,1.04,194,50.52,4,1.04,9,2.34,42,10.94,289,75.26,0,0,2,0.52,2,0.52,2,0.52,7,1.82,24,6.25,36,9.38,8,2.08,18,4.69,0,0,0,0,0,0,87,4
dwn8b0llbkz84lg2ykni9e904,Asuto Fujita,A. Fujita,Defender,Japan Under 17,c57goj5ifgrqfc6fb6i4l1scl,2025-11-22T13:06:26Z,450,5,Center Backs,cb,cb,1,21,2,0.4,4.2,19,3.8,5,1,0,0,0,0,0,0,7,1.4,1,0.2,6,1.2,96,19.2,0,0,0,0,2,0.4,1,0.2,0,0,0,0,1,0.2,0,0,0,0,0,0,0,0,0,0,0,0,32,5,1,6.4,27,84,84,5.4,4,0.8,12,2.4,69,13.8,0,0,0,0,0,0,0,0,5,1,0,0,0,0,0,0,0,3,2,0.4,1,0.2,0.6,0,0,0,0,0,0,0,11,3,0.6,2.2,8,1.6,0,0,0,0,0,0,0,0,7,1.4,0,0,1,0.2,0,0,81,16.2,0,0,0,82,82,239,47.8,0,0,0,0,0,0,0,0,0,0,0,0,0,0,0,0,0,0,0,0,59,11.8,7,1.4,0,0,3,1,0.2,0.6,21,4.2,0,0,0,0,86,17.2,0,0,0,0,0,0,0,0,0,0,0,0,0,0,0,0,1,0.2,0,0,0,0,5,1,0,0,0,0,0,0,0,0,0,0,0,0,0,0,3,0.6,0,0,20,4,197,39.4,41,8.2,159,31.8,180,36,3,0.6,4,0.8,0,0,0,0,0,0,0,0,0,0,0,0,1,0.2,0,0,52,10.4,2,0.4,1,0.2,47,9.4,243,48.6,0,0,1,0.2,200,40,7,1.4,3,0.6,43,8.6,330,66,0,0,0,0,0,0,0,0,10,2,22,4.4,30,6,13,2.6,21,4.2,0,0,0,0,0,0,88,2
8pbbcmn6ndb0mbrjgynpcwt0,Makoto Himeno,M. Himeno,Midfielder,Japan Under 17,c57goj5ifgrqfc6fb6i4l1scl,2025-11-22T13:06:26Z,193,2.14,Wingers,lm,"cm,lm",2,2,0,0,0.93,2,0.93,4,1.87,1,0.47,1,0.47,0,0,17,7.94,1,0.47,1,0.47,29,13.55,0,0,6,2.8,0,0,0,0,0,0,6,2.8,4,1.87,0,0,0,0,0,0,3,1.4,44,44,0,0,25,15,7.01,11.68,10,40,40,4.67,74,34.58,2,0.93,17,7.94,3,1.4,0,0,0,0,0,0,4,1.87,1,0.47,0,0,0,0,0,1,0,0,1,0.47,0.47,0,0,0,0,0,0,0,23,15,7.01,10.75,8,3.74,0,0,0,0,0,0,0,0,0,0,5,2.34,0,0,0,0,7,3.27,0,0,0,71,71,55,25.7,0,0,1,0.47,0,0,0,0,0,0,0,0,0,0,0,0,0,0,0,0,14,6.54,12,5.61,0,0,3,1,0.47,1.4,6,2.8,0,0,0,0,18,8.41,0,0,0,0,0,0,0,0,0,0,0,0,0,0,0,0,4,1.87,0,0,0,0,2,0.93,0,0,1,0.47,2,0.93,2,0.93,6,2.8,4,1.87,4,1.87,3,1.4,0,0,5,2.34,39,18.22,34,15.89,14,6.54,37,17.29,1,0.47,1,0.47,0,0,2,0.93,20,9.35,8,3.74,3,1.4,1,0.47,0,0,0,0,8,3.74,5,2.34,2,0.93,43,20.09,59,27.57,0,0,4,1.87,42,19.63,2,0.93,16,7.48,17,7.94,136,63.55,2,0.93,9,4.21,7,3.27,5,2.34,6,2.8,8,3.74,23,10.75,3,1.4,9,4.21,0,0,0,0,2,0.93,89,15
7viln5bvhaubkrhcq7rswlgd0,Daigo Hirashima,D. Hirashima,Midfielder,Japan Under 17,c57goj5ifgrqfc6fb6i4l1scl,2025-11-22T13:06:26Z,317,3.52,Wingers,rw,"am,rw",2,4,3,0.85,1.14,1,0.28,6,1.7,0,0,0,0,0,0,17,4.83,3,0.85,0,0,29,8.24,0,0,8,2.27,1,0.28,0,0,14,14,0,0,4,1.14,0,0,0,0,0,0,8,2.27,75,75,0,0,22,17,4.83,6.25,5,23,23,1.42,71,20.17,4,1.14,10,2.84,3,0.85,0,0,0,0,0,0,6,1.7,1,0.28,0,0,0,0,1,1,0,0,1,0.28,0.28,1,0.28,1,0.28,0,0,0.28,18,14,3.98,5.11,4,1.14,0,0,0,0,0,0,1,0.28,0,0,7,1.99,0,0,0,0,19,5.4,317,3,0.85,82,82,68,19.32,0,0,0,0,0,0,0,0,0,0,0,0,0,0,0,0,0,0,0,0,16,4.55,8,2.27,0,0,3,2,0.57,0.85,11,3.12,0,0,1,0.28,22,6.25,0,0,0,0,0,0,0,0,0,0,0,0,0,0,0,0,2,0.57,5,1.42,7,7,4,1.14,0,0,3,0.85,2,0.57,0,0,3,0.85,3,0.85,3,0.85,1,0.28,4,1.14,3,0.85,56,15.91,47,13.35,12,3.41,53,15.06,0,0,1,0.28,0,0,0,0,0,0,9,2.56,1,0.28,3,0.85,0,0,0,0,3,0.85,4,1.14,0,0,32,9.09,68,19.32,0,0,7,1.99,56,15.91,1,0.28,16,4.55,12,3.41,118,33.52,0,0,4,1.14,4,1.14,1,0.28,0,0,1,0.28,15,4.26,1,0.28,11,3.12,0,0,0,0,0,0,91,13
ergfnv0lu2tpkwq2viuagp6ok,Daizen Kawamoto,D. Kawamoto,Midfielder,Japan Under 17,c57goj5ifgrqfc6fb6i4l1scl,2025-11-22T13:06:26Z,212,2.36,Midfielders,cm,cm,1,4,1,0.42,1.69,3,1.27,4,1.69,0,0,0,0,0,0,11,4.66,4,1.69,0,0,18,7.63,0,0,2,0.85,1,0.42,0,0,0,0,0,0,0,0,0,0,0,0,0,0,3,1.27,0,0,0,0,24,13,5.51,10.17,11,46,46,4.66,31,13.14,8,3.39,25,10.59,2,0.85,0,0,0,0,0,0,4,1.69,0,0,0,0,0,0,0,0,0,0,0,0,0,0,0,0,0,0,0,0,20,12,5.08,8.47,8,3.39,1,0.42,0,0,0,0,0,0,4,1.69,2,0.85,0,0,0,0,24,10.17,0,0,0,78,78,78,33.05,0,0,0,0,0,0,0,0,0,0,0,0,0,0,0,0,0,0,0,0,8,3.39,3,1.27,0,0,4,3,1.27,1.69,8,3.39,0,0,0,0,18,7.63,0,0,0,0,0,0,0,0,0,0,0,0,0,0,0,0,5,2.12,0,0,0,0,3,1.27,0,0,2,0.85,1,0.42,0,0,1,0.42,1,0.42,0,0,2,0.85,1,0.42,9,3.81,61,25.85,39,16.53,23,9.75,52,22.03,5,2.12,2,0.85,1,0.42,0,0,0,0,3,1.27,0,0,0,0,0,0,0,0,4,1.69,5,2.12,2,0.85,24,10.17,78,33.05,0,0,5,2.12,61,25.85,7,2.97,3,1.27,17,7.2,123,52.12,0,0,0,0,0,0,0,0,4,1.69,4,1.69,12,5.08,5,2.12,13,5.51,0,0,0,0,0,0,92,14
cmrsuk7nyct1dylzh1zh1yuxg,Shimon Kobayashi,S. Kobayashi,Forward,Japan Under 17,c57goj5ifgrqfc6fb6i4l1scl,2025-11-22T13:06:26Z,206,2.29,Wingers,lw,lw,1,3,1,0.44,1.31,2,0.87,5,2.18,0,0,0,0,0,0,19,8.3,2,0.87,0,0,15,6.55,0,0,10,4.37,0,0,0,0,0,0,15,6.55,4,1.75,0,0,0,0,0,0,1,0.44,62,62,0,0,24,12,5.24,10.48,12,50,50,5.24,82,35.81,1,0.44,15,6.55,0,0,0,0,0,0,0,0,5,2.18,0,0,0,0,0,0,0,0,0,0,0,0,0,0,0,0,0,0,0,0,21,11,4.8,9.17,10,4.37,1,0.44,0,0,0,0,0,0,2,0.87,10,4.37,0,0,0,0,13,5.68,0,0,0,74,74,66,28.82,0,0,0,0,0,0,0,0,0,0,0,0,0,0,0,0,0,0,0,0,5,2.18,8,3.49,0,0,6,2,0.87,2.62,10,4.37,0,0,0,0,25,10.92,0,0,0,0,0,0,0,0,0,0,0,0,0,0,0,0,1,0.44,4,1.75,0,0,4,1.75,0,0,4,1.75,1,0.44,7,3.06,8,3.49,0,0,5,2.18,1,0.44,3,1.31,5,2.18,49,21.4,49,21.4,14,6.11,50,21.83,0,0,5,2.18,0,0,0,0,0,0,4,1.75,1,0.44,2,0.87,0,0,0,0,2,0.87,6,2.62,0,0,39,17.03,72,31.44,0,0,5,2.18,55,24.02,5,2.18,15,6.55,17,7.42,130,56.77,5,2.18,9,3.93,3,1.31,3,1.31,1,0.44,2,0.87,24,10.48,2,0.87,15,6.55,0,0,0,0,0,0,94,8
69grjf66bjlg6g8b1k2pwg5xw,Yuzuki Kobayashi,Y. Kobayashi,Midfielder,Japan Under 17,c57goj5ifgrqfc6fb6i4l1scl,2025-11-22T13:06:26Z,92,1.02,Wingers,rw,rw,1,5,2,1.96,4.9,3,2.94,4,3.92,0,0,0,0,0,0,7,6.86,1,0.98,0,0,16,15.69,0,0,1,0.98,0,0,0,0,0,0,1,0.98,1,0.98,0,0,0,0,0,0,1,0.98,67,67,0,0,10,5,4.9,9.8,5,50,50,4.9,31,30.39,1,0.98,9,8.82,0,0,0,0,0,0,0,0,4,3.92,0,0,0,0,0,0,0,0,0,0,0,0,0,0,0,0,0,0,0,0,5,3,2.94,4.9,2,1.96,0,0,0,0,0,0,0,0,1,0.98,1,0.98,0,0,0,0,7,6.86,0,0,0,58,58,26,25.49,0,0,0,0,0,0,0,0,0,0,0,0,0,0,0,0,0,0,0,0,6,5.88,1,0.98,0,0,3,2,1.96,2.94,3,2.94,0,0,0,0,3,2.94,0,0,0,0,0,0,0,0,0,0,0,0,0,0,0,0,3,2.94,0,0,0,0,1,0.98,0,0,1,0.98,3,2.94,1,0.98,2,1.96,1,0.98,2,1.96,0,0,0,0,0,0,15,14.71,13,12.75,4,3.92,15,14.71,0,0,0,0,0,0,0,0,1,0.98,2,1.96,1,0.98,0,0,0,0,0,0,2,1.96,1,0.98,0,0,23,22.55,26,25.49,0,0,3,2.94,15,14.71,0,0,10,9.8,11,10.78,53,51.96,0,0,5,4.9,4,3.92,1,0.98,2,1.96,3,2.94,14,13.73,2,1.96,8,7.84,0,0,0,0,0,0,95,9
keo4x196852zs43mae50ze38,Hiroto Matsuura,H. Matsuura,Goalkeeper,Japan Under 17,c57goj5ifgrqfc6fb6i4l1scl,2025-11-22T13:06:26Z,90,1,Goalkeepers,gk,gk,1,0,0,0,0,0,0,1,1,0,0,0,0,0,0,0,0,0,0,0,0,1,1,1,1,0,0,1,1,0,0,0,0,0,0,0,0,0,0,0,0,0,0,0,0,0,0,0,0,0,0,0,0,0,0,0,0,0,0,2,2,14,14,0,0,0,0,7,7,1,1,1,1,0,0,5,5,0,0,0,0,0,0,0,0,0,0,0,0,0,0,0,0,0,0,0,0,0,0,0,0,0,0,0,0,0,0,0,0,0,0,0,0,0,0,2,2,0,0,0,56,56,9,9,0,0,0,0,0,0,0,0,0,0,0,0,0,0,0,0,0,0,0,0,1,1,5,5,0,0,0,0,0,0,6,6,0,0,0,0,1,1,0,0,0,0,0,0,0,0,0,0,0,0,0,0,0,0,0,0,0,0,0,0,1,1,0,0,0,0,0,0,0,0,0,0,0,0,0,0,2,2,0,0,5,5,5,5,3,3,7,7,5,5,0,0,0,0,0,0,0,0,0,0,0,0,0,0,0,0,0,0,0,0,1,1,0,0,0,0,7,7,17,17,0,0,0,0,10,10,0,0,0,0,7,7,22,22,0,0,0,0,0,0,0,0,2,2,7,7,6,6,1,1,0,0,0,0,0,0,0,0,96,12
byr18pze4w8zt4t0utbx7k2s4,Jelani Ren McGhee,J. McGhee,Forward,Japan Under 17,c57goj5ifgrqfc6fb6i4l1scl,2025-11-22T13:06:26Z,244,2.71,Strikers,st,st,1,12,4,1.48,4.43,8,2.95,5,1.85,0,0,0,0,1,0.37,10,3.69,1,0.37,0,0,18,6.64,0,0,3,1.11,0,0,0,0,25,25,0,0,3,1.11,0,0,0,0,0,0,5,1.85,50,50,0,0,30,16,5.9,11.07,14,47,47,5.17,48,17.71,3,1.11,14,5.17,1,0.37,0,0,0,0,0,0,5,1.85,0,0,0,0,0,0,1,2,2,0.74,0,0,0.74,1,0.37,1,0.37,0,0,0.37,18,12,4.43,6.64,6,2.21,0,0,1,0.37,0,0,0,0,0,0,3,1.11,0,0,0,0,8,2.95,244,2,0.74,62,62,39,14.39,0,0,2,0.74,0,0,0,0,0,0,0,0,0,0,0,0,0,0,0,0,13,4.8,0,0,0,0,3,2,0.74,1.11,8,2.95,0,0,0,0,9,3.32,0,0,0,0,0,0,0,0,0,0,0,0,0,0,0,0,0,0,4,1.48,4,4,2,0.74,0,0,2,0.74,3,1.11,0,0,0,0,0,0,3,1.11,0,0,1,0.37,0,0,24,8.86,18,6.64,8,2.95,26,9.59,0,0,0,0,0,0,0,0,0,0,8,2.95,0,0,2,0.74,0,0,1,0.37,3,1.11,3,1.11,3,1.11,45,16.61,41,15.13,0,0,4,1.48,26,9.59,0,0,18,6.64,15,5.54,95,35.06,0,0,1,0.37,1,0.37,3,1.11,0,0,0,0,14,5.17,2,0.74,15,5.54,0,0,0,0,0,0,97,18
dwle8jd6229jp3ugb3wq6gaac,Simon Yu Mendy,S. Mendy,Defender,Japan Under 17,c57goj5ifgrqfc6fb6i4l1scl,2025-11-22T13:06:26Z,389,4.32,Center Backs,cb,cb,1,25,6,1.39,5.79,19,4.4,5,1.16,0,0,0,0,0,0,3,0.69,0,0,2,0.46,70,16.2,0,0,2,0.46,1,0.23,0,0,0,0,0,0,2,0.46,0,0,0,0,0,0,3,0.69,75,75,0,0,57,22,5.09,13.19,35,61,61,8.1,27,6.25,20,4.63,88,20.37,2,0.46,0,0,0,0,0,0,5,1.16,0,0,0,0,0,0,0,3,2,0.46,1,0.23,0.69,0,0,0,0,0,0,0,32,16,3.7,7.41,16,3.7,0,0,0,0,0,0,0,0,6,1.39,2,0.46,0,0,0,0,57,13.19,0,0,0,78,78,180,41.67,0,0,1,0.23,0,0,0,0,0,0,0,0,0,0,0,0,0,0,0,0,36,8.33,13,3.01,0,0,2,2,0.46,0.46,11,2.55,0,0,0,0,45,10.42,0,0,0,0,0,0,0,0,0,0,0,0,0,0,0,0,2,0.46,1,0.23,0,0,5,1.16,0,0,1,0.23,0,0,0,0,0,0,0,0,3,0.69,1,0.23,0,0,15,3.47,140,32.41,68,15.74,80,18.52,133,30.79,2,0.46,1,0.23,0,0,0,0,1,0.23,4,0.93,1,0.23,2,0.46,0,0,0,0,32,7.41,7,1.62,10,2.31,55,12.73,193,44.68,0,0,3,0.69,148,34.26,3,0.69,7,1.62,45,10.42,275,63.66,0,0,1,0.23,1,0.23,1,0.23,13,3.01,23,5.32,39,9.03,7,1.62,22,5.09,0,0,0,0,0,0,98,16
bato771g5satm81v44f5xrx90,Anthony Udemba Motosuna,A. Motosuna,Defender,Japan Under 17,c57goj5ifgrqfc6fb6i4l1scl,2025-11-22T13:06:26Z,360,4,Center Backs,cb,cb,1,29,7,1.75,7.25,22,5.5,4,1,0,0,0,0,0,0,3,0.75,0,0,4,1,74,18.5,0,0,2,0.5,2,0.5,0,0,0,0,0,0,2,0.5,0,0,0,0,0,0,2,0.5,100,100,0,0,52,20,5,13,32,62,62,8,12,3,29,7.25,96,24,2,0.5,0,0,0,0,0,0,4,1,0,0,0,0,0,0,0,2,2,0.5,0,0,0.5,0,0,0,0,0,0,0,23,13,3.25,5.75,10,2.5,0,0,0,0,1,0.25,0,0,3,0.75,2,0.5,0,0,0,0,87,21.75,0,0,0,79,79,194,48.5,0,0,0,0,0,0,1,0.25,0,0,0,0,0,0,0,0,0,0,0,0,44,11,12,3,0,0,2,2,0.5,0.5,11,2.75,0,0,0,0,12,3,0,0,0,0,0,0,0,0,0,0,0,0,0,0,0,0,1,0.25,0,0,0,0,4,1,0,0,0,0,0,0,0,0,0,0,0,0,1,0.25,4,1,0,0,21,5.25,154,38.5,68,17,89,22.25,136,34,2,0.5,5,1.25,0,0,1,0.25,1,0.25,2,0.5,1,0.25,0,0,0,0,0,0,36,9,11,2.75,2,0.5,45,11.25,198,49.5,0,0,1,0.25,157,39.25,7,1.75,1,0.25,41,10.25,263,65.75,0,0,1,0.25,1,0.25,0,0,9,2.25,17,4.25,33,8.25,9,2.25,24,6,0,0,0,0,1,0.25,99,5
d051rfh8wqcm5131g02dp6gic,Rento Noguchi,R. Noguchi,Midfielder,Japan Under 17,c57goj5ifgrqfc6fb6i4l1scl,2025-11-22T13:06:26Z,365,4.06,Midfielders,cm,"dm,cm",2,6,4,0.99,1.48,2,0.49,5,1.23,0,0,0,0,0,0,17,4.19,4,0.99,0,0,39,9.61,0,0,2,0.49,2,0.49,0,0,0,0,0,0,1,0.25,0,0,0,0,0,0,1,0.25,100,100,0,0,26,17,4.19,6.4,9,35,35,2.22,33,8.13,15,3.69,30,7.39,2,0.49,0,0,0,0,0,0,5,1.23,0,0,0,0,0,0,0,3,2,0.49,1,0.25,0.74,0,0,0,0,0,0,0,20,13,3.2,4.93,7,1.72,0,0,0,0,0,0,0,0,2,0.49,2,0.49,0,0,0,0,42,10.34,0,0,0,87,87,127,31.28,0,0,0,0,0,0,0,0,0,0,0,0,0,0,0,0,0,0,0,0,16,3.94,6,1.48,0,0,4,2,0.49,0.99,19,4.68,0,0,0,0,40,9.85,0,0,0,0,0,0,0,0,0,0,0,0,0,0,0,0,0,0,2,0.49,0,0,4,0.99,0,0,2,0.49,1,0.25,0,0,0,0,0,0,1,0.25,0,0,1,0.25,6,1.48,111,27.34,69,17,44,10.84,107,26.35,2,0.49,1,0.25,0,0,0,0,0,0,1,0.25,0,0,0,0,0,0,0,0,1,0.25,4,0.99,3,0.74,19,4.68,129,31.77,0,0,2,0.49,113,27.83,3,0.74,3,0.74,16,3.94,158,38.92,0,0,0,0,0,0,0,0,7,1.72,7,1.72,13,3.2,3,0.74,9,2.22,0,0,0,0,0,0,100,6
eafz4beyrnzjgzc46bgfxnehg,Ethan Scally,E. Scally,Goalkeeper,Japan Under 17,c57goj5ifgrqfc6fb6i4l1scl,2025-11-22T13:06:26Z,450,5,Goalkeepers,gk,gk,1,2,0,0,0.4,2,0.4,5,1,0,0,0,0,0,0,0,0,0,0,0,0,6,1.2,4,0.8,0,0,2,0.4,0,0,0,0,0,0,0,0,0,0,0,0,0,0,0,0,0,0,1,0.2,4,0,0,0.8,4,100,100,0.8,0,0,2,0.4,48,9.6,0,0,0,0,44,8.8,6,1.2,5,1,0,0,31,6.2,1,0.2,0,3,2,0.4,1,0.2,0.6,0,0,0,0,0,0,0,2,0,0,0.4,2,0.4,0,0,0,0,0,0,0,0,0,0,0,0,0,0,0,0,8,1.6,0,0,0,74,74,27,5.4,0,0,0,0,0,0,0,0,2,0.4,0,0,2,0.4,0,0,0,0,0,0,3,0.6,9,1.8,3,0.6,0,0,0,0,39,7.8,0,0,0,0,18,3.6,16,10,2,6,1.2,3.2,2,0.4,1,0.2,6,1.2,0,0,0,0,0,0,0,0,0,0,5,1,0,0,0,0,0,0,0,0,0,0,0,0,0,0,5,1,0,0,15,3,20,4,7,1.4,47,9.4,39,7.8,0,0,0,0,0,0,0,0,0,0,0,0,0,0,0,0,4,0.8,0,0,11,2.2,0,0,2,0.4,21,4.2,74,14.8,0,0,0,0,54,10.8,0,0,0,0,20,4,129,25.8,0,0,0,0,0,0,0,0,9,1.8,20,4,18,3.6,2,0.4,0,0,1,0.2,0,0,0,0,101,1
f19rin8ibms60so4paa7r7a50,Taiga Seguchi,T. Seguchi,Forward,Japan Under 17,c57goj5ifgrqfc6fb6i4l1scl,2025-11-22T13:06:26Z,392,4.36,Wingers,lm,lm,1,2,0,0,0.46,2,0.46,6,1.38,1,0.23,2,0.46,1,0.23,33,7.57,2,0.46,0,0,58,13.3,0,0,9,2.06,0,0,0,0,29,29,17,3.9,4,0.92,0,0,0,0,0,0,6,1.38,53,53,0,0,48,23,5.28,11.01,25,52,52,5.73,155,35.55,8,1.83,44,10.09,3,0.69,0,0,0,0,0,0,6,1.38,1,0.23,0,0,0,0,2,2,1,0.23,1,0.23,0.46,2,0.46,1,0.23,1,0.23,0.46,46,23,5.28,10.55,23,5.28,0,0,0,0,0,0,1,0.23,0,0,8,1.83,0,0,1,0.23,7,1.61,196,1,0.23,75,75,137,31.42,0,0,1,0.23,0,0,0,0,0,0,0,0,0,0,0,0,0,0,0,0,28,6.42,36,8.26,0,0,13,8,1.83,2.98,28,6.42,0,0,1,0.23,56,12.84,0,0,0,0,0,0,0,0,0,0,0,0,0,0,0,0,2,0.46,5,1.15,4,4,4,0.92,0,0,3,0.69,2,0.46,2,0.46,7,1.61,3,0.69,8,1.83,1,0.23,1,0.23,4,0.92,103,23.62,81,18.58,31,7.11,101,23.17,2,0.46,10,2.29,0,0,3,0.69,36,8.26,13,2.98,4,0.92,1,0.23,0,0,0,0,6,1.38,4,0.92,4,0.92,95,21.79,140,32.11,0,0,7,1.61,105,24.08,12,2.75,19,4.36,35,8.03,304,69.72,13,2.98,26,5.96,12,2.75,7,1.61,3,0.69,9,2.06,58,13.3,3,0.69,26,5.96,0,0,2,0.46,0,0,102,20
26koiirbyzwjm5m1tfg99rj10,Futa Takeno,F. Takeno,Defender,Japan Under 17,c57goj5ifgrqfc6fb6i4l1scl,2025-11-22T13:06:26Z,291,3.23,Wingers,rm,"rb,rm",2,4,2,0.62,1.24,2,0.62,5,1.55,0,0,0,0,0,0,27,8.36,1,0.31,0,0,53,16.41,0,0,4,1.24,1,0.31,0,0,0,0,0,0,3,0.93,0,0,0,0,0,0,0,0,100,100,0,0,20,7,2.17,6.19,13,65,65,4.02,85,26.32,16,4.95,53,16.41,1,0.31,0,0,0,0,0,0,5,1.55,1,0.31,0,0,0,0,0,1,1,0.31,0,0,0.31,0,0,0,0,0,0,0,16,5,1.55,4.95,11,3.41,0,0,0,0,0,0,0,0,2,0.62,3,0.93,0,0,0,0,54,16.72,0,0,0,69,69,133,41.18,0,0,0,0,0,0,0,0,0,0,0,0,0,0,0,0,0,0,0,0,25,7.74,23,7.12,0,0,9,4,1.24,2.79,15,4.64,0,0,0,0,0,0,0,0,0,0,0,0,0,0,0,0,0,0,0,0,0,0,0,0,0,0,0,0,4,1.24,0,0,2,0.62,1,0.31,0,0,4,1.24,4,1.24,3,0.93,4,1.24,0,0,8,2.48,92,28.48,68,21.05,28,8.67,84,26.01,2,0.62,3,0.93,0,0,5,1.55,28,8.67,0,0,1,0.31,0,0,0,0,0,0,9,2.79,3,0.93,3,0.93,72,22.29,134,41.49,0,0,0,0,92,28.48,5,1.55,4,1.24,42,13,226,69.97,0,0,19,5.88,19,5.88,0,0,11,3.41,16,4.95,50,15.48,11,3.41,26,8.05,0,0,0,0,0,0,103,17
bg1ogxmnuzf3stper7j241gk4,Yoshitaka Tanaka,Y. Tanaka,Defender,Japan Under 17,c57goj5ifgrqfc6fb6i4l1scl,2025-11-22T13:06:26Z,101,1.12,Center Backs,cb,cb,1,6,0,0,5.36,6,5.36,2,1.79,0,0,0,0,0,0,1,0.89,0,0,1,0.89,20,17.86,0,0,0,0,1,0.89,0,0,0,0,0,0,0,0,0,0,0,0,0,0,0,0,0,0,0,0,7,0,0,6.25,7,100,100,6.25,6,5.36,8,7.14,25,22.32,0,0,0,0,0,0,0,0,2,1.79,0,0,0,0,0,0,0,0,0,0,0,0,0,0,0,0,0,0,0,0,1,0,0,0.89,1,0.89,0,0,0,0,0,0,0,0,0,0,0,0,0,0,0,0,17,15.18,0,0,0,84,84,63,56.25,0,0,0,0,0,0,0,0,0,0,0,0,0,0,0,0,0,0,0,0,8,7.14,8,7.14,0,0,0,0,0,0,6,5.36,0,0,0,0,20,17.86,0,0,0,0,0,0,0,0,0,0,0,0,0,0,0,0,0,0,0,0,0,0,1,0.89,0,0,0,0,1,0.89,0,0,0,0,0,0,0,0,2,1.79,0,0,6,5.36,53,47.32,26,23.21,27,24.11,47,41.96,0,0,1,0.89,0,0,0,0,0,0,0,0,0,0,0,0,0,0,0,0,9,8.04,0,0,0,0,11,9.82,63,56.25,0,0,0,0,53,47.32,1,0.89,4,3.57,10,8.93,76,67.86,0,0,1,0.89,1,0.89,0,0,0,0,5,4.46,8,7.14,3,2.68,5,4.46,0,0,0,0,0,0,104,3
94y3vpv49pwrhnrp34rp0nz84,Takeshi Wada,T. Wada,Midfielder,Japan Under 17,c57goj5ifgrqfc6fb6i4l1scl,2025-11-22T13:06:26Z,473,5.26,Midfielders,cm,cm,1,7,3,0.57,1.33,4,0.76,6,1.14,0,0,0,0,1,0.19,34,6.46,1,0.19,0,0,53,10.08,0,0,5,0.95,1,0.19,0,0,25,25,2,0.38,1,0.19,0,0,0,0,0,0,4,0.76,50,50,0,0,52,18,3.42,9.89,34,65,65,6.46,65,12.36,35,6.65,103,19.58,3,0.57,0,0,0,0,0,0,6,1.14,0,0,0,0,0,0,1,3,2,0.38,1,0.19,0.57,1,0.19,1,0.19,0,0,0.19,45,15,2.85,8.56,30,5.7,0,0,0,0,0,0,0,0,7,1.33,5,0.95,0,0,1,0.19,63,11.98,473,0,0,81,81,239,45.44,0,0,0,0,0,0,1,0.19,0,0,0,0,0,0,0,0,0,0,0,0,26,4.94,12,2.28,0,0,11,7,1.33,2.09,32,6.08,0,0,0,0,41,7.79,0,0,0,0,0,0,0,0,0,0,0,0,0,0,0,0,2,0.38,2,0.38,4,4,5,0.95,0,0,1,0.19,1,0.19,0,0,1,0.19,1,0.19,3,0.57,6,1.14,1,0.19,23,4.37,194,36.88,120,22.81,77,14.64,173,32.89,12,2.28,10,1.9,0,0,0,0,0,0,7,1.33,0,0,0,0,0,0,1,0.19,13,2.47,3,0.57,5,0.95,66,12.55,241,45.82,0,0,4,0.76,196,37.26,22,4.18,4,0.76,45,8.56,331,62.93,2,0.38,2,0.38,0,0,3,0.57,11,2.09,17,3.23,36,6.84,11,2.09,28,5.32,0,0,0,0,0,0,105,19
cfsheu84794psqmwfvmcre0pg,Minato Yoshida,M. Yoshida,Forward,Japan Under 17,c57goj5ifgrqfc6fb6i4l1scl,2025-11-22T13:06:26Z,373,4.14,Wingers,lw,"am,lw,rw",3,9,7,1.69,2.17,2,0.48,6,1.45,0,0,0,0,0,0,17,4.11,5,1.21,0,0,43,10.39,0,0,2,0.48,1,0.24,0,0,10,10,0,0,3,0.72,0,0,0,0,0,0,2,0.48,50,50,0,0,28,18,4.35,6.76,10,36,36,2.42,81,19.57,12,2.9,33,7.97,1,0.24,0,0,0,0,0,0,6,1.45,0,0,0,0,0,0,1,3,2,0.48,1,0.24,0.72,1,0.24,1,0.24,0,0,0.24,19,11,2.66,4.59,8,1.93,2,0.48,0,0,0,0,1,0.24,0,0,2,0.48,0,0,0,0,26,6.28,373,1,0.24,75,75,99,23.91,0,0,1,0.24,0,0,0,0,0,0,0,0,0,0,0,0,0,0,0,0,24,5.8,9,2.17,0,0,2,1,0.24,0.48,17,4.11,0,0,1,0.24,25,6.04,0,0,0,0,0,0,0,0,0,0,0,0,0,0,0,0,5,1.21,5,1.21,10,10,3,0.72,0,0,1,0.24,3,0.72,0,0,0,0,0,0,2,0.48,0,0,2,0.48,5,1.21,74,17.87,55,13.29,21,5.07,71,17.15,1,0.24,0,0,1,0.24,0,0,3,0.72,4,0.97,1,0.24,2,0.48,0,0,0,0,9,2.17,5,1.21,5,1.21,48,11.59,101,24.4,0,0,10,2.42,76,18.36,1,0.24,27,6.52,25,6.04,169,40.82,0,0,3,0.72,3,0.72,2,0.48,4,0.97,9,2.17,23,5.56,5,1.21,16,3.86,0,0,0,0,0,0,106,10
86xoyt0tmxshbypquf8tgkwlw,Anísio Cláudio Fernandes Reis Cabral,Anísio Cabral,Forward,Portugal Under 17,be4ga4s0nafu0okold22iaemx,2025-11-27T17:57:13Z,551,6.12,Strikers,st,st,1,19,10,1.63,3.1,9,1.47,8,1.31,0,0,0,0,3,0.49,19,3.1,8,1.31,0,0,22,3.59,0,0,7,1.14,1,0.16,0,0,44,44,0,0,4,0.65,0,0,0,0,0,0,1,0.16,42,42,0,0,57,32,5.23,9.31,25,44,44,4.08,121,19.77,6,0.98,24,3.92,4,0.65,1,0.16,0,0,0,0,8,1.31,1,0.16,0,0,0,0,7,2,1,0.16,1,0.16,0.33,7,1.14,7,1.14,0,0,1.14,38,22,3.59,6.21,16,2.61,1,0.16,1,0.16,0,0,4,0.65,0,0,6,0.98,0,0,6,0.98,33,5.39,79,2,0.33,72,72,86,14.05,0,0,1,0.16,0,0,0,0,0,0,0,0,0,0,0,0,0,1,0.16,0,12,1.96,6,0.98,0,0,7,4,0.65,1.14,12,1.96,0,0,0,0,12,1.96,0,0,0,0,0,0,0,0,0,0,0,0,0,0,0,0,5,0.82,11,1.8,2,2,7,1.14,0,0,6,0.98,1,0.16,0,0,1,0.16,1,0.16,5,0.82,0,0,6,0.98,4,0.65,62,10.13,56,9.15,9,1.47,60,9.8,1,0.16,1,0.16,1,0.16,0,0,0,0,8,1.31,3,0.49,2,0.33,0,0,5,0.82,2,0.33,15,2.45,9,1.47,60,9.8,88,14.38,0,0,16,2.61,64,10.46,2,0.33,38,6.21,24,3.92,183,29.9,0,0,7,1.14,7,1.14,7,1.14,0,0,2,0.33,27,4.41,4,0.65,22,3.59,5,0.82,3,0.49,2,0.33,108,9
8z7z6cn60xyq2s7g2mxe19afo,Bernardo Pinto Lima,Bernardo Lima,Midfielder,Portugal Under 17,be4ga4s0nafu0okold22iaemx,2025-11-27T17:57:13Z,575,6.39,Midfielders,dm,dm,1,12,2,0.31,1.88,10,1.56,8,1.25,0,0,0,0,0,0,56,8.76,1,0.16,1,0.16,52,8.14,0,0,7,1.1,3,0.47,0,0,0,0,0,0,4,0.63,0,0,0,0,0,0,2,0.31,75,75,0,0,46,24,3.76,7.2,22,48,48,3.44,77,12.05,21,3.29,57,8.92,9,1.41,0,0,0,0,0,0,8,1.25,0,0,0,0,0,0,0,1,0,0,1,0.16,0.16,0,0,0,0,0,0,0,34,22,3.44,5.32,12,1.88,0,0,0,0,0,0,0,0,9,1.41,7,1.1,0,0,0,0,64,10.02,0,0,0,85,85,248,38.81,0,0,0,0,0,0,0,0,0,0,0,0,0,0,0,0,0,0,0,0,23,3.6,9,1.41,0,0,7,2,0.31,1.1,18,2.82,0,0,0,0,74,11.58,0,0,0,0,0,0,0,0,0,0,0,0,0,0,0,0,2,0.31,2,0.31,0,0,6,0.94,0,0,2,0.31,2,0.31,0,0,2,0.31,2,0.31,3,0.47,1,0.16,5,0.78,9,1.41,210,32.86,98,15.34,117,18.31,204,31.92,5,0.78,2,0.31,0,0,0,0,0,0,3,0.47,2,0.31,1,0.16,0,0,0,0,9,1.41,16,2.5,2,0.31,51,7.98,251,39.28,0,0,4,0.63,213,33.33,7,1.1,20,3.13,38,5.95,321,50.23,0,0,1,0.16,1,0.16,1,0.16,9,1.41,10,1.56,32,5.01,7,1.1,28,4.38,0,0,0,0,3,0.47,109,18
2p0nimg288oxorjbnj1hqow0k,Daniel Armando Fonseca da Silva Banjaqui,Daniel Banjaqui,Defender,Portugal Under 17,be4ga4s0nafu0okold22iaemx,2025-11-27T17:57:13Z,629,6.99,Full Backs,rb,rb,1,8,4,0.57,1.14,4,0.57,8,1.14,0,0,0,0,0,0,40,5.72,2,0.29,0,0,74,10.59,0,0,8,1.14,4,0.57,0,0,0,0,0,0,4,0.57,0,0,0,0,0,0,6,0.86,47,47,0,0,55,28,4.01,7.87,27,49,49,3.86,97,13.88,37,5.29,148,21.17,6,0.86,0,0,0,0,0,0,8,1.14,0,0,0,0,0,0,0,3,1,0.14,2,0.29,0.43,0,0,0,0,0,0,0,47,24,3.43,6.72,23,3.29,0,0,0,0,0,0,0,0,4,0.57,8,1.14,0,0,0,0,153,21.89,0,0,0,86,86,355,50.79,0,0,1,0.14,0,0,0,0,0,0,0,0,0,0,0,0,0,0,0,0,38,5.44,47,6.72,0,0,10,3,0.43,1.43,21,3,0,0,0,0,25,3.58,0,0,0,0,0,0,0,0,0,0,0,0,1,0.14,0,0,1,0.14,1,0.14,0,0,7,1,0,0,1,0.14,1,0.14,0,0,2,0.29,2,0.29,9,1.29,0,0,0,0,24,3.43,304,43.49,145,20.74,171,24.46,290,41.49,2,0.29,7,1,0,0,13,1.86,54,7.73,16,2.29,1,0.14,0,0,0,0,0,0,10,1.43,7,1,5,0.72,97,13.88,366,52.36,0,0,2,0.29,314,44.92,9,1.29,20,2.86,52,7.44,519,74.25,0,0,1,0.14,1,0.14,10,1.43,8,1.14,13,1.86,39,5.58,14,2,39,5.58,0,0,0,0,1,0.14,110,2
awn319gz1rdzi3m0esgmwu9zo,Duarte Lopes da Cunha,Duarte Cunha,Forward,Portugal Under 17,be4ga4s0nafu0okold22iaemx,2025-11-27T17:57:13Z,461,5.12,Wingers,rm,rm,1,7,5,0.98,1.37,2,0.39,8,1.56,1,0.2,0,0,0,0,51,9.96,0,0,0,0,30,5.86,0,0,8,1.56,0,0,0,0,0,0,8,1.56,3,0.59,0,0,0,0,0,0,3,0.59,29,29,0,0,38,22,4.3,7.42,16,42,42,3.12,124,24.22,9,1.76,39,7.62,3,0.59,1,0.2,0,0,0,0,8,1.56,1,0.2,0,0,0,0,0,2,1,0.2,1,0.2,0.39,0,0,0,0,0,0,0,31,17,3.32,6.05,14,2.73,0,0,0,0,0,0,0,0,1,0.2,7,1.37,0,0,0,0,50,9.77,0,1,0.2,76,76,142,27.73,0,0,1,0.2,0,0,0,0,0,0,0,0,0,0,0,0,0,1,0.2,0,17,3.32,19,3.71,0,0,8,2,0.39,1.56,17,3.32,0,0,0,0,5,0.98,0,0,0,0,0,0,0,0,0,0,0,0,0,0,0,0,1,0.2,2,0.39,0,0,6,1.17,0,0,6,1.17,2,0.39,3,0.59,9,1.76,6,1.17,2,0.39,1,0.2,4,0.78,4,0.78,108,21.09,86,16.8,34,6.64,107,20.9,4,0.78,3,0.59,0,0,0,0,3,0.59,8,1.56,1,0.2,1,0.2,0,0,0,0,3,0.59,8,1.56,5,0.98,69,13.48,145,28.32,0,0,3,0.59,111,21.68,7,1.37,21,4.1,34,6.64,223,43.55,2,0.39,19,3.71,17,3.32,5,0.98,6,1.17,6,1.17,47,9.18,6,1.17,28,5.47,1,0.2,0,0,0,0,112,7
52xoj7dxt5j48iih4fx12740k,Gabriel Pinto Dbouk,Gabriel Dbouk,Defender,Portugal Under 17,be4ga4s0nafu0okold22iaemx,2025-11-27T17:57:13Z,116,1.29,Full Backs,rb,rb,1,4,1,0.78,3.1,3,2.33,2,1.55,1,0.78,0,0,0,0,10,7.75,1,0.78,0,0,13,10.08,0,0,8,6.2,0,0,0,0,0,0,0,0,0,0,0,0,0,0,0,0,0,0,0,0,0,0,10,5,3.88,7.75,5,50,50,3.88,32,24.81,7,5.43,29,22.48,2,1.55,0,0,0,0,0,0,2,1.55,1,0.78,0,0,0,0,0,1,1,0.78,0,0,0.78,0,0,0,0,0,0,0,6,4,3.1,4.65,2,1.55,0,0,0,0,0,0,0,0,1,0.78,7,5.43,0,0,0,0,25,19.38,0,0,0,90,90,67,51.94,0,0,0,0,0,0,0,0,0,0,0,0,0,0,0,0,0,1,0.78,0,7,5.43,11,8.53,0,0,1,0,0,0.78,2,1.55,0,0,0,0,4,3.1,0,0,0,0,0,0,0,0,0,0,0,0,0,0,0,0,0,0,0,0,0,0,1,0.78,0,0,0,0,1,0.78,0,0,5,3.88,5,3.88,0,0,2,1.55,0,0,4,3.1,60,46.51,46,35.66,20,15.5,57,44.19,0,0,1,0.78,0,0,3,2.33,11,8.53,2,1.55,3,2.33,0,0,0,0,0,0,1,0.78,2,1.55,1,0.78,16,12.4,68,52.71,0,0,0,0,61,47.29,1,0.78,3,2.33,7,5.43,98,75.97,0,0,3,2.33,3,2.33,2,1.55,0,0,0,0,8,6.2,2,1.55,7,5.43,0,0,0,0,0,0,113,13
9sei2qd6wd0rdif10mlkkq32s,José Pedro Formoso Neto,José Neto,Defender,Portugal Under 17,be4ga4s0nafu0okold22iaemx,2025-11-27T17:57:13Z,662,7.36,Full Backs,lb,lb,1,14,4,0.54,1.9,10,1.36,8,1.09,1,0.14,0,0,1,0.14,66,8.97,1,0.14,1,0.14,53,7.2,0,0,5,0.68,5,0.68,0,0,50,50,0,0,5,0.68,0,0,0,0,0,0,3,0.41,60,60,0,0,77,28,3.8,10.46,49,64,64,6.66,138,18.75,26,3.53,100,13.59,5,0.68,0,0,0,0,0,0,8,1.09,2,0.27,0,0,0,0,4,3,1,0.14,2,0.27,0.41,3,0.41,3,0.41,1,0.14,0.54,63,24,3.26,8.56,39,5.3,1,0.14,1,0.14,0,0,3,0.41,5,0.68,3,0.41,0,0,3,0.41,13,1.77,166,1,0.14,78,78,251,34.1,0,0,0,0,0,0,0,0,0,0,0,0,0,0,0,0,0,0,0,0,30,4.08,46,6.25,0,0,17,4,0.54,2.31,30,4.08,0,0,0,0,80,10.87,0,0,0,0,0,0,0,0,0,0,0,0,0,0,0,0,3,0.41,5,0.68,2,2,7,0.95,0,0,0,0,1,0.14,0,0,5,0.68,5,0.68,12,1.63,4,0.54,3,0.41,14,1.9,196,26.63,106,14.4,103,13.99,190,25.82,8,1.09,7,0.95,0,0,10,1.36,56,7.61,11,1.49,1,0.14,0,0,0,0,1,0.14,21,2.85,8,1.09,13,1.77,91,12.36,259,35.19,0,0,8,1.09,204,27.72,15,2.04,19,2.58,55,7.47,448,60.87,0,0,8,1.09,8,1.09,8,1.09,9,1.22,13,1.77,42,5.71,21,2.85,42,5.71,0,0,1,0.14,1,0.14,114,5
ch52hmk9bwod4uqj89xdxsmj8,João Soares Aragão,João Aragão,Forward,Portugal Under 17,be4ga4s0nafu0okold22iaemx,2025-11-27T17:57:13Z,258,2.87,Wingers,rm,rm,1,1,1,0.35,0.35,0,0,8,2.79,1,0.35,0,0,0,0,35,12.2,2,0.7,0,0,33,11.5,0,0,6,2.09,0,0,0,0,17,17,13,4.53,4,1.39,0,0,0,0,0,0,2,0.7,43,43,0,0,36,16,5.57,12.54,20,56,56,6.97,104,36.24,9,3.14,30,10.45,2,0.7,0,0,0,0,0,0,8,2.79,1,0.35,0,0,0,0,1,2,1,0.35,1,0.35,0.7,1,0.35,1,0.35,0,0,0.35,35,15,5.23,12.2,20,6.97,0,0,0,0,1,0.35,1,0.35,2,0.7,5,1.74,0,0,0,0,24,8.36,258,0,0,81,81,90,31.36,0,0,1,0.35,0,0,0,0,0,0,0,0,0,0,0,0,0,0,0,0,21,7.32,13,4.53,0,0,1,0,0,0.35,21,7.32,0,0,1,0.35,8,2.79,0,0,0,0,0,0,0,0,0,0,0,0,0,0,0,0,4,1.39,2,0.7,6,6,2,0.7,0,0,2,0.7,6,2.09,2,0.7,8,2.79,6,2.09,3,1.05,0,0,0,0,3,1.05,73,25.44,63,21.95,25,8.71,77,26.83,0,0,7,2.44,0,0,0,0,0,0,6,2.09,1,0.35,0,0,0,0,0,0,1,0.35,6,2.09,10,3.48,54,18.82,97,33.8,0,0,6,2.09,80,27.87,7,2.44,16,5.57,17,5.92,181,63.07,6,2.09,21,7.32,14,4.88,4,1.39,1,0.35,2,0.7,36,12.54,2,0.7,15,5.23,0,0,1,0.35,0,0,115,17
4ojfvbx6ya253pd5i1d4vt0d0,Martim Chelmik Santos Antunes,Martim Chelmik,Defender,Portugal Under 17,be4ga4s0nafu0okold22iaemx,2025-11-27T17:57:13Z,615,6.83,Center Backs,cb,cb,1,24,14,2.05,3.51,10,1.46,7,1.02,0,0,0,0,0,0,29,4.25,0,0,5,0.73,75,10.98,0,0,0,0,5,0.73,2,0.29,0,0,0,0,0,0,0,0,0,0,0,0,0,0,100,100,0,0,40,17,2.49,5.86,23,57,57,3.37,8,1.17,18,2.64,126,18.45,2,0.29,0,0,0,0,0,0,7,1.02,0,0,0,0,0,0,0,3,1,0.15,2,0.29,0.44,0,0,0,0,0,0,0,16,3,0.44,2.34,13,1.9,0,0,0,0,0,0,0,0,2,0.29,0,0,0,0,0,0,187,27.38,0,0,0,93,93,467,68.37,0,0,0,0,0,0,0,0,0,0,0,0,0,0,0,0,0,0,0,0,36,5.27,14,2.05,0,0,1,0,0,0.15,20,2.93,0,0,0,0,142,20.79,0,0,0,0,0,0,0,0,0,0,0,0,0,0,0,0,1,0.15,0,0,0,0,7,1.02,0,0,1,0.15,0,0,0,0,0,0,0,0,1,0.15,2,0.29,0,0,22,3.22,436,63.84,78,11.42,374,54.76,430,62.96,1,0.15,7,1.02,1,0.15,0,0,0,0,0,0,0,0,0,0,2,0.29,0,0,27,3.95,3,0.44,4,0.59,32,4.69,484,70.86,0,0,1,0.15,452,66.18,8,1.17,4,0.59,32,4.69,539,78.92,0,0,0,0,0,0,0,0,9,1.32,18,2.64,23,3.37,9,1.32,14,2.05,0,0,0,0,1,0.15,116,3
dd50xflzjo9jsjesnsa672o7o,Mateus Souto Mide,Mateus Mide,Forward,Portugal Under 17,be4ga4s0nafu0okold22iaemx,2025-11-27T17:57:13Z,418,4.64,Midfielders,am,am,1,12,4,0.86,2.59,8,1.72,8,1.72,2,0.43,1,0.22,1,0.22,32,6.9,4,0.86,0,0,26,5.6,0,0,10,2.16,0,0,0,0,36,36,6,1.29,7,1.51,0,0,0,0,0,0,6,1.29,31,31,0,0,43,25,5.39,9.27,18,42,42,3.88,103,22.2,11,2.37,46,9.91,0,0,0,0,0,0,0,0,8,1.72,2,0.43,0,0,0,0,4,2,1,0.22,1,0.22,0.43,3,0.65,4,0.86,0,0,0.86,31,21,4.53,6.68,10,2.16,1,0.22,0,0,1,0.22,3,0.65,1,0.22,8,1.72,0,0,2,0.43,25,5.39,104,1,0.22,70,70,125,26.94,0,0,0,0,0,0,0,0,0,0,0,0,0,0,1,0.22,1,0,0,0.22,14,3.02,7,1.51,0,0,10,2,0.43,2.16,18,3.88,0,0,2,0.43,28,6.03,0,0,0,0,0,0,0,0,0,0,0,0,0,0,0,0,6,1.29,5,1.08,3,3,5,1.08,0,0,5,1.08,3,0.65,1,0.22,2,0.43,1,0.22,5,1.08,0,0,10,2.16,3,0.65,87,18.75,68,14.66,27,5.82,90,19.4,0,0,2,0.43,1,0.22,0,0,0,0,17,3.66,2,0.43,4,0.86,0,0,3,0.65,2,0.43,2,0.43,3,0.65,69,14.87,131,28.23,0,0,11,2.37,93,20.04,2,0.43,37,7.97,38,8.19,207,44.61,1,0.22,3,0.65,2,0.43,11,2.37,1,0.22,2,0.43,31,6.68,10,2.16,36,7.76,0,0,1,0.22,0,0,117,10
9i2hh5t9tmq40firvps7lbcpg,Mauro Landim Furtado,Mauro Furtado,Defender,Portugal Under 17,be4ga4s0nafu0okold22iaemx,2025-11-27T17:57:13Z,645,7.17,Center Backs,cb,cb,1,10,2,0.28,1.39,8,1.12,8,1.12,1,0.14,3,0.42,1,0.14,26,3.63,1,0.14,4,0.56,126,17.57,0,0,10,1.39,5,0.7,0,0,20,20,25,3.49,4,0.56,0,0,0,0,0,0,1,0.14,60,60,0,0,38,11,1.53,5.3,27,71,71,3.77,83,11.58,66,9.21,170,23.71,1,0.14,0,0,0,0,0,0,8,1.12,1,0.14,0,0,0,0,1,2,1,0.14,1,0.14,0.28,0,0,1,0.14,0,0,0.14,28,9,1.26,3.91,19,2.65,1,0.14,0,0,0,0,0,0,6,0.84,9,1.26,0,0,0,0,47,6.56,645,1,0.14,86,86,429,59.83,0,0,0,0,0,0,0,0,0,0,0,0,0,0,0,0,0,1,0.14,0,82,11.44,49,6.83,0,0,2,1,0.14,0.28,16,2.23,0,0,1,0.14,206,28.73,0,0,0,0,0,0,0,0,0,0,0,0,0,0,0,0,2,0.28,3,0.42,5,5,7,0.98,0,0,0,0,1,0.14,6,0.84,11,1.53,4,0.56,3,0.42,2,0.28,0,0,60,8.37,369,51.46,165,23.01,235,32.78,329,45.89,3,0.42,5,0.7,1,0.14,0,0,3,0.42,3,0.42,2,0.28,0,0,0,0,1,0.14,28,3.91,4,0.56,8,1.12,97,13.53,449,62.62,0,0,5,0.7,389,54.25,8,1.12,4,0.56,60,8.37,570,79.5,10,1.39,22,3.07,10,1.39,2,0.28,13,1.81,31,4.32,66,9.21,16,2.23,29,4.04,0,0,0,0,1,0.14,118,4
9bnm68d85uffvaatuemvxtwd0,Miguel Lebre Monteiro Figueiredo,Miguel Figueiredo,Midfielder,Portugal Under 17,be4ga4s0nafu0okold22iaemx,2025-11-27T17:57:13Z,162,1.8,Midfielders,dm,dm,1,8,2,1.11,4.44,6,3.33,3,1.67,2,1.11,0,0,1,0.56,18,10,1,0.56,0,0,24,13.33,0,0,5,2.78,0,0,0,0,14,14,0,0,0,0,0,0,0,0,0,0,0,0,33,33,0,0,19,11,6.11,10.56,8,42,42,4.44,38,21.11,6,3.33,29,16.11,1,0.56,0,0,0,0,0,0,3,1.67,2,1.11,0,0,0,0,1,3,2,1.11,1,0.56,1.67,1,0.56,1,0.56,0,0,0.56,11,9,5,6.11,2,1.11,0,0,0,0,1,0.56,0,0,0,0,3,1.67,0,0,0,0,19,10.56,162,0,0,82,82,93,51.67,0,0,1,0.56,0,0,0,0,0,0,0,0,0,0,0,0,0,1,0.56,0,7,3.89,4,2.22,0,0,3,2,1.11,1.67,7,3.89,0,0,1,0.56,30,16.67,0,0,0,0,0,0,0,0,0,0,0,0,0,0,0,0,5,2.78,2,1.11,7,7,2,1.11,0,0,1,0.56,1,0.56,0,0,0,0,0,0,1,0.56,1,0.56,2,1.11,5,2.78,76,42.22,41,22.78,38,21.11,74,41.11,0,0,0,0,0,0,0,0,0,0,2,1.11,1,0.56,1,0.56,0,0,1,0.56,2,1.11,3,1.67,1,0.56,29,16.11,96,53.33,0,0,7,3.89,79,43.89,0,0,13,7.22,17,9.44,124,68.89,0,0,4,2.22,4,2.22,2,1.11,1,0.56,5,2.78,15,8.33,6,3.33,12,6.67,0,0,0,0,1,0.56,119,8
5vkuy07mzsegdoobtpza2arys,Rafael José Mestre Quintas,Rafael Quintas,Midfielder,Portugal Under 17,be4ga4s0nafu0okold22iaemx,2025-11-27T17:57:13Z,532,5.91,Midfielders,dm,dm,1,8,2,0.34,1.35,6,1.02,7,1.18,1,0.17,0,0,1,0.17,53,8.97,5,0.85,2,0.34,53,8.97,0,0,5,0.85,0,0,0,0,20,20,0,0,1,0.17,0,0,0,0,0,0,4,0.68,60,60,0,0,66,22,3.72,11.17,44,67,67,7.45,52,8.8,32,5.41,99,16.75,5,0.85,0,0,0,0,0,0,7,1.18,2,0.34,0,0,0,0,1,3,1,0.17,2,0.34,0.51,0,0,1,0.17,0,0,0.17,58,20,3.38,9.81,38,6.43,0,0,0,0,0,0,0,0,3,0.51,3,0.51,0,0,0,0,66,11.17,532,0,0,84,84,291,49.24,0,0,0,0,0,0,0,0,0,0,0,0,0,0,1,0.17,1,0,0,0.17,24,4.06,13,2.2,0,0,13,8,1.35,2.2,27,4.57,0,0,1,0.17,100,16.92,0,0,0,0,0,0,0,0,0,0,0,0,0,0,0,0,3,0.51,2,0.34,5,5,7,1.18,0,0,6,1.02,0,0,0,0,2,0.34,0,0,3,0.51,2,0.34,4,0.68,22,3.72,243,41.12,110,18.61,161,27.24,247,41.79,5,0.85,7,1.18,1,0.17,0,0,2,0.34,6,1.02,2,0.34,0,0,0,0,1,0.17,8,1.35,9,1.52,23,3.89,64,10.83,318,53.81,0,0,5,0.85,269,45.52,12,2.03,7,1.18,49,8.29,418,70.73,0,0,1,0.17,1,0.17,2,0.34,6,1.02,15,2.54,39,6.6,11,1.86,34,5.75,0,0,1,0.17,2,0.34,120,6
3p1wvkdy60spc6zh272h88ic,Ricardo Jorge Gomes da Costa Neto,Ricardo Neto,Defender,Portugal Under 17,be4ga4s0nafu0okold22iaemx,2025-11-27T17:57:13Z,181,2.01,Center Backs,cb,cb,1,13,0,0,6.47,13,6.47,3,1.49,0,0,0,0,0,0,10,4.98,2,1,1,0.5,48,23.88,0,0,0,0,0,0,0,0,0,0,0,0,1,0.5,0,0,0,0,0,0,1,0.5,0,0,0,0,20,4,1.99,9.95,16,80,80,7.96,9,4.48,13,6.47,56,27.86,0,0,0,0,2,1,0,0,3,1.49,0,0,2,1,0,0,0,3,2,1,1,0.5,1.49,0,0,0,0,0,0,0,7,4,1.99,3.48,3,1.49,0,0,0,0,0,0,0,0,1,0.5,0,0,0,0,0,0,91,45.27,0,0,0,90,90,194,96.52,0,0,0,0,0,0,1,0.5,0,0,0,0,0,0,0,0,0,1,0.5,0,16,7.96,6,2.99,0,0,3,3,1.49,1.49,14,6.97,0,0,0,0,42,20.9,0,0,0,0,0,0,0,0,0,0,0,0,1,0.5,0,0,1,0.5,0,0,0,0,2,1,0,0,0,0,1,0.5,0,0,0,0,0,0,0,0,3,1.49,0,0,7,3.48,175,87.06,54,26.87,126,62.69,173,86.07,0,0,2,1,0,0,0,0,3,1.49,1,0.5,0,0,1,0.5,0,0,0,0,7,3.48,2,1,1,0.5,20,9.95,199,99,0,0,1,0.5,180,89.55,2,1,7,3.48,19,9.45,222,110.45,0,0,0,0,0,0,0,0,3,1.49,8,3.98,13,6.47,6,2.99,11,5.47,0,0,0,0,1,0.5,121,14
dqlmvlmaftnxpnd2z0nxqqgwk,Romário Fernandes Cunha,Romário Cunha,Goalkeeper,Portugal Under 17,be4ga4s0nafu0okold22iaemx,2025-11-27T17:57:13Z,630,7,Goalkeepers,gk,gk,1,1,1,0.14,0.14,0,0,7,1,0,0,0,0,0,0,0,0,0,0,0,0,25,3.57,3,0.43,0,0,5,0.71,0,0,0,0,0,0,0,0,0,0,0,0,0,0,0,0,0,0,0,0,2,1,0.14,0.29,1,50,50,0.14,0,0,6,0.86,116,16.57,0,0,0,0,49,7,16,2.29,7,1,0,0,43,6.14,1,0.14,0,3,1,0.14,2,0.29,0.43,0,0,0,0,0,0,0,1,0,0,0.14,1,0.14,0,0,0,0,0,0,0,0,0,0,0,0,0,0,0,0,52,7.43,0,0,0,72,72,156,22.29,0,0,0,0,0,0,0,0,0,0,0,0,0,0,0,0,0,0,0,0,11,1.57,17,2.43,0,0,0,0,0,0,65,9.29,0,0,0,0,62,8.86,15,9,1.29,6,0.86,2.14,0,0,0,0,4,0.57,0,0,0,0,0,0,0,0,0,0,7,1,0,0,0,0,0,0,0,0,0,0,0,0,0,0,5,0.71,0,0,34,4.86,113,16.14,18,2.57,138,19.71,122,17.43,0,0,0,0,0,0,0,0,0,0,0,0,0,0,0,0,3,0.43,0,0,2,0.29,0,0,1,0.14,77,11,230,32.86,0,0,0,0,156,22.29,0,0,0,0,74,10.57,277,39.57,0,0,0,0,0,0,0,0,37,5.29,72,10.29,59,8.43,15,2.14,2,0.29,0,0,0,0,0,0,122,1
e05dp4n0jcwngfva83zrdfyms,Santiago Verdi de Oliveira Silva,Santi Verdi,Midfielder,Portugal Under 17,be4ga4s0nafu0okold22iaemx,2025-11-27T17:57:13Z,197,2.19,Midfielders,dm,dm,1,3,1,0.46,1.37,2,0.91,7,3.2,0,0,0,0,0,0,17,7.76,2,0.91,0,0,24,10.96,0,0,4,1.83,0,0,0,0,0,0,0,0,2,0.91,0,0,0,0,0,0,1,0.46,100,100,0,0,25,12,5.48,11.42,13,52,52,5.94,36,16.44,17,7.76,36,16.44,6,2.74,0,0,0,0,0,0,7,3.2,0,0,0,0,0,0,0,1,1,0.46,0,0,0.46,0,0,0,0,0,0,0,22,11,5.02,10.05,11,5.02,0,0,0,0,1,0.46,0,0,1,0.46,4,1.83,0,0,0,0,31,14.16,0,0,0,85,85,124,56.62,0,0,0,0,0,0,0,0,0,0,0,0,0,0,0,0,0,1,0.46,0,7,3.2,6,2.74,0,0,4,3,1.37,1.83,12,5.48,0,0,0,0,43,19.63,0,0,0,0,0,0,0,0,0,0,0,0,0,0,0,0,2,0.91,1,0.46,0,0,1,0.46,0,0,0,0,6,2.74,0,0,0,0,0,0,1,0.46,0,0,1,0.46,5,2.28,106,48.4,57,26.03,52,23.74,104,47.49,2,0.91,3,1.37,0,0,0,0,1,0.46,1,0.46,0,0,0,0,0,0,0,0,3,1.37,9,4.11,5,2.28,26,11.87,127,57.99,0,0,3,1.37,109,49.77,5,2.28,6,2.74,18,8.22,167,76.26,0,0,4,1.83,4,1.83,0,0,2,0.91,4,1.83,15,6.85,7,3.2,14,6.39,0,0,0,0,2,0.91,123,16
aiuo7t3h46cd8e6d0x9s589as,Stevan Pedro Dores Manuel,Stevan Manuel,Midfielder,Portugal Under 17,be4ga4s0nafu0okold22iaemx,2025-11-27T17:57:13Z,550,6.11,Wingers,lm,lm,1,5,3,0.49,0.82,2,0.33,8,1.31,0,0,0,0,1,0.16,56,9.17,8,1.31,0,0,83,13.58,0,0,6,0.98,1,0.16,0,0,9,9,0,0,7,1.15,0,0,0,0,0,0,8,1.31,32,32,0,0,70,43,7.04,11.46,27,39,39,4.42,139,22.75,11,1.8,34,5.56,4,0.65,0,0,0,0,0,0,8,1.31,0,0,0,0,0,0,1,4,2,0.33,2,0.33,0.65,1,0.16,1,0.16,0,0,0.16,65,40,6.55,10.64,25,4.09,1,0.16,0,0,0,0,0,0,5,0.82,6,0.98,0,0,1,0.16,22,3.6,550,1,0.16,82,82,160,26.19,0,0,2,0.33,0,0,0,0,0,0,0,0,0,0,0,0,0,1,0.16,0,54,8.84,19,3.11,0,0,8,3,0.49,1.31,39,6.38,0,0,0,0,50,8.18,0,0,0,0,0,0,0,0,0,0,0,0,0,0,0,0,6,0.98,5,0.82,11,11,8,1.31,0,0,6,0.98,0,0,0,0,2,0.33,2,0.33,11,1.8,1,0.16,4,0.65,5,0.82,132,21.6,93,15.22,43,7.04,129,21.11,1,0.16,9,1.47,0,0,0,0,0,0,31,5.07,0,0,1,0.16,0,0,1,0.16,3,0.49,10,1.64,4,0.65,82,13.42,162,26.51,0,0,11,1.8,134,21.93,10,1.64,31,5.07,28,4.58,279,45.66,0,0,5,0.82,5,0.82,23,3.76,0,0,0,0,27,4.42,6,0.98,28,4.58,0,0,0,0,0,0,124,11
3pyix8nokhbbg8wb9r2lkjh90,Tomás Alves Soares,Tomás Soares,Forward,Portugal Under 17,be4ga4s0nafu0okold22iaemx,2025-11-27T17:57:13Z,183,2.03,Midfielders,am,"st,am",2,17,12,5.91,8.37,5,2.46,6,2.96,0,0,0,0,0,0,16,7.88,1,0.49,0,0,17,8.37,0,0,2,0.99,0,0,0,0,0,0,0,0,4,1.97,0,0,0,0,0,0,4,1.97,67,67,0,0,37,25,12.32,18.23,12,32,32,5.91,44,21.67,6,2.96,10,4.93,1,0.49,0,0,0,0,0,0,6,2.96,1,0.49,0,0,0,0,0,3,1,0.49,2,0.99,1.48,0,0,0,0,0,0,0,20,13,6.4,9.85,7,3.45,0,0,0,0,0,0,0,0,1,0.49,1,0.49,0,0,0,0,15,7.39,0,1,0.49,86,86,51,25.12,0,0,0,0,0,0,0,0,0,0,0,0,0,0,0,0,0,0,0,0,5,2.46,4,1.97,0,0,5,1,0.49,2.46,3,1.48,0,0,0,0,13,6.4,0,0,0,0,0,0,0,0,0,0,0,0,0,0,0,0,3,1.48,3,1.48,0,0,2,0.99,0,0,2,0.99,4,1.97,0,0,0,0,0,0,2,0.99,1,0.49,4,1.97,4,1.97,44,21.67,28,13.79,19,9.36,43,21.18,0,0,2,0.99,0,0,0,0,0,0,5,2.46,1,0.49,2,0.99,0,0,0,0,0,0,9,4.43,4,1.97,22,10.84,54,26.6,0,0,6,2.96,47,23.15,2,0.99,10,4.93,7,3.45,89,43.84,0,0,3,1.48,3,1.48,1,0.49,0,0,0,0,9,4.43,1,0.49,7,3.45,1,0.49,0,0,3,1.48,125,19
aizzo8xzf76e24h910ei60u1g,Yoan da Silva Pereira,Yoan Pereira,Defender,Portugal Under 17,be4ga4s0nafu0okold22iaemx,2025-11-27T17:57:13Z,196,2.18,Full Backs,lb,lb,1,10,6,2.75,4.59,4,1.83,6,2.75,0,0,0,0,1,0.46,12,5.5,1,0.46,0,0,29,13.3,0,0,5,2.29,0,0,0,0,100,100,0,0,2,0.92,0,0,0,0,0,0,0,0,29,29,0,0,27,14,6.42,12.39,13,48,48,5.96,52,23.85,5,2.29,16,7.34,2,0.92,0,0,0,0,0,0,6,2.75,0,0,0,0,0,0,1,1,1,0.46,0,0,0.46,1,0.46,1,0.46,0,0,0.46,17,8,3.67,7.8,9,4.13,0,0,0,0,0,0,0,0,3,1.38,5,2.29,0,0,1,0.46,5,2.29,196,1,0.46,81,81,58,26.61,0,0,2,0.92,0,0,0,0,0,0,0,0,0,0,0,0,0,1,0.46,0,15,6.88,8,3.67,0,0,2,2,0.92,0.92,15,6.88,0,0,0,0,25,11.47,0,0,0,0,0,0,0,0,0,0,0,0,0,0,0,0,0,0,1,0.46,1,1,1,0.46,0,0,1,0.46,5,2.29,0,0,2,0.92,2,0.92,2,0.92,0,0,0,0,3,1.38,47,21.56,29,13.3,20,9.17,44,20.18,0,0,6,2.75,0,0,0,0,5,2.29,5,2.29,0,0,0,0,0,0,1,0.46,2,0.92,3,1.38,1,0.46,32,14.68,58,26.61,0,0,1,0.46,47,21.56,6,2.75,10,4.59,11,5.05,115,52.75,0,0,7,3.21,7,3.21,5,2.29,0,0,3,1.38,16,7.34,2,0.92,8,3.67,0,0,0,0,1,0.46,126,15
5xzxhlgrh1rk4nrno4lzeil90,Martim Costa Guedes,Zeega,Midfielder,Portugal Under 17,be4ga4s0nafu0okold22iaemx,2025-11-27T17:57:13Z,269,2.99,Midfielders,am,am,1,8,4,1.34,2.68,4,1.34,7,2.34,1,0.33,0,0,1,0.33,26,8.7,3,1,0,0,19,6.35,0,0,3,1,1,0.33,0,0,50,50,0,0,0,0,0,0,0,0,0,0,2,0.67,20,20,0,0,46,29,9.7,15.38,17,37,37,5.69,64,21.4,12,4.01,24,8.03,7,2.34,0,0,0,0,0,0,7,2.34,1,0.33,0,0,0,0,2,1,1,0.33,0,0,0.33,2,0.67,2,0.67,0,0,0.67,38,25,8.36,12.71,13,4.35,0,0,0,0,0,0,1,0.33,0,0,2,0.67,0,0,1,0.33,27,9.03,134,1,0.33,86,86,86,28.76,0,0,0,0,0,0,0,0,0,0,0,0,0,0,0,0,0,1,0.33,0,13,4.35,10,3.34,0,0,6,3,1,2.01,14,4.68,0,0,1,0.33,12,4.01,0,0,0,0,0,0,0,0,0,0,0,0,0,0,0,0,2,0.67,2,0.67,2,2,2,0.67,0,0,1,0.33,5,1.67,0,0,0,0,0,0,2,0.67,0,0,0,0,6,2.01,74,24.75,59,19.73,18,6.02,71,23.75,3,1,4,1.34,1,0.33,0,0,0,0,10,3.34,2,0.67,0,0,0,0,2,0.67,6,2.01,10,3.34,4,1.34,34,11.37,89,29.77,0,0,4,1.34,77,25.75,7,2.34,13,4.35,12,4.01,144,48.16,0,0,0,0,0,0,8,2.68,1,0.33,1,0.33,11,3.68,1,0.33,11,3.68,2,0.67,0,0,0,0,127,20
762ag91mxa3lrif63ciz4ovmc,Driss Ait Cheikh,D. Ait Cheikh,Defender,Morocco Under 17,dfg96qo6xhnrrrhe8pnvspyqp,2025-11-24T18:53:10Z,180,2,Center Backs,cb,cb,1,3,1,0.5,1.5,2,1,2,1,0,0,0,0,0,0,6,3,0,0,2,1,39,19.5,0,0,0,0,0,0,0,0,0,0,0,0,0,0,0,0,0,0,0,0,0,0,0,0,0,0,4,1,0.5,2,3,75,75,1.5,0,0,2,1,35,17.5,0,0,0,0,3,1.5,0,0,2,1,0,0,3,1.5,0,0,0,8,7,3.5,1,0.5,4,0,0,0,0,0,0,0,1,0,0,0.5,1,0.5,0,0,0,0,0,0,0,0,1,0.5,0,0,0,0,0,0,21,10.5,0,0,0,79,79,99,49.5,0,0,0,0,0,0,0,0,0,0,0,0,0,0,0,0,0,1,0.5,0,24,12,5,2.5,0,0,1,1,0.5,0.5,0,0,0,0,0,0,41,20.5,0,0,0,0,0,0,0,0,0,0,0,0,0,0,0,0,0,0,0,0,0,0,2,1,0,0,0,0,0,0,0,0,0,0,0,0,0,0,1,0.5,0,0,6,3,78,39,6,3,76,38,76,38,1,0.5,0,0,0,0,0,0,1,0.5,0,0,0,0,0,0,0,0,0,0,8,4,0,0,0,0,22,11,103,51.5,0,0,0,0,82,41,1,0.5,0,0,21,10.5,120,60,0,0,0,0,0,0,0,0,4,2,17,8.5,14,7,7,3.5,4,2,0,0,0,0,0,0,128,13
3q68lnukgyl5lc2dpt5wtn504,Ziyad Baha Abelhadj,Z. Baha,Forward,Morocco Under 17,dfg96qo6xhnrrrhe8pnvspyqp,2025-11-24T18:53:10Z,347,3.86,Strikers,st,st,1,22,15,3.89,5.7,7,1.81,6,1.55,0,0,0,0,0,0,16,4.15,4,1.04,3,0.78,14,3.63,0,0,3,0.78,0,0,1,0.26,33,33,0,0,3,0.78,0,0,0,0,0,0,5,1.3,0,0,0,0,46,30,7.77,11.92,16,35,35,4.15,46,11.92,2,0.52,10,2.59,3,0.78,0,0,0,0,0,0,6,1.55,0,0,0,0,0,0,4,8,8,2.07,0,0,2.07,2,0.52,4,1.04,0,0,1.04,24,15,3.89,6.22,9,2.33,1,0.26,1,0.26,0,0,4,1.04,0,0,3,0.78,0,0,0,0,9,2.33,87,0,0,58,58,33,8.55,0,0,0,0,0,0,0,0,0,0,0,0,0,0,1,0.26,1,2,0.52,0.26,8,2.07,2,0.52,0,0,3,1,0.26,0.78,7,1.81,0,0,3,0.78,3,0.78,0,0,0,0,0,0,0,0,0,0,0,0,0,0,0,0,6,1.55,6,1.55,3,3,4,1.04,0,0,3,0.78,2,0.52,0,0,1,0.26,1,0.26,0,0,0,0,2,0.52,0,0,19,4.92,12,3.11,13,3.37,24,6.22,0,0,0,0,1,0.26,0,0,0,0,9,2.33,0,0,3,0.78,2,0.52,4,1.04,1,0.26,6,1.55,11,2.85,33,8.55,38,9.84,0,0,12,3.11,24,6.22,0,0,21,5.44,14,3.63,99,25.65,0,0,0,0,0,0,4,1.04,0,0,1,0.26,10,2.59,4,1.04,13,3.37,2,0.52,0,0,0,0,129,9
e71fisyx2s220xy8d5v2u68es,Chouaib Bellaarouch,C. Bellaarouch,Goalkeeper,Morocco Under 17,dfg96qo6xhnrrrhe8pnvspyqp,2025-11-24T18:53:10Z,540,6,Goalkeepers,gk,gk,1,3,0,0,0.5,3,0.5,6,1,0,0,0,0,0,0,0,0,0,0,0,0,19,3.17,7,1.17,0,0,1,0.17,0,0,0,0,0,0,0,0,0,0,0,0,0,0,0,0,0,0,0,0,6,3,0.5,1,3,50,50,0.5,0,0,4,0.67,94,15.67,1,0.17,0,0,48,8,15,2.5,6,1,0,0,40,6.67,1,0.17,0,13,11,1.83,2,0.33,2.17,0,0,0,0,0,0,0,3,3,0.5,0.5,0,0,0,0,0,0,0,0,0,0,0,0,0,0,0,0,0,0,44,7.33,0,0,0,80,80,113,18.83,0,0,0,0,0,0,1,0.17,3,0.5,0,0,0,0,0,0,0,2,0.33,0,7,1.17,17,2.83,0,0,0,0,0,0,54,9,0,0,0,0,39,6.5,12,9,1.5,3,0.5,2,0,0,0,0,3,0.5,0,0,0,0,0,0,0,0,0,0,6,1,0,0,0,0,0,0,0,0,0,0,0,0,0,0,4,0.67,0,0,27,4.5,90,15,12,2,114,19,99,16.5,0,0,0,0,0,0,0,0,0,0,0,0,0,0,0,0,0,0,0,0,0,0,1,0.17,1,0.17,51,8.5,177,29.5,0,0,0,0,126,21,0,0,0,0,51,8.5,222,37,0,0,0,0,0,0,0,0,19,3.17,51,8.5,39,6.5,12,2,0,0,0,0,0,0,0,0,131,1
3nyj1117uwxml45zb20ocfy1g,Yousef Joseph Bellahsen,J. Bellahsen,Defender,Morocco Under 17,dfg96qo6xhnrrrhe8pnvspyqp,2025-11-24T18:53:10Z,245,2.72,Full Backs,rb,"rb,cb",2,2,0,0,0.74,2,0.74,4,1.47,0,0,0,0,0,0,10,3.68,0,0,0,0,21,7.72,0,0,0,0,0,0,0,0,0,0,0,0,0,0,0,0,0,0,0,0,1,0.37,50,50,0,0,14,4,1.47,5.15,10,71,71,3.68,15,5.51,11,4.04,50,18.38,0,0,0,0,0,0,0,0,4,1.47,0,0,0,0,0,0,0,8,7,2.57,1,0.37,2.94,0,0,0,0,0,0,0,12,4,1.47,4.41,8,2.94,0,0,0,0,0,0,0,0,2,0.74,0,0,0,0,0,0,22,8.09,0,1,0.37,72,72,87,31.99,0,0,0,0,0,0,0,0,0,0,0,0,0,0,0,0,0,0,0,0,16,5.88,12,4.41,0,0,4,3,1.1,1.47,8,2.94,0,0,0,0,7,2.57,0,0,0,0,0,0,0,0,0,0,0,0,0,0,0,0,2,0.74,1,0.37,0,0,3,1.1,0,0,1,0.37,1,0.37,0,0,0,0,0,0,1,0.37,2,0.74,0,0,4,1.47,63,23.16,25,9.19,40,14.71,61,22.43,0,0,4,1.47,0,0,6,2.21,14,5.15,2,0.74,0,0,0,0,0,0,0,0,8,2.94,1,0.37,3,1.1,39,14.34,89,32.72,0,0,3,1.1,65,23.9,4,1.47,3,1.1,24,8.82,146,53.68,0,0,3,1.1,3,1.1,1,0.37,3,1.1,9,3.31,21,7.72,6,2.21,15,5.51,0,0,0,0,0,0,132,4
e1e9n86wd1ixhhx1jzkb2pxxw,Hamza Bouhaddi,H. Bouhaddi,Defender,Morocco Under 17,dfg96qo6xhnrrrhe8pnvspyqp,2025-11-24T18:53:10Z,385,4.28,Full Backs,rb,rb,1,11,6,1.4,2.57,5,1.17,5,1.17,1,0.23,0,0,0,0,23,5.37,3,0.7,1,0.23,54,12.62,0,0,8,1.87,1,0.23,0,0,0,0,0,0,6,1.4,0,0,0,0,0,0,3,0.7,33,33,0,0,38,20,4.67,8.88,18,47,47,4.21,104,24.3,18,4.21,62,14.49,3,0.7,0,0,0,0,0,0,5,1.17,2,0.47,0,0,0,0,0,7,6,1.4,1,0.23,1.64,0,0,0,0,0,0,0,27,14,3.27,6.31,13,3.04,0,0,0,0,1,0.23,0,0,5,1.17,6,1.4,0,0,0,0,46,10.75,0,1,0.23,73,73,134,31.31,0,0,0,0,0,0,1,0.23,0,0,0,0,0,0,0,0,0,2,0.47,0,31,7.24,23,5.37,0,0,5,3,0.7,1.17,27,6.31,0,0,0,0,5,1.17,0,0,0,0,0,0,0,0,0,0,0,0,0,0,0,0,1,0.23,4,0.93,0,0,4,0.93,0,0,1,0.23,1,0.23,0,0,7,1.64,7,1.64,2,0.47,0,0,2,0.47,5,1.17,98,22.9,60,14.02,46,10.75,94,21.96,0,0,8,1.87,0,0,8,1.87,34,7.94,7,1.64,1,0.23,0,0,0,0,0,0,7,1.64,3,0.7,3,0.7,78,18.22,136,31.78,0,0,5,1.17,99,23.13,8,1.87,16,3.74,37,8.64,261,60.98,0,0,16,3.74,16,3.74,4,0.93,4,0.93,7,1.64,42,9.81,11,2.57,30,7.01,0,0,0,0,0,0,133,2
cssohbob1n90mfj7rcuq25lhw,Wassim Dardake,W. Dardake,Forward,Morocco Under 17,dfg96qo6xhnrrrhe8pnvspyqp,2025-11-24T18:53:10Z,176,1.96,Wingers,lm,lm,1,2,0,0,1.02,2,1.02,5,2.55,1,0.51,0,0,0,0,12,6.12,1,0.51,0,0,26,13.27,0,0,3,1.53,0,0,0,0,0,0,2,1.02,1,0.51,0,0,0,0,0,0,2,1.02,0,0,0,0,9,4,2.04,4.59,5,56,56,2.55,45,22.96,2,1.02,9,4.59,0,0,0,0,0,0,0,0,5,2.55,1,0.51,0,0,0,0,0,8,6,3.06,2,1.02,4.08,0,0,0,0,0,0,0,7,4,2.04,3.57,3,1.53,0,0,0,0,0,0,0,0,0,0,2,1.02,0,0,0,0,5,2.55,0,0,0,70,70,44,22.45,0,0,1,0.51,0,0,0,0,0,0,0,0,0,0,0,0,0,1,0.51,0,16,8.16,5,2.55,0,0,3,2,1.02,1.53,6,3.06,0,0,0,0,19,9.69,0,0,0,0,0,0,0,0,0,0,0,0,0,0,0,0,0,0,3,1.53,0,0,1,0.51,0,0,0,0,4,2.04,0,0,2,1.02,2,1.02,0,0,0,0,1,0.51,1,0.51,31,15.82,23,11.73,11,5.61,31,15.82,0,0,1,0.51,0,0,0,0,0,0,3,1.53,1,0.51,1,0.51,0,0,0,0,0,0,0,0,2,1.02,30,15.31,45,22.96,0,0,3,1.53,32,16.33,1,0.51,13,6.63,13,6.63,76,38.78,1,0.51,7,3.57,4,2.04,1,0.51,0,0,1,0.51,18,9.18,2,1.02,12,6.12,0,0,0,0,0,0,134,10
do15wos6n2g1vabpqqgc4e590,Abdelali Eddaoudi,A. Eddaoudi,Forward,Morocco Under 17,dfg96qo6xhnrrrhe8pnvspyqp,2025-11-24T18:53:10Z,387,4.3,Wingers,rm,rm,1,15,10,2.33,3.49,5,1.16,6,1.4,2,0.47,0,0,0,0,17,3.95,3,0.7,0,0,44,10.23,0,0,11,2.56,0,0,0,0,33,33,0,0,4,0.93,0,0,0,0,0,0,8,1.86,38,38,0,0,55,36,8.37,12.79,19,35,35,4.42,96,22.33,5,1.16,19,4.42,5,1.16,0,0,0,0,0,0,6,1.4,2,0.47,0,0,0,0,2,7,6,1.4,1,0.23,1.63,2,0.47,2,0.47,0,0,0.47,40,26,6.05,9.3,14,3.26,0,0,1,0.23,1,0.23,2,0.47,4,0.93,9,2.09,0,0,0,0,22,5.12,194,1,0.23,71,71,65,15.12,0,0,0,0,0,0,1,0.23,0,0,0,0,0,0,0,0,0,2,0.47,0,27,6.28,14,3.26,0,0,6,1,0.23,1.4,14,3.26,0,0,1,0.23,7,1.63,0,0,0,0,0,0,0,0,0,0,0,0,0,0,0,0,2,0.47,4,0.93,3,3,5,1.16,0,0,5,1.16,1,0.23,0,0,7,1.63,7,1.63,5,1.16,1,0.23,2,0.47,1,0.23,46,10.7,42,9.77,11,2.56,45,10.47,1,0.23,2,0.47,0,0,0,0,0,0,16,3.72,5,1.16,2,0.47,0,0,1,0.23,5,1.16,8,1.86,6,1.4,63,14.65,65,15.12,0,0,6,1.4,46,10.7,3,0.7,29,6.74,19,4.42,161,37.44,0,0,15,3.49,15,3.49,8,1.86,0,0,1,0.23,29,6.74,5,1.16,18,4.19,1,0.23,0,0,2,0.47,135,21
cfeneoqimisco1u9lmys3y61g,Ismail El Aoud,I. El Aoud,Midfielder,Morocco Under 17,dfg96qo6xhnrrrhe8pnvspyqp,2025-11-24T18:53:10Z,384,4.27,Wingers,lm,lm,1,8,6,1.41,1.87,2,0.47,6,1.41,0,0,0,0,0,0,21,4.92,4,0.94,0,0,55,12.88,0,0,8,1.87,1,0.23,0,0,36,36,0,0,2,0.47,0,0,0,0,0,0,8,1.87,60,60,0,0,63,32,7.49,14.75,31,49,49,7.26,92,21.55,5,1.17,21,4.92,3,0.7,1,0.23,0,0,0,0,6,1.41,1,0.23,0,0,0,0,4,5,4,0.94,1,0.23,1.17,3,0.7,3,0.7,1,0.23,0.94,55,26,6.09,12.88,29,6.79,0,0,1,0.23,0,0,4,0.94,2,0.47,7,1.64,0,0,0,0,11,2.58,96,2,0.47,78,78,77,18.03,0,0,2,0.47,0,0,0,0,0,0,0,0,0,0,0,0,0,1,0.23,0,32,7.49,5,1.17,0,0,6,4,0.94,1.41,19,4.45,0,0,3,0.7,24,5.62,0,0,0,0,0,0,0,0,0,0,0,0,0,0,0,0,6,1.41,5,1.17,3,3,4,0.94,0,0,1,0.23,2,0.47,0,0,1,0.23,1,0.23,12,2.81,0,0,2,0.47,2,0.47,60,14.05,43,10.07,18,4.22,58,13.58,8,1.87,4,0.94,0,0,0,0,0,0,16,3.75,5,1.17,1,0.23,0,0,2,0.47,5,1.17,5,1.17,5,1.17,52,12.18,77,18.03,0,0,11,2.58,60,14.05,12,2.81,28,6.56,17,3.98,178,41.69,0,0,2,0.47,2,0.47,8,1.87,1,0.23,3,0.7,13,3.04,6,1.41,14,3.28,0,0,1,0.23,0,0,136,20
c56vtlycnxawdhnjnnnh91gd0,Ilyas El Arbaoui El Youbi Zagmouti,I. El Arbaoui,Defender,Morocco Under 17,dfg96qo6xhnrrrhe8pnvspyqp,2025-11-24T18:53:10Z,209,2.32,Full Backs,lb,lb,1,0,0,0,0,0,0,4,1.72,1,0.43,0,0,0,0,32,13.79,2,0.86,0,0,27,11.64,0,0,10,4.31,1,0.43,0,0,0,0,2,0.86,3,1.29,0,0,0,0,0,0,0,0,40,40,0,0,21,9,3.88,9.05,12,57,57,5.17,60,25.86,7,3.02,28,12.07,2,0.86,0,0,0,0,0,0,4,1.72,1,0.43,0,0,0,0,0,3,2,0.86,1,0.43,1.29,0,0,0,0,0,0,0,21,9,3.88,9.05,12,5.17,0,0,0,0,0,0,0,0,3,1.29,9,3.88,0,0,0,0,3,1.29,0,0,0,82,82,83,35.78,0,0,0,0,0,0,0,0,0,0,0,0,0,0,0,0,0,0,0,0,15,6.47,13,5.6,0,0,2,1,0.43,0.86,17,7.33,0,0,0,0,24,10.34,0,0,0,0,0,0,0,0,0,0,0,0,0,0,0,0,1,0.43,0,0,0,0,2,0.86,0,0,1,0.43,2,0.86,0,0,8,3.45,8,3.45,2,0.86,1,0.43,0,0,3,1.29,68,29.31,49,21.12,30,12.93,68,29.31,2,0.86,6,2.59,0,0,1,0.43,9,3.88,3,1.29,2,0.86,0,0,0,0,0,0,2,0.86,2,0.86,2,0.86,32,13.79,87,37.5,0,0,1,0.43,71,30.6,8,3.45,6,2.59,16,6.9,143,61.64,0,0,10,4.31,10,4.31,3,1.29,7,3.02,9,3.88,20,8.62,6,2.59,7,3.02,0,0,0,0,0,0,137,3
ec11qjgk5vmd4e5q6f89au5n8,Zakari El Khalfioui,Z. El Khalfioui,Forward,Morocco Under 17,dfg96qo6xhnrrrhe8pnvspyqp,2025-11-24T18:53:10Z,417,4.63,Midfielders,cm,"cm,dm",2,9,8,1.73,1.94,1,0.22,6,1.3,0,0,1,0.22,0,0,26,5.62,1,0.22,1,0.22,41,8.86,0,0,12,2.59,0,0,0,0,33,33,16,3.46,0,0,0,0,0,0,1,0.22,3,0.65,75,75,0,0,39,24,5.18,8.42,15,38,38,3.24,69,14.9,21,4.54,53,11.45,2,0.43,0,0,0,0,0,0,6,1.3,0,0,0,0,0,0,1,11,10,2.16,1,0.22,2.38,0,0,0,0,1,0.22,0.22,30,16,3.46,6.48,14,3.02,0,0,0,0,0,0,1,0.22,6,1.3,12,2.59,0,0,0,0,31,6.7,417,0,0,78,78,126,27.21,0,0,1,0.22,0,0,0,0,0,0,0,0,0,0,0,0,0,2,0.43,0,21,4.54,13,2.81,0,0,8,2,0.43,1.73,17,3.67,0,0,1,0.22,31,6.7,0,0,0,0,0,0,0,0,0,0,0,0,0,0,1,0.22,0,0,3,0.65,3,3,5,1.08,0,0,4,0.86,1,0.22,3,0.65,4,0.86,1,0.22,3,0.65,1,0.22,1,0.22,20,4.32,98,21.17,74,15.98,40,8.64,90,19.44,2,0.43,5,1.08,0,0,0,0,1,0.22,4,0.86,1,0.22,1,0.22,0,0,0,0,3,0.65,4,0.86,4,0.86,57,12.31,141,30.45,0,0,3,0.65,110,23.76,7,1.51,4,0.86,31,6.7,211,45.57,10,2.16,14,3.02,1,0.22,1,0.22,5,1.08,9,1.94,36,7.78,9,1.94,22,4.75,0,0,0,0,0,0,140,18
cbj0otdwebf7lrunlm36nhy50,Nahël Pierre Allal Haddani,N. Haddani,Forward,Morocco Under 17,dfg96qo6xhnrrrhe8pnvspyqp,2025-11-24T18:53:10Z,243,2.7,Strikers,st,st,1,14,7,2.59,5.19,7,2.59,5,1.85,1,0.37,0,0,0,0,13,4.81,1,0.37,2,0.74,21,7.78,0,0,5,1.85,1,0.37,0,0,16,16,0,0,3,1.11,0,0,0,0,0,0,1,0.37,50,50,0,0,32,17,6.3,11.85,15,47,47,5.56,54,20,3,1.11,10,3.7,1,0.37,0,0,0,0,0,0,5,1.85,1,0.37,0,0,0,0,3,5,3,1.11,2,0.74,1.85,2,0.74,3,1.11,0,0,1.11,18,10,3.7,6.67,8,2.96,0,0,1,0.37,0,0,3,1.11,0,0,4,1.48,0,0,0,0,11,4.07,81,1,0.37,59,59,34,12.59,0,0,1,0.37,0,0,0,0,0,0,0,0,0,0,0,0,0,0,0,0,10,3.7,5,1.85,0,0,4,1,0.37,1.48,4,1.48,0,0,2,0.74,6,2.22,0,0,0,0,0,0,0,0,0,0,0,0,0,0,0,0,12,4.44,7,2.59,6,6,2,0.74,0,0,1,0.37,3,1.11,0,0,1,0.37,1,0.37,4,1.48,0,0,0,0,1,0.37,20,7.41,16,5.93,10,3.7,24,8.89,1,0.37,2,0.74,0,0,0,0,0,0,5,1.85,0,0,7,2.59,0,0,3,1.11,3,1.11,3,1.11,1,0.37,31,11.48,40,14.81,0,0,19,7.04,25,9.26,3,1.11,34,12.59,15,5.56,96,35.56,0,0,2,0.74,2,0.74,4,1.48,1,0.37,2,0.74,14,5.19,3,1.11,13,4.81,1,0.37,0,0,1,0.37,141,19
3mzaubx3kp75azb3rb68jan10,Ilyas Hidaoui,I. Hidaoui,Defender,Morocco Under 17,dfg96qo6xhnrrrhe8pnvspyqp,2025-11-24T18:53:10Z,450,5,Center Backs,cb,cb,1,9,3,0.6,1.8,6,1.2,5,1,0,0,0,0,0,0,15,3,1,0.2,4,0.8,71,14.2,0,0,1,0.2,1,0.2,0,0,17,17,0,0,3,0.6,0,0,0,0,0,0,0,0,0,0,0,0,23,7,1.4,4.6,16,70,70,3.2,10,2,21,4.2,109,21.8,1,0.2,0,0,3,0.6,0,0,5,1,0,0,3,0.6,0,0,1,11,9,1.8,2,0.4,2.2,0,0,1,0.2,0,0,0.2,14,4,0.8,2.8,10,2,0,0,1,0.2,0,0,1,0.2,1,0.2,1,0.2,2,0.4,0,0,56,11.2,450,0,0,83,83,232,46.4,0,0,0,0,0,0,0,0,0,0,0,0,0,0,0,0,0,2,0.4,0,46,9.2,17,3.4,0,0,4,2,0.4,0.8,16,3.2,0,0,0,0,70,14,0,0,0,0,0,0,0,0,0,0,0,0,0,0,0,0,4,0.8,2,0.4,6,6,5,1,0,0,0,0,0,0,0,0,0,0,0,0,0,0,2,0.4,0,0,26,5.2,193,38.6,82,16.4,126,25.2,182,36.4,2,0.4,4,0.8,0,0,0,0,0,0,1,0.2,0,0,0,0,0,0,1,0.2,28,5.6,1,0.2,4,0.8,47,9.4,250,50,0,0,6,1.2,208,41.6,6,1.2,5,1,42,8.4,312,62.4,0,0,0,0,0,0,1,0.2,5,1,26,5.2,27,5.4,15,3,16,3.2,0,0,1,0.2,2,0.4,142,15
clu1012b89ls5fz8px9w3zx90,Oualid Ibn Salah,O. Ibn Salah,Midfielder,Morocco Under 17,dfg96qo6xhnrrrhe8pnvspyqp,2025-11-24T18:53:10Z,428,4.76,Midfielders,cm,"dm,cm",2,9,4,0.84,1.89,5,1.05,6,1.26,0,0,0,0,0,0,30,6.3,2,0.42,2,0.42,55,11.55,0,0,9,1.89,0,0,0,0,20,20,0,0,2,0.42,0,0,0,0,0,0,6,1.26,70,70,0,0,52,21,4.41,10.92,31,60,60,6.51,49,10.29,10,2.1,24,5.04,1,0.21,0,0,0,0,0,0,6,1.26,1,0.21,0,0,0,0,1,12,10,2.1,2,0.42,2.52,1,0.21,1,0.21,0,0,0.21,43,17,3.57,9.03,26,5.46,1,0.21,1,0.21,0,0,1,0.21,5,1.05,8,1.68,0,0,0,0,22,4.62,428,0,0,82,82,114,23.95,0,0,0,0,0,0,0,0,0,0,0,0,0,0,0,0,0,2,0.42,0,20,4.2,8,1.68,0,0,9,2,0.42,1.89,27,5.67,0,0,0,0,38,7.98,0,0,0,0,0,0,0,0,0,0,0,0,0,0,0,0,4,0.84,1,0.21,5,5,5,1.05,0,0,1,0.21,1,0.21,0,0,3,0.63,3,0.63,7,1.47,0,0,2,0.42,5,1.05,94,19.75,45,9.45,52,10.92,89,18.7,5,1.05,7,1.47,0,0,0,0,2,0.42,9,1.89,1,0.21,0,0,0,0,1,0.21,8,1.68,5,1.05,7,1.47,37,7.77,114,23.95,0,0,5,1.05,94,19.75,12,2.52,8,1.68,20,4.2,196,41.18,0,0,3,0.63,3,0.63,3,0.63,0,0,2,0.42,17,3.57,6,1.26,18,3.78,0,0,0,0,1,0.21,143,14
4gfi5cuouo9fc8bdkjtlkv5lg,Ahmed Mouhoub,A. Mouhoub,Midfielder,Morocco Under 17,dfg96qo6xhnrrrhe8pnvspyqp,2025-11-24T18:53:10Z,131,1.46,Midfielders,cm,cm,1,7,3,2.05,4.79,4,2.74,6,4.11,0,0,0,0,0,0,7,4.79,2,1.37,0,0,14,9.59,0,0,3,2.05,0,0,0,0,0,0,0,0,0,0,0,0,0,0,0,0,0,0,0,0,0,0,23,11,7.53,15.75,12,52,52,8.22,25,17.12,2,1.37,11,7.53,4,2.74,0,0,0,0,0,0,6,4.11,0,0,0,0,0,0,0,5,3,2.05,2,1.37,3.42,0,0,0,0,0,0,0,16,8,5.48,10.96,8,5.48,0,0,0,0,0,0,0,0,0,0,3,2.05,0,0,0,0,7,4.79,0,0,0,74,74,38,26.03,0,0,0,0,0,0,0,0,0,0,0,0,0,0,0,0,0,0,0,0,7,4.79,4,2.74,0,0,4,2,1.37,2.74,5,3.42,0,0,0,0,13,8.9,0,0,0,0,0,0,0,0,0,0,0,0,0,0,0,0,2,1.37,0,0,0,0,1,0.68,0,0,1,0.68,5,3.42,0,0,1,0.68,1,0.68,0,0,0,0,1,0.68,0,0,28,19.18,19,13.01,10,6.85,28,19.18,2,1.37,3,2.05,0,0,0,0,0,0,0,0,1,0.68,2,1.37,0,0,0,0,2,1.37,5,3.42,4,2.74,17,11.64,38,26.03,0,0,2,1.37,28,19.18,5,3.42,5,3.42,10,6.85,66,45.21,0,0,2,1.37,2,1.37,0,0,0,0,2,1.37,11,7.53,1,0.68,8,5.48,0,0,0,0,1,0.68,144,11
dyurvoycbhux9rm1mpaaegf10,Abdellah Ouazane,A. Ouazane,Midfielder,Morocco Under 17,dfg96qo6xhnrrrhe8pnvspyqp,2025-11-24T18:53:10Z,202,2.24,Strikers,st,"st,am",2,4,3,1.34,1.79,1,0.45,5,2.23,0,0,0,0,1,0.45,14,6.25,2,0.89,0,0,37,16.52,0,0,3,1.34,0,0,0,0,38,38,2,0.89,3,1.34,0,0,0,0,0,0,3,1.34,50,50,0,0,31,18,8.04,13.84,13,42,42,5.8,60,26.79,10,4.46,29,12.95,0,0,0,0,0,0,0,0,5,2.23,0,0,0,0,0,0,3,6,6,2.68,0,0,2.68,3,1.34,2,0.89,1,0.45,1.34,27,15,6.7,12.05,12,5.36,0,0,0,0,0,0,2,0.89,1,0.45,3,1.34,0,0,1,0.45,8,3.57,67,0,0,82,82,61,27.23,0,0,0,0,0,0,0,0,0,0,0,0,0,0,0,0,0,1,0.45,0,21,9.37,7,3.12,0,0,2,1,0.45,0.89,11,4.91,0,0,2,0.89,16,7.14,0,0,0,0,0,0,0,0,0,0,0,0,0,0,0,0,4,1.79,4,1.79,3,3,2,0.89,0,0,3,1.34,3,1.34,0,0,2,0.89,2,0.89,7,3.12,0,0,1,0.45,5,2.23,50,22.32,39,17.41,18,8.04,50,22.32,1,0.45,2,0.89,0,0,0,0,0,0,10,4.46,0,0,0,0,0,0,1,0.45,2,0.89,4,1.79,2,0.89,38,16.96,67,29.91,0,0,8,3.57,55,24.55,3,1.34,11,4.91,12,5.36,125,55.8,2,0.89,10,4.46,8,3.57,7,3.12,0,0,4,1.79,19,8.48,3,1.34,8,3.57,0,0,0,0,0,0,145,8
2ppnurk6mr4brequqvoemrp5g,Elyes Saïdi,E. Saïdi,Midfielder,Morocco Under 17,dfg96qo6xhnrrrhe8pnvspyqp,2025-11-24T18:53:10Z,391,4.34,Midfielders,dm,"cm,dm",2,9,3,0.69,2.07,6,1.38,5,1.15,3,0.69,0,0,0,0,35,8.06,0,0,3,0.69,44,10.14,0,0,8,1.84,0,0,0,0,0,0,10,2.3,1,0.23,0,0,0,0,0,0,2,0.46,67,67,0,0,38,13,3,8.76,25,66,66,5.76,51,11.75,13,3,47,10.83,3,0.69,0,0,0,0,0,0,5,1.15,3,0.69,0,0,0,0,0,6,5,1.15,1,0.23,1.38,0,0,0,0,0,0,0,29,10,2.3,6.68,19,4.38,0,0,0,0,0,0,0,0,3,0.69,5,1.15,0,0,0,0,36,8.29,0,0,0,85,85,160,36.87,0,0,0,0,0,0,0,0,0,0,0,0,0,0,0,0,0,1,0.23,0,15,3.46,12,2.76,0,0,7,3,0.69,1.61,26,5.99,0,0,0,0,55,12.67,0,0,0,0,0,0,0,0,0,0,0,0,0,0,0,0,3,0.69,1,0.23,0,0,5,1.15,0,0,3,0.69,0,0,0,0,3,0.69,3,0.69,2,0.46,0,0,2,0.46,14,3.23,136,31.34,68,15.67,82,18.89,133,30.65,4,0.92,9,2.07,1,0.23,0,0,0,0,3,0.69,3,0.69,0,0,0,0,0,0,9,2.07,3,0.69,4,0.92,41,9.45,173,39.86,0,0,4,0.92,147,33.87,13,3,4,0.92,26,5.99,244,56.22,2,0.46,5,1.15,3,0.69,1,0.23,2,0.46,7,1.61,24,5.53,7,1.61,19,4.38,0,0,0,0,0,0,146,6
34kwuqdm2rtcl4o2y1aisuk9g,Bilal Soukrat,B. Soukrat,Defender,Morocco Under 17,dfg96qo6xhnrrrhe8pnvspyqp,2025-11-24T18:53:10Z,360,4,Center Backs,cb,cb,1,8,3,0.75,2,5,1.25,4,1,0,0,0,0,0,0,7,1.75,0,0,3,0.75,39,9.75,0,0,0,0,1,0.25,0,0,50,50,0,0,0,0,0,0,0,0,0,0,0,0,50,50,0,0,16,5,1.25,4,11,69,69,2.75,13,3.25,19,4.75,73,18.25,1,0.25,0,0,0,0,0,0,4,1,0,0,0,0,0,0,1,5,4,1,1,0.25,1.25,0,0,1,0.25,0,0,0.25,8,2,0.5,2,6,1.5,0,0,0,0,0,0,1,0.25,2,0.5,0,0,0,0,0,0,60,15,360,0,0,84,84,168,42,0,0,0,0,0,0,0,0,0,0,0,0,0,0,0,0,0,1,0.25,0,27,6.75,6,1.5,0,0,4,2,0.5,1,12,3,0,0,1,0.25,38,9.5,0,0,0,0,0,0,0,0,0,0,0,0,0,0,0,0,0,0,2,0.5,2,2,4,1,0,0,0,0,0,0,0,0,1,0.25,1,0.25,1,0.25,4,1,0,0,16,4,141,35.25,58,14.5,92,23,133,33.25,2,0.5,3,0.75,0,0,0,0,0,0,1,0.25,0,0,0,0,0,0,0,0,22,5.5,1,0.25,0,0,35,8.75,178,44.5,0,0,2,0.5,149,37.25,5,1.25,3,0.75,29,7.25,227,56.75,0,0,1,0.25,1,0.25,1,0.25,7,1.75,17,4.25,21,5.25,9,2.25,12,3,0,0,1,0.25,0,0,147,5
e8obxlbt6hg8p1nzrza33sx78,Moncef Zekri,M. Zekri,Defender,Morocco Under 17,dfg96qo6xhnrrrhe8pnvspyqp,2025-11-24T18:53:10Z,431,4.79,Full Backs,lb,"lb,lm",2,9,9,1.88,1.88,0,0,5,1.04,2,0.42,0,0,0,0,28,5.85,0,0,1,0.21,49,10.23,0,0,4,0.84,0,0,0,0,0,0,0,0,1,0.21,0,0,0,0,0,0,5,1.04,73,73,0,0,50,27,5.64,10.44,23,46,46,4.8,46,9.6,12,2.51,53,11.06,1,0.21,0,0,0,0,0,0,5,1.04,2,0.42,0,0,0,0,0,12,11,2.3,1,0.21,2.51,0,0,0,0,0,0,0,41,18,3.76,8.56,23,4.8,0,0,0,0,0,0,0,0,3,0.63,2,0.42,0,0,0,0,5,1.04,0,1,0.21,82,82,117,24.43,0,0,3,0.63,0,0,0,0,0,0,0,0,0,0,0,0,0,2,0.42,0,32,6.68,11,2.3,0,0,1,0,0,0.21,18,3.76,0,0,0,0,36,7.52,0,0,0,0,0,0,0,0,0,0,0,0,0,0,0,0,2,0.42,1,0.21,0,0,5,1.04,0,0,1,0.21,0,0,0,0,4,0.84,1,0.21,8,1.67,0,0,0,0,4,0.84,96,20.04,43,8.98,61,12.73,96,20.04,1,0.21,9,1.88,0,0,3,0.63,29,6.05,8,1.67,2,0.42,0,0,0,0,0,0,7,1.46,9,1.88,5,1.04,47,9.81,122,25.47,0,0,3,0.63,100,20.88,10,2.09,3,0.63,22,4.59,223,46.56,0,0,6,1.25,6,1.25,3,0.63,2,0.42,9,1.88,19,3.97,9,1.88,13,2.71,0,0,0,0,0,0,148,17
6p7ahyn0y47b7dy98dnmuwhec,Steevy Mathias Jean-Charles T. Andrew,S. Andrew,Midfielder,New Caledonia Under 17,6rl572ji3kxr6e281egrneuhd,2025-11-12T09:47:21Z,270,3,Center Backs,cb,cb,1,9,5,1.67,3,4,1.33,3,1,0,0,0,0,0,0,1,0.33,0,0,12,4,8,2.67,0,0,0,0,1,0.33,1,0.33,0,0,0,0,0,0,0,0,0,0,0,0,2,0.67,0,0,0,0,24,14,4.67,8,10,42,42,3.33,0,0,0,0,20,6.67,2,0.67,0,0,0,0,1,0.33,3,1,0,0,1,0.33,0,0,0,22,20,6.67,2,0.67,7.33,0,0,0,0,0,0,0,15,9,3,5,6,2,0,0,0,0,0,0,0,0,1,0.33,0,0,0,0,0,0,5,1.67,0,1,0.33,56,56,25,8.33,0,0,0,0,1,0.33,0,0,0,0,0,0,0,0,0,0,0,0,0,0,4,1.33,3,1,0,0,1,0,0,0.33,6,2,0,0,0,0,4,1.33,0,0,0,0,0,0,0,0,0,0,0,0,0,0,0,0,0,0,0,0,0,0,3,1,0,0,0,0,0,0,0,0,0,0,0,0,0,0,0,0,0,0,1,0.33,14,4.67,4,1.33,11,3.67,14,4.67,2,0.67,2,0.67,0,0,0,0,0,0,2,0.67,0,0,0,0,3,1,0,0,35,11.67,3,1,2,0.67,20,6.67,30,10,0,0,0,0,15,5,4,1.33,0,0,15,5,91,30.33,0,0,0,0,0,0,0,0,6,2,10,3.33,11,3.67,4,1.33,5,1.67,0,0,0,0,1,0.33,149,20
5qhe0ok79yhtkj5i5x9nnt5w4,Yoël-Henry Waköiö Atoukassé Attawa,Y. Attawa,Midfielder,New Caledonia Under 17,6rl572ji3kxr6e281egrneuhd,2025-11-12T09:47:21Z,225,2.5,Full Backs,lwb,lwb,1,7,6,2.4,2.8,1,0.4,3,1.2,0,0,0,0,0,0,4,1.6,0,0,3,1.2,12,4.8,0,0,1,0.4,1,0.4,0,0,0,0,0,0,0,0,0,0,0,0,0,0,1,0.4,67,67,0,0,23,12,4.8,9.2,11,48,48,4.4,13,5.2,4,1.6,7,2.8,1,0.4,0,0,0,0,0,0,3,1.2,0,0,0,0,0,0,0,13,13,5.2,0,0,5.2,0,0,0,0,0,0,0,16,6,2.4,6.4,10,4,0,0,0,0,0,0,0,0,5,2,1,0.4,0,0,0,0,2,0.8,0,2,0.8,65,65,26,10.4,0,0,0,0,0,0,0,0,0,0,0,0,0,0,0,0,0,0,0,0,4,1.6,6,2.4,0,0,4,4,1.6,1.6,6,2.4,0,0,0,0,13,5.2,0,0,0,0,0,0,0,0,0,0,0,0,0,0,0,0,1,0.4,0,0,0,0,3,1.2,0,0,1,0.4,0,0,0,0,0,0,0,0,2,0.8,0,0,1,0.4,0,0,17,6.8,7,2.8,10,4,17,6.8,2,0.8,1,0.4,0,0,4,1.6,7,2.8,2,0.8,0,0,0,0,0,0,0,0,16,6.4,2,0.8,5,2,21,8.4,26,10.4,0,0,1,0.4,17,6.8,3,1.2,2,0.8,9,3.6,90,36,0,0,2,0.8,2,0.8,1,0.4,1,0.4,2,0.8,9,3.6,2,0.8,7,2.8,0,0,0,0,0,0,150,2
6go3p5w814m8mh8sfbpjx7rx0,Wesley Jean-Marie Bealo Bouaoui,W. Bouaoui,Forward,New Caledonia Under 17,6rl572ji3kxr6e281egrneuhd,2025-11-12T09:47:21Z,239,2.66,Strikers,st,st,1,30,24,9.02,11.28,6,2.26,3,1.13,0,0,0,0,0,0,10,3.76,3,1.13,1,0.38,9,3.38,0,0,0,0,1,0.38,0,0,0,0,0,0,0,0,0,0,0,0,0,0,1,0.38,25,25,0,0,47,34,12.78,17.67,13,28,28,4.89,15,5.64,2,0.75,12,4.51,1,0.38,0,0,0,0,0,0,3,1.13,0,0,0,0,0,0,0,16,15,5.64,1,0.38,6.02,0,0,0,0,0,0,0,17,10,3.76,6.39,7,2.63,0,0,0,0,0,0,0,0,2,0.75,0,0,0,0,0,0,5,1.88,0,1,0.38,33,33,18,6.77,0,0,0,0,0,0,0,0,0,0,0,0,0,0,0,0,0,0,0,0,6,2.26,1,0.38,0,0,4,2,0.75,1.5,7,2.63,0,0,0,0,2,0.75,0,0,0,0,0,0,0,0,0,0,0,0,0,0,0,0,2,0.75,0,0,0,0,3,1.13,0,0,1,0.38,0,0,0,0,0,0,0,0,1,0.38,0,0,0,0,0,0,6,2.26,6,2.26,11,4.14,17,6.39,1,0.38,4,1.5,0,0,0,0,0,0,4,1.5,0,0,0,0,0,0,0,0,13,4.89,6,2.26,1,0.38,22,8.27,29,10.9,0,0,2,0.75,17,6.39,5,1.88,4,1.5,12,4.51,76,28.57,0,0,0,0,0,0,3,1.13,2,0.75,2,0.75,11,4.14,1,0.38,10,3.76,0,0,0,0,1,0.38,152,9
80d4fj522bij70d2jqih34qhg,Jean Samuel Xelë Canehmez,J. Canehmez,Midfielder,New Caledonia Under 17,6rl572ji3kxr6e281egrneuhd,2025-11-12T09:47:21Z,211,2.34,Midfielders,cm,cm,1,5,4,1.71,2.14,1,0.43,3,1.28,0,0,0,0,0,0,4,1.71,1,0.43,2,0.85,12,5.13,0,0,1,0.43,1,0.43,0,0,0,0,0,0,0,0,0,0,0,0,0,0,1,0.43,100,100,0,0,19,9,3.85,8.12,10,53,53,4.27,9,3.85,3,1.28,14,5.98,2,0.85,0,0,0,0,0,0,3,1.28,0,0,0,0,0,0,0,9,9,3.85,0,0,3.85,0,0,0,0,0,0,0,14,5,2.14,5.98,9,3.85,0,0,0,0,0,0,0,0,4,1.71,1,0.43,0,0,0,0,13,5.56,0,0,0,65,65,37,15.81,0,0,0,0,0,0,0,0,0,0,0,0,0,0,0,0,0,0,0,0,3,1.28,1,0.43,0,0,3,1,0.43,1.28,9,3.85,0,0,0,0,6,2.56,0,0,0,0,0,0,0,0,0,0,0,0,0,0,0,0,1,0.43,0,0,0,0,3,1.28,1,0.43,0,0,0,0,0,0,0,0,0,0,4,1.71,1,0.43,0,0,1,0.43,24,10.26,11,4.7,13,5.56,23,9.83,1,0.43,3,1.28,0,0,0,0,0,0,1,0.43,0,0,0,0,0,0,0,0,9,3.85,2,0.85,1,0.43,19,8.12,37,15.81,1,0.43,1,0.43,24,10.26,4,1.71,0,0,13,5.56,73,31.2,0,0,1,0.43,1,0.43,0,0,2,0.85,3,1.28,12,5.13,2,0.85,10,4.27,0,0,0,0,0,0,153,7
b4ztig7hn5d03rp4ztjc1e2ok,Typhan Lawié Glenn Dreuko,T. Dreuko,Defender,New Caledonia Under 17,6rl572ji3kxr6e281egrneuhd,2025-11-12T09:47:21Z,150,1.67,Center Backs,cb,cb,1,4,3,1.8,2.4,1,0.6,3,1.8,0,0,0,0,0,0,0,0,0,0,3,1.8,1,0.6,0,0,0,0,0,0,0,0,0,0,0,0,0,0,0,0,0,0,0,0,0,0,0,0,0,0,13,5,2.99,7.78,8,62,62,4.79,0,0,1,0.6,14,8.38,1,0.6,0,0,0,0,0,0,3,1.8,0,0,0,0,0,0,0,7,7,4.19,0,0,4.19,0,0,0,0,0,0,0,9,2,1.2,5.39,7,4.19,0,0,0,0,0,0,0,0,3,1.8,0,0,0,0,0,0,1,0.6,0,0,0,50,50,16,9.58,0,0,1,0.6,0,0,0,0,0,0,0,0,0,0,0,0,0,0,0,0,0,0,1,0.6,0,0,1,0,0,0.6,1,0.6,0,0,0,0,2,1.2,0,0,0,0,0,0,0,0,0,0,0,0,0,0,0,0,0,0,0,0,0,0,3,1.8,1,0.6,2,1.2,0,0,0,0,0,0,0,0,0,0,0,0,0,0,1,0.6,8,4.79,4,2.4,4,2.4,7,4.19,0,0,4,2.4,0,0,0,0,0,0,0,0,0,0,0,0,0,0,0,0,15,8.98,1,0.6,3,1.8,11,6.59,17,10.18,1,0.6,0,0,8,4.79,4,2.4,0,0,9,5.39,52,31.14,0,0,0,0,0,0,0,0,5,2.99,6,3.59,8,4.79,1,0.6,3,1.8,0,0,0,0,0,0,154,12
e42yiplm7regx3e90xad6hz4k,Yvrick Waare Gregory Hmae,Y. Hmae,Defender,New Caledonia Under 17,6rl572ji3kxr6e281egrneuhd,2025-11-12T09:47:21Z,171,1.9,Full Backs,rwb,rwb,1,1,0,0,0.53,1,0.53,3,1.58,0,0,0,0,0,0,0,0,0,0,1,0.53,12,6.32,0,0,1,0.53,0,0,0,0,0,0,0,0,1,0.53,0,0,0,0,0,0,0,0,0,0,0,0,18,10,5.26,9.47,8,44,44,4.21,11,5.79,4,2.11,13,6.84,1,0.53,0,0,0,0,0,0,3,1.58,0,0,0,0,0,0,0,11,11,5.79,0,0,5.79,0,0,0,0,0,0,0,17,10,5.26,8.95,7,3.68,0,0,0,0,0,0,0,0,0,0,1,0.53,0,0,0,0,8,4.21,0,0,0,48,48,21,11.05,0,0,1,0.53,0,0,0,0,0,0,0,0,0,0,0,0,0,0,0,0,8,4.21,5,2.63,0,0,3,1,0.53,1.58,1,0.53,0,0,0,0,0,0,0,0,0,0,0,0,0,0,0,0,0,0,0,0,0,0,0,0,0,0,0,0,3,1.58,0,0,3,1.58,0,0,0,0,0,0,0,0,0,0,1,0.53,0,0,1,0.53,10,5.26,7,3.68,3,1.58,9,4.74,1,0.53,4,2.11,0,0,5,2.63,4,2.11,2,1.05,0,0,0,0,0,0,0,0,12,6.32,1,0.53,2,1.05,29,15.26,21,11.05,0,0,0,0,10,5.26,5,2.63,0,0,11,5.79,66,34.74,0,0,3,1.58,3,1.58,2,1.05,4,2.11,5,2.63,10,5.26,4,2.11,6,3.16,0,0,0,0,0,0,155,5
51awqdzxr890aylsha2ca5uz8,Darryl Hmaloko Steeve Jean-Ren Hmaloko,D. Hmaloko,Midfielder,New Caledonia Under 17,6rl572ji3kxr6e281egrneuhd,2025-11-12T09:47:21Z,120,1.33,Midfielders,cm,cm,1,4,3,2.26,3.01,1,0.75,3,2.26,0,0,0,0,0,0,1,0.75,0,0,2,1.5,8,6.02,0,0,0,0,0,0,0,0,0,0,0,0,0,0,0,0,0,0,0,0,0,0,100,100,0,0,10,4,3.01,7.52,6,60,60,4.51,3,2.26,2,1.5,3,2.26,0,0,0,0,0,0,0,0,3,2.26,0,0,0,0,0,0,0,11,9,6.77,2,1.5,8.27,0,0,0,0,0,0,0,6,1,0.75,4.51,5,3.76,0,0,0,0,0,0,0,0,2,1.5,0,0,0,0,0,0,2,1.5,0,0,0,70,70,10,7.52,0,0,1,0.75,0,0,0,0,0,0,0,0,0,0,0,0,0,0,0,0,4,3.01,1,0.75,0,0,0,0,0,0,2,1.5,0,0,0,0,4,3.01,0,0,0,0,0,0,0,0,0,0,0,0,0,0,0,0,0,0,0,0,0,0,1,0.75,0,0,1,0.75,2,1.5,0,0,0,0,0,0,1,0.75,0,0,0,0,0,0,7,5.26,2,1.5,5,3.76,7,5.26,1,0.75,1,0.75,0,0,1,0.75,2,1.5,0,0,0,0,0,0,1,0.75,0,0,9,6.77,1,0.75,2,1.5,10,7.52,10,7.52,0,0,0,0,7,5.26,2,1.5,0,0,3,2.26,45,33.83,0,0,0,0,0,0,0,0,1,0.75,1,0.75,1,0.75,2,1.5,2,1.5,0,0,0,0,0,0,156,3
eqn3e928wag9ptp0qiynbyeqc,Fabrice Yoran Kardinal I. Iopue,F. Iopue,Defender,New Caledonia Under 17,6rl572ji3kxr6e281egrneuhd,2025-11-12T09:47:21Z,270,3,Center Backs,cb,cb,1,5,3,1,1.67,2,0.67,3,1,0,0,0,0,0,0,0,0,0,0,16,5.33,11,3.67,0,0,0,0,1,0.33,1,0.33,0,0,0,0,0,0,0,0,0,0,0,0,1,0.33,100,100,0,0,21,9,3,7,12,57,57,4,2,0.67,2,0.67,39,13,0,0,0,0,1,0.33,0,0,3,1,0,0,1,0.33,0,0,0,22,20,6.67,2,0.67,7.33,0,0,0,0,0,0,0,16,6,2,5.33,10,3.33,0,0,0,0,0,0,0,0,5,1.67,0,0,0,0,0,0,9,3,0,0,0,54,54,39,13,0,0,0,0,0,0,0,0,0,0,0,0,0,0,0,0,0,0,0,0,6,2,2,0.67,0,0,1,1,0.33,0.33,5,1.67,0,0,0,0,4,1.33,0,0,0,0,0,0,0,0,0,0,0,0,0,0,0,0,1,0.33,0,0,0,0,3,1,0,0,0,0,0,0,0,0,0,0,0,0,2,0.67,1,0.33,0,0,5,1.67,21,7,10,3.33,16,5.33,21,7,2,0.67,5,1.67,0,0,0,0,0,0,1,0.33,0,0,0,0,2,0.67,0,0,31,10.33,0,0,1,0.33,28,9.33,52,17.33,0,0,1,0.33,26,8.67,7,2.33,0,0,26,8.67,128,42.67,0,0,0,0,0,0,0,0,11,3.67,21,7,18,6,8,2.67,5,1.67,0,0,0,0,0,0,160,4
2kp0zlgtfz3sumqmvptvdezv8,Nicolas Capaie Kutran,N. Kutran,Goalkeeper,New Caledonia Under 17,6rl572ji3kxr6e281egrneuhd,2025-11-12T09:47:21Z,270,3,Goalkeepers,gk,gk,1,4,1,0.33,1.33,3,1,3,1,0,0,0,0,0,0,0,0,0,0,0,0,1,0.33,2,0.67,0,0,1,0.33,0,0,0,0,0,0,0,0,0,0,0,0,0,0,0,0,0,0,4,1.33,5,1,0.33,1.67,4,80,80,1.33,0,0,0,0,89,29.67,0,0,0,0,23,7.67,44,14.67,3,1,0,0,61,20.33,0,0,0,22,20,6.67,2,0.67,7.33,0,0,0,0,0,0,0,1,0,0,0.33,1,0.33,0,0,0,0,0,0,0,0,0,0,0,0,0,0,0,0,8,2.67,0,0,0,56,56,9,3,0,0,0,0,0,0,0,0,0,0,0,0,0,0,0,0,0,0,0,0,1,0.33,7,2.33,3,1,0,0,0,0,32,10.67,0,0,0,0,8,2.67,30,22,7.33,8,2.67,10,0,0,1,0.33,6,2,0,0,0,0,0,0,0,0,0,0,3,1,0,0,0,0,0,0,0,0,0,0,0,0,0,0,4,1.33,0,0,14,4.67,5,1.67,9,3,23,7.67,18,6,0,0,1,0.33,0,0,0,0,0,0,0,0,0,0,0,0,5,1.67,0,0,9,3,0,0,0,0,74,24.67,105,35,0,0,0,0,32,10.67,1,0.33,0,0,73,24.33,158,52.67,0,0,0,0,0,0,0,0,13,4.33,73,24.33,57,19,16,5.33,0,0,0,0,0,0,0,0,163,21
datu2lxsti2je5eb73ljwzp5g,Alwaly Baba Camara,A. Camara,Forward,Senegal Under 17,5ey5gkoswmdq6hlkn0ktgqoyd,2025-11-18T01:03:56Z,228,2.53,Midfielders,cm,"rw,cm,am",3,1,0,0,0.4,1,0.4,4,1.58,0,0,0,0,0,0,44,17.39,1,0.4,0,0,30,11.86,0,0,5,1.98,1,0.4,0,0,25,25,7,2.77,3,1.19,0,0,0,0,0,0,4,1.58,0,0,0,0,25,16,6.32,9.88,9,36,36,3.56,55,21.74,6,2.37,21,8.3,1,0.4,1,0.4,0,0,0,0,4,1.58,0,0,0,0,0,0,1,1,0,0,1,0.4,0.4,1,0.4,1,0.4,0,0,0.4,24,16,6.32,9.49,8,3.16,0,0,0,0,0,0,1,0.4,0,0,5,1.98,0,0,1,0.4,30,11.86,228,0,0,83,83,110,43.48,0,0,0,0,0,0,0,0,0,0,0,0,0,0,0,0,0,0,0,0,10,3.95,2,0.79,0,0,3,2,0.79,1.19,7,2.77,0,0,0,0,16,6.32,0,0,0,0,0,0,0,0,0,0,0,0,1,0.4,0,0,2,0.79,2,0.79,4,4,3,1.19,0,0,2,0.79,1,0.4,3,1.19,3,1.19,0,0,0,0,0,0,1,0.4,8,3.16,91,35.97,43,17,52,20.55,84,33.2,0,0,2,0.79,1,0.4,0,0,0,0,8,3.16,1,0.4,2,0.79,0,0,0,0,0,0,3,1.19,6,2.37,41,16.21,111,43.87,0,0,4,1.58,92,36.36,2,0.79,12,4.74,19,7.51,153,60.47,4,1.58,6,2.37,1,0.4,4,1.58,1,0.4,4,1.58,24,9.49,1,0.4,15,5.93,0,0,1,0.4,1,0.4,170,10
b82w34t3csa55mzb8bsexc0es,Mouhamed Dabo,M. Dabo,Midfielder,Senegal Under 17,5ey5gkoswmdq6hlkn0ktgqoyd,2025-11-18T01:03:56Z,315,3.5,Midfielders,cm,"cm,dm",2,5,2,0.57,1.43,3,0.86,4,1.14,0,0,0,0,0,0,43,12.29,4,1.14,1,0.29,68,19.43,0,0,2,0.57,2,0.57,0,0,0,0,3,0.86,2,0.57,0,0,0,0,0,0,2,0.57,50,50,0,0,32,10,2.86,9.14,22,69,69,6.29,44,12.57,14,4,38,10.86,0,0,0,0,0,0,0,0,4,1.14,0,0,0,0,0,0,0,1,0,0,1,0.29,0.29,0,0,0,0,0,0,0,27,8,2.29,7.71,19,5.43,0,0,0,0,0,0,0,0,3,0.86,2,0.57,0,0,0,0,50,14.29,0,0,0,91,91,185,52.86,0,0,0,0,0,0,0,0,0,0,0,0,0,0,0,0,0,0,0,0,30,8.57,1,0.29,0,0,2,1,0.29,0.57,22,6.29,0,0,0,0,61,17.43,0,0,0,0,0,0,0,0,0,0,0,0,0,0,0,0,2,0.57,1,0.29,0,0,3,0.86,0,0,0,0,1,0.29,1,0.29,1,0.29,0,0,4,1.14,0,0,6,1.71,6,1.71,169,48.29,72,20.57,104,29.71,169,48.29,1,0.29,1,0.29,0,0,0,0,0,0,6,1.71,0,0,0,0,0,0,0,0,3,0.86,1,0.29,13,3.71,40,11.43,192,54.86,0,0,3,0.86,175,50,2,0.57,4,1.14,17,4.86,253,72.29,2,0.57,7,2,3,0.86,4,1.14,1,0.29,6,1.71,22,6.29,2,0.57,11,3.14,0,0,0,0,0,0,171,13
bm6dq98pm09oiu6xx9i2vj4t0,Vincent Gomis,V. Gomis,Goalkeeper,Senegal Under 17,5ey5gkoswmdq6hlkn0ktgqoyd,2025-11-18T01:03:56Z,360,4,Goalkeepers,gk,gk,1,2,0,0,0.5,2,0.5,4,1,0,0,0,0,0,0,0,0,0,0,0,0,21,5.25,3,0.75,0,0,3,0.75,0,0,0,0,0,0,0,0,0,0,0,0,0,0,0,0,100,100,1,0.25,5,0,0,1.25,5,100,100,1.25,0,0,4,1,37,9.25,0,0,0,0,39,9.75,3,0.75,4,1,0,0,26,6.5,1,0.25,0,1,0,0,1,0.25,0.25,0,0,0,0,0,0,0,3,0,0,0.75,3,0.75,0,0,0,0,0,0,0,0,0,0,0,0,0,0,0,0,38,9.5,0,0,0,92,92,75,18.75,0,0,0,0,0,0,0,0,0,0,0,0,0,0,0,0,0,0,0,0,14,3.5,6,1.5,2,0.5,0,0,0,0,26,6.5,0,0,0,0,33,8.25,7,2,0.5,5,1.25,1.75,0,0,0,0,2,0.5,0,0,0,0,0,0,0,0,0,0,4,1,0,0,0,0,0,0,0,0,0,0,0,0,1,0.25,4,1,0,0,10,2.5,69,17.25,7,1.75,90,22.5,87,21.75,0,0,0,0,0,0,0,0,0,0,0,0,0,0,0,0,1,0.25,0,0,7,1.75,0,0,1,0.25,13,3.25,108,27,0,0,0,0,97,24.25,0,0,0,0,11,2.75,148,37,0,0,0,0,0,0,0,0,5,1.25,11,2.75,9,2.25,2,0.5,0,0,0,0,0,0,0,0,174,16
1525laxo4qvgn473zpmjbl5hw,El Hadji Malick Lo,M. Lo,Defender,Senegal Under 17,5ey5gkoswmdq6hlkn0ktgqoyd,2025-11-18T01:03:56Z,162,1.8,Midfielders,cm,cm,1,6,4,2.22,3.33,2,1.11,4,2.22,0,0,0,0,0,0,17,9.44,0,0,0,0,33,18.33,0,0,3,1.67,0,0,0,0,0,0,3,1.67,1,0.56,0,0,0,0,0,0,6,3.33,78,78,0,0,30,17,9.44,16.67,13,43,43,7.22,50,27.78,4,2.22,13,7.22,1,0.56,0,0,0,0,0,0,4,2.22,0,0,0,0,0,0,0,0,0,0,0,0,0,0,0,0,0,0,0,0,24,13,7.22,13.33,11,6.11,1,0.56,0,0,0,0,0,0,5,2.78,3,1.67,0,0,0,0,10,5.56,0,0,0,83,83,58,32.22,0,0,1,0.56,0,0,0,0,0,0,0,0,0,0,0,0,0,0,0,0,13,7.22,4,2.22,0,0,1,1,0.56,0.56,8,4.44,0,0,0,0,19,10.56,0,0,0,0,0,0,0,0,0,0,0,0,0,0,0,0,2,1.11,0,0,0,0,2,1.11,0,0,2,1.11,2,1.11,0,0,3,1.67,1,0.56,7,3.89,0,0,1,0.56,3,1.67,48,26.67,20,11.11,32,17.78,46,25.56,0,0,2,1.11,0,0,0,0,8,4.44,8,4.44,0,0,0,0,0,0,0,0,1,0.56,2,1.11,2,1.11,40,22.22,59,32.78,0,0,2,1.11,49,27.22,2,1.11,8,4.44,10,5.56,126,70,3,1.67,9,5,6,3.33,2,1.11,0,0,1,0.56,17,9.44,2,1.11,9,5,0,0,0,0,1,0.56,175,14
g2lmmr07n9dhlrc69bckuas4,El Hadji Malick Cissé,Malick Cissé,Defender,Senegal Under 17,5ey5gkoswmdq6hlkn0ktgqoyd,2025-11-18T01:03:56Z,335,3.72,Center Backs,cb,cb,1,7,4,1.08,1.88,3,0.81,4,1.08,0,0,0,0,1,0.27,16,4.3,0,0,3,0.81,93,25,0,0,1,0.27,2,0.54,0,0,50,50,0,0,0,0,0,0,0,0,0,0,1,0.27,0,0,0,0,17,7,1.88,4.57,10,59,59,2.69,4,1.08,11,2.96,109,29.3,1,0.27,0,0,0,0,0,0,4,1.08,0,0,0,0,0,0,1,1,0,0,1,0.27,0.27,0,0,1,0.27,0,0,0.27,10,3,0.81,2.69,7,1.88,0,0,0,0,0,0,0,0,3,0.81,1,0.27,0,0,0,0,125,33.6,335,0,0,88,88,291,78.23,0,0,0,0,0,0,0,0,0,0,0,0,0,0,1,0.27,1,0,0,0.27,47,12.63,17,4.57,0,0,2,1,0.27,0.54,27,7.26,0,0,1,0.27,51,13.71,0,0,0,0,0,0,0,0,0,0,0,0,0,0,0,0,1,0.27,1,0.27,2,2,4,1.08,0,0,1,0.27,0,0,0,0,0,0,0,0,0,0,3,0.81,0,0,21,5.65,257,69.09,51,13.71,215,57.8,245,65.86,3,0.81,3,0.81,0,0,0,0,0,0,1,0.27,1,0.27,0,0,0,0,1,0.27,17,4.57,1,0.27,1,0.27,38,10.22,301,80.91,0,0,2,0.54,266,71.51,6,1.61,3,0.81,35,9.41,340,91.4,0,0,0,0,0,0,0,0,5,1.34,22,5.91,30,8.06,5,1.34,13,3.49,0,0,1,0.27,1,0.27,176,4
igohu0aovg7o5vukzersr11w,Lamine Mbengue,L. Mbengue,Defender,Senegal Under 17,5ey5gkoswmdq6hlkn0ktgqoyd,2025-11-18T01:03:56Z,320,3.56,Full Backs,lb,lb,1,6,4,1.12,1.69,2,0.56,4,1.12,0,0,0,0,0,0,38,10.67,0,0,1,0.28,63,17.7,0,0,4,1.12,2,0.56,0,0,0,0,0,0,1,0.28,0,0,0,0,0,0,1,0.28,60,60,0,0,25,8,2.25,7.02,17,68,68,4.78,56,15.73,25,7.02,72,20.22,0,0,0,0,0,0,0,0,4,1.12,0,0,0,0,0,0,0,1,0,0,1,0.28,0.28,0,0,0,0,0,0,0,19,4,1.12,5.34,15,4.21,0,0,0,0,0,0,0,0,5,1.4,4,1.12,0,0,0,0,8,2.25,0,0,0,90,90,155,43.54,0,0,0,0,0,0,0,0,0,0,0,0,0,0,0,0,0,0,0,0,40,11.24,15,4.21,0,0,3,0,0,0.84,19,5.34,0,0,0,0,40,11.24,0,0,0,0,0,0,0,0,0,0,0,0,0,0,0,0,1,0.28,0,0,0,0,4,1.12,0,0,2,0.56,0,0,0,0,3,0.84,3,0.84,3,0.84,1,0.28,1,0.28,4,1.12,139,39.04,76,21.35,69,19.38,138,38.76,6,1.69,4,1.12,0,0,7,1.97,26,7.3,3,0.84,2,0.56,0,0,0,0,0,0,2,0.56,0,0,2,0.56,38,10.67,158,44.38,0,0,1,0.28,142,39.89,10,2.81,2,0.56,16,4.49,239,67.13,0,0,8,2.25,8,2.25,2,0.56,2,0.56,3,0.84,20,5.62,4,1.12,13,3.65,0,0,0,0,0,0,177,2
7tia7mt5nrtdd8dgxd99690r8,Hyppolite Mignane Ndour,M. Ndour,Defender,Senegal Under 17,5ey5gkoswmdq6hlkn0ktgqoyd,2025-11-18T01:03:56Z,360,4,Full Backs,rb,rb,1,11,8,2,2.75,3,0.75,4,1,1,0.25,0,0,0,0,31,7.75,0,0,2,0.5,48,12,0,0,3,0.75,3,0.75,1,0.25,0,0,0,0,2,0.5,0,0,0,0,0,0,3,0.75,0,0,0,0,28,14,3.5,7,14,50,50,3.5,37,9.25,14,3.5,65,16.25,2,0.5,0,0,0,0,0,0,4,1,1,0.25,0,0,0,0,0,1,0,0,1,0.25,0.25,0,0,0,0,0,0,0,17,6,1.5,4.25,11,2.75,1,0.25,0,0,0,0,0,0,9,2.25,2,0.5,0,0,0,0,59,14.75,0,0,0,80,80,165,41.25,0,0,0,0,0,0,0,0,0,0,0,0,0,0,0,0,0,0,0,0,20,5,15,3.75,0,0,12,2,0.5,3,9,2.25,0,0,0,0,16,4,0,0,0,0,0,0,0,0,0,0,0,0,0,0,0,0,0,0,1,0.25,0,0,4,1,0,0,0,0,0,0,0,0,3,0.75,3,0.75,0,0,2,0.5,0,0,10,2.5,132,33,61,15.25,78,19.5,126,31.5,3,0.75,5,1.25,0,0,11,2.75,30,7.5,4,1,0,0,0,0,1,0.25,0,0,5,1.25,3,0.75,3,0.75,59,14.75,171,42.75,0,0,1,0.25,136,34,8,2,0,0,35,8.75,265,66.25,0,0,5,1.25,5,1.25,1,0.25,8,2,10,2.5,21,5.25,19,4.75,25,6.25,0,0,0,0,1,0.25,179,12
519yuwwawtw63j0tbx0y6z2ms,Ousseynou Ndiaye,O. Ndiaye,Midfielder,Senegal Under 17,5ey5gkoswmdq6hlkn0ktgqoyd,2025-11-18T01:03:56Z,290,3.22,Midfielders,dm,dm,1,10,1,0.31,3.11,9,2.8,4,1.24,0,0,0,0,0,0,22,6.83,0,0,0,0,31,9.63,0,0,0,0,2,0.62,0,0,0,0,0,0,1,0.31,0,0,0,0,0,0,0,0,100,100,0,0,38,10,3.11,11.8,28,74,74,8.7,13,4.04,18,5.59,66,20.5,0,0,0,0,0,0,0,0,4,1.24,0,0,0,0,0,0,0,1,0,0,1,0.31,0.31,0,0,0,0,0,0,0,28,9,2.8,8.7,19,5.9,0,0,0,0,0,0,0,0,2,0.62,0,0,0,0,0,0,56,17.39,0,0,0,83,83,179,55.59,0,0,0,0,0,0,0,0,0,0,0,0,0,0,0,0,0,0,0,0,10,3.11,7,2.17,0,0,7,4,1.24,2.17,23,7.14,0,0,0,0,36,11.18,0,0,0,0,0,0,0,0,0,0,0,0,0,0,0,0,0,0,1,0.31,0,0,4,1.24,0,0,2,0.62,0,0,0,0,0,0,0,0,1,0.31,0,0,0,0,8,2.48,148,45.96,65,20.19,84,26.09,141,43.79,10,3.11,5,1.55,0,0,0,0,0,0,0,0,0,0,0,0,0,0,0,0,4,1.24,5,1.55,4,1.24,34,10.56,180,55.9,0,0,1,0.31,149,46.27,15,4.66,0,0,31,9.63,221,68.63,0,0,0,0,0,0,0,0,6,1.86,11,3.42,23,7.14,8,2.48,20,6.21,0,0,0,0,0,0,181,15
y9nexp0giflal25kpzcmqfbo,Bakary Sonko,B. Sonko,Forward,Senegal Under 17,5ey5gkoswmdq6hlkn0ktgqoyd,2025-11-18T01:03:56Z,301,3.34,Strikers,st,st,1,15,5,1.5,4.49,10,2.99,4,1.2,0,0,0,0,3,0.9,14,4.19,2,0.6,0,0,11,3.29,0,0,4,1.2,1,0.3,0,0,25,25,0,0,2,0.6,0,0,0,0,0,0,2,0.6,0,0,0,0,25,12,3.59,7.49,13,52,52,3.89,44,13.17,0,0,10,2.99,2,0.6,0,0,0,0,0,0,4,1.2,0,0,0,0,0,0,3,1,0,0,1,0.3,0.3,2,0.6,3,0.9,0,0,0.9,10,7,2.1,2.99,3,0.9,0,0,1,0.3,1,0.3,0,0,0,0,4,1.2,0,0,1,0.3,8,2.4,100,2,0.6,55,55,33,9.88,0,0,0,0,0,0,0,0,0,0,0,0,0,0,0,0,0,0,0,0,6,1.8,1,0.3,0,0,2,2,0.6,0.6,2,0.6,0,0,1,0.3,6,1.8,0,0,0,0,0,0,0,0,0,0,0,0,0,0,0,0,7,2.1,5,1.5,4,4,4,1.2,0,0,2,0.6,0,0,0,0,1,0.3,1,0.3,0,0,0,0,5,1.5,1,0.3,18,5.39,13,3.89,11,3.29,22,6.59,0,0,2,0.6,0,0,0,0,0,0,4,1.2,1,0.3,3,0.9,0,0,3,0.9,3,0.9,3,0.9,1,0.3,25,7.49,38,11.38,0,0,12,3.59,23,6.89,2,0.6,19,5.69,15,4.49,80,23.95,0,0,0,0,0,0,2,0.6,1,0.3,2,0.6,13,3.89,2,0.6,13,3.89,2,0.6,0,0,1,0.3,184,8
cpaq6lj6a4vgx0lchkfv91ul0,Mouhamed Sy,M. Sy,Forward,Senegal Under 17,5ey5gkoswmdq6hlkn0ktgqoyd,2025-11-18T01:03:56Z,160,1.78,Wingers,rm,rm,1,3,3,1.69,1.69,0,0,4,2.25,0,0,0,0,0,0,14,7.87,1,0.56,1,0.56,34,19.1,0,0,5,2.81,0,0,0,0,0,0,1,0.56,0,0,0,0,0,0,0,0,4,2.25,75,75,0,0,23,14,7.87,12.92,9,39,39,5.06,47,26.4,6,3.37,15,8.43,2,1.12,0,0,0,0,0,0,4,2.25,0,0,0,0,0,0,0,0,0,0,0,0,0,0,0,0,0,0,0,0,20,11,6.18,11.24,9,5.06,1,0.56,0,0,0,0,0,0,2,1.12,5,2.81,0,0,0,0,21,11.8,0,0,0,86,86,50,28.09,0,0,1,0.56,0,0,0,0,0,0,0,0,0,0,0,0,0,0,0,0,19,10.67,8,4.49,0,0,1,0,0,0.56,10,5.62,0,0,0,0,1,0.56,0,0,0,0,0,0,0,0,0,0,0,0,0,0,0,0,3,1.69,1,0.56,0,0,1,0.56,0,0,1,0.56,3,1.69,0,0,2,1.12,2,1.12,6,3.37,0,0,1,0.56,0,0,43,24.16,33,18.54,13,7.3,44,24.72,1,0.56,2,1.12,0,0,0,0,2,1.12,6,3.37,0,0,0,0,0,0,0,0,0,0,5,2.81,0,0,25,14.04,51,28.65,0,0,4,2.25,44,24.72,3,1.69,8,4.49,7,3.93,97,54.49,0,0,5,2.81,5,2.81,2,1.12,0,0,1,0.56,10,5.62,2,1.12,6,3.37,1,0.56,0,0,1,0.56,186,7
365x48htupkxw359knwkvnh90,El Hadji Mor Talla Ndiaye,T. Ndiaye,Defender,Senegal Under 17,5ey5gkoswmdq6hlkn0ktgqoyd,2025-11-18T01:03:56Z,290,3.22,Center Backs,cb,cb,1,7,4,1.24,2.17,3,0.93,4,1.24,0,0,0,0,0,0,8,2.48,0,0,1,0.31,98,30.43,0,0,4,1.24,2,0.62,0,0,0,0,0,0,1,0.31,0,0,0,0,0,0,1,0.31,100,100,0,0,16,8,2.48,4.97,8,50,50,2.48,6,1.86,19,5.9,113,35.09,0,0,0,0,0,0,0,0,4,1.24,0,0,0,0,0,0,0,1,0,0,1,0.31,0.31,0,0,0,0,0,0,0,9,4,1.24,2.8,5,1.55,0,0,0,0,0,0,0,0,13,4.04,4,1.24,0,0,0,0,54,16.77,0,0,0,90,90,278,86.34,0,0,0,0,0,0,0,0,0,0,0,0,0,0,0,0,0,0,0,0,53,16.46,25,7.76,0,0,2,2,0.62,0.62,17,5.28,0,0,0,0,110,34.16,0,0,0,0,0,0,0,0,0,0,0,0,0,0,0,0,2,0.62,0,0,0,0,4,1.24,0,0,2,0.62,0,0,0,0,0,0,0,0,1,0.31,2,0.62,0,0,27,8.39,251,77.95,71,22.05,186,57.76,230,71.43,1,0.31,1,0.31,2,0.62,2,0.62,0,0,1,0.31,0,0,1,0.31,0,0,0,0,15,4.66,0,0,2,0.62,37,11.49,285,88.51,0,0,2,0.62,257,79.81,2,0.62,1,0.31,28,8.7,333,103.42,0,0,0,0,0,0,0,0,8,2.48,15,4.66,17,5.28,11,3.42,13,4.04,0,0,0,0,1,0.31,187,3
2884d4pee5yplc7l13qglutjo,Victor Etienne Mendy,V. Mendy,Forward,Senegal Under 17,5ey5gkoswmdq6hlkn0ktgqoyd,2025-11-18T01:03:56Z,186,2.07,Wingers,lm,"lm,rw",2,1,1,0.48,0.48,0,0,4,1.93,0,0,0,0,1,0.48,15,7.25,0,0,0,0,32,15.46,0,0,3,1.45,1,0.48,0,0,17,17,0,0,3,1.45,0,0,0,0,0,0,4,1.93,56,56,0,0,36,19,9.18,17.39,17,47,47,8.21,62,29.95,4,1.93,18,8.7,1,0.48,0,0,0,0,0,0,4,1.93,0,0,0,0,0,0,1,1,0,0,1,0.48,0.48,1,0.48,1,0.48,0,0,0.48,35,18,8.7,16.91,17,8.21,0,0,0,0,0,0,0,0,1,0.48,3,1.45,0,0,1,0.48,7,3.38,186,0,0,75,75,52,25.12,0,0,2,0.97,0,0,0,0,0,0,0,0,0,0,0,0,0,0,0,0,18,8.7,3,1.45,0,0,5,1,0.48,2.42,9,4.35,0,0,0,0,12,5.8,0,0,0,0,0,0,0,0,0,0,0,0,0,0,0,0,5,2.42,1,0.48,6,6,3,1.45,0,0,2,0.97,1,0.48,0,0,0,0,0,0,9,4.35,0,0,0,0,0,0,39,18.84,22,10.63,17,8.21,39,18.84,0,0,4,1.93,0,0,0,0,0,0,11,5.31,2,0.97,2,0.97,0,0,0,0,1,0.48,2,0.97,4,1.93,37,17.87,52,25.12,0,0,6,2.9,39,18.84,4,1.93,16,7.73,13,6.28,108,52.17,0,0,2,0.97,2,0.97,7,3.38,0,0,2,0.97,13,6.28,2,0.97,11,5.31,0,0,0,0,0,0,188,11
kf6mrxd8452myachi9p9bac4,Étienne Mendy,É. Mendy,Forward,Senegal Under 17,5ey5gkoswmdq6hlkn0ktgqoyd,2025-11-18T01:03:56Z,329,3.66,Wingers,lw,"cm,lw,rm",3,7,2,0.55,1.91,5,1.37,4,1.09,1,0.27,0,0,0,0,47,12.84,2,0.55,0,0,81,22.13,0,0,7,1.91,1,0.27,0,0,0,0,5,1.37,2,0.55,0,0,0,0,0,0,7,1.91,67,67,0,0,44,25,6.83,12.02,19,43,43,5.19,111,30.33,7,1.91,35,9.56,2,0.55,0,0,0,0,0,0,4,1.09,1,0.27,0,0,0,0,0,1,0,0,1,0.27,0.27,0,0,0,0,0,0,0,37,23,6.28,10.11,14,3.83,0,0,0,0,0,0,0,0,2,0.55,6,1.64,0,0,0,0,18,4.92,0,1,0.27,87,87,141,38.52,0,0,2,0.55,0,0,0,0,0,0,0,0,0,0,0,0,0,0,0,0,47,12.84,17,4.64,0,0,7,7,1.91,1.91,21,5.74,0,0,0,0,43,11.75,0,0,0,0,0,0,0,0,0,0,0,0,0,0,0,0,4,1.09,4,1.09,0,0,4,1.09,0,0,2,0.55,0,0,1,0.27,4,1.09,2,0.55,6,1.64,0,0,10,2.73,2,0.55,122,33.33,82,22.4,46,12.57,122,33.33,4,1.09,4,1.09,2,0.55,1,0.27,0,0,10,2.73,1,0.27,2,0.55,0,0,0,0,1,0.27,5,1.37,0,0,57,15.57,143,39.07,0,0,8,2.19,124,33.88,8,2.19,16,4.37,19,5.19,229,62.57,2,0.55,10,2.73,8,2.19,3,0.82,0,0,3,0.82,26,7.1,3,0.82,16,4.37,0,0,0,0,0,0,189,20
e72zpnqd09dcmu8ql4wqyjaj8,Jona Benkoti?,J. Benkoti?,Midfielder,Croatia Under 17,4m7d523m1tzp32kyfrg0njw8r,2025-11-19T08:16:50Z,242,2.69,Wingers,rm,rm,1,6,5,1.86,2.23,1,0.37,4,1.49,0,0,0,0,0,0,14,5.2,0,0,1,0.37,32,11.9,0,0,8,2.97,0,0,0,0,0,0,1,0.37,1,0.37,0,0,0,0,0,0,4,1.49,62,62,0,0,26,16,5.95,9.67,10,38,38,3.72,55,20.45,11,4.09,26,9.67,1,0.37,0,0,0,0,0,0,4,1.49,0,0,0,0,0,0,0,2,1,0.37,1,0.37,0.74,0,0,0,0,0,0,0,20,11,4.09,7.43,9,3.35,1,0.37,0,0,1,0.37,0,0,1,0.37,8,2.97,0,0,0,0,37,13.75,0,1,0.37,77,77,83,30.86,0,0,0,0,0,0,0,0,0,0,0,0,0,0,0,0,0,0,0,0,10,3.72,14,5.2,0,0,6,2,0.74,2.23,10,3.72,0,0,0,0,7,2.6,0,0,0,0,0,0,0,0,0,0,0,0,0,0,0,0,5,1.86,0,0,0,0,3,1.12,0,0,3,1.12,1,0.37,1,0.37,3,1.12,1,0.37,5,1.86,0,0,2,0.74,7,2.6,64,23.79,48,17.84,20,7.43,58,21.56,1,0.37,2,0.74,0,0,0,0,0,0,7,2.6,2,0.74,1,0.37,0,0,0,0,3,1.12,3,1.12,1,0.37,32,11.9,84,31.23,0,0,5,1.86,65,24.16,3,1.12,11,4.09,19,7.06,124,46.1,0,0,2,0.74,2,0.74,3,1.12,3,1.12,5,1.86,14,5.2,7,2.6,14,5.2,0,0,0,0,1,0.37,190,18
amyxpof2tvqlcdm4cj0ugjaxg,Matej Grahovac,M. Grahovac,Goalkeeper,Croatia Under 17,4m7d523m1tzp32kyfrg0njw8r,2025-11-19T08:16:50Z,360,4,Goalkeepers,gk,gk,1,1,0,0,0.25,1,0.25,4,1,0,0,0,0,0,0,0,0,0,0,0,0,10,2.5,2,0.5,0,0,2,0.5,0,0,0,0,0,0,0,0,1,0.25,0,0,0,0,0,0,0,0,0,0,1,0,0,0.25,1,100,100,0.25,0,0,0,0,41,10.25,0,0,0,0,18,4.5,10,2.5,4,1,0,0,17,4.25,0,0,0,2,1,0.25,1,0.25,0.5,0,0,0,0,0,0,0,0,0,0,0,0,0,0,0,0,0,0,0,0,0,0,0,0,0,0,0,0,0,27,6.75,0,0,0,86,86,77,19.25,0,0,0,0,0,0,0,0,0,0,0,0,0,0,0,0,0,0,0,0,3,0.75,6,1.5,1,0.25,0,0,0,0,18,4.5,0,0,0,0,31,7.75,8,6,1.5,2,0.5,2,0,0,1,0.25,3,0.75,0,0,0,0,0,0,0,0,0,0,4,1,0,0,0,0,0,0,0,0,0,0,0,0,0,0,6,1.5,0,0,11,2.75,66,16.5,8,2,68,17,65,16.25,0,0,0,0,0,0,0,0,0,0,0,0,0,0,0,0,1,0.25,0,0,4,1,0,0,1,0.25,23,5.75,99,24.75,0,0,0,0,76,19,0,0,0,0,23,5.75,127,31.75,0,0,0,0,0,0,0,0,7,1.75,23,5.75,17,4.25,6,1.5,0,0,0,0,0,0,0,0,193,1
4jnxys8qlg4busx87d2ssgnbo,Leon Jakirovi?,L. Jakirovi?,Defender,Croatia Under 17,4m7d523m1tzp32kyfrg0njw8r,2025-11-19T08:16:50Z,360,4,Center Backs,cb,cb,1,14,3,0.75,3.5,11,2.75,4,1,0,0,0,0,0,0,9,2.25,1,0.25,4,1,117,29.25,0,0,2,0.5,2,0.5,0,0,0,0,0,0,1,0.25,0,0,0,0,0,0,0,0,0,0,0,0,33,13,3.25,8.25,20,61,61,5,9,2.25,42,10.5,146,36.5,2,0.5,0,0,9,2.25,0,0,4,1,0,0,9,2.25,0,0,0,2,1,0.25,1,0.25,0.5,0,0,0,0,0,0,0,19,10,2.5,4.75,9,2.25,0,0,0,0,0,0,0,0,6,1.5,2,0.5,0,0,0,0,35,8.75,0,0,0,87,87,337,84.25,0,0,0,0,0,0,0,0,0,0,0,0,0,0,0,0,0,0,0,0,67,16.75,21,5.25,0,0,2,0,0,0.5,9,2.25,0,0,0,0,165,41.25,0,0,0,0,0,0,0,0,0,0,0,0,0,0,0,0,1,0.25,0,0,0,0,4,1,0,0,0,0,0,0,0,0,0,0,0,0,0,0,3,0.75,0,0,37,9.25,294,73.5,108,27,202,50.5,273,68.25,2,0.5,2,0.5,0,0,0,0,0,0,1,0.25,0,0,0,0,0,0,0,0,19,4.75,5,1.25,5,1.25,50,12.5,355,88.75,0,0,1,0.25,310,77.5,4,1,5,1.25,45,11.25,406,101.5,0,0,0,0,0,0,1,0.25,11,2.75,29,7.25,33,8.25,12,3,16,4,0,0,0,0,1,0.25,194,3
31ygsvpzihf78f503gf8rm3h0,Petar Zvonimir Kostelac,P. Kostelac,Defender,Croatia Under 17,4m7d523m1tzp32kyfrg0njw8r,2025-11-19T08:16:50Z,359,3.99,Full Backs,lb,lb,1,4,1,0.25,1,3,0.75,4,1,0,0,0,0,0,0,28,7.02,0,0,0,0,33,8.27,0,0,2,0.5,2,0.5,0,0,0,0,0,0,2,0.5,0,0,0,0,0,0,5,1.25,43,43,0,0,30,16,4.01,7.52,14,47,47,3.51,76,19.05,7,1.75,41,10.28,0,0,0,0,0,0,0,0,4,1,0,0,0,0,0,0,0,2,1,0.25,1,0.25,0.5,0,0,0,0,0,0,0,26,15,3.76,6.52,11,2.76,0,0,0,0,0,0,0,0,1,0.25,2,0.5,0,0,0,0,3,0.75,0,0,0,87,87,126,31.58,0,0,0,0,0,0,0,0,0,0,0,0,0,0,0,0,0,0,0,0,17,4.26,15,3.76,0,0,3,1,0.25,0.75,14,3.51,0,0,0,0,58,14.54,0,0,0,0,0,0,0,0,0,0,0,0,0,0,0,0,1,0.25,1,0.25,0,0,4,1,0,0,1,0.25,0,0,0,0,1,0.25,1,0.25,3,0.75,1,0.25,0,0,6,1.5,110,27.57,50,12.53,64,16.04,107,26.82,3,0.75,4,1,0,0,9,2.26,37,9.27,9,2.26,0,0,0,0,0,0,0,0,7,1.75,2,0.5,1,0.25,54,13.53,130,32.58,0,0,2,0.5,113,28.32,7,1.75,6,1.5,17,4.26,235,58.9,0,0,9,2.26,9,2.26,4,1,1,0.25,3,0.75,18,4.51,8,2.01,14,3.51,0,0,0,0,0,0,195,2
16wudcl1ooat7lv82n82pddec,Raul Kumar,R. Kumar,Defender,Croatia Under 17,4m7d523m1tzp32kyfrg0njw8r,2025-11-19T08:16:50Z,360,4,Center Backs,cb,cb,1,15,6,1.5,3.75,9,2.25,4,1,0,0,0,0,0,0,15,3.75,0,0,2,0.5,61,15.25,0,0,2,0.5,2,0.5,0,0,20,20,0,0,0,0,0,0,0,0,0,0,1,0.25,0,0,0,0,23,10,2.5,5.75,13,57,57,3.25,8,2,26,6.5,75,18.75,0,0,0,0,0,0,0,0,4,1,0,0,0,0,0,0,1,2,1,0.25,1,0.25,0.5,0,0,1,0.25,0,0,0.25,8,4,1,2,4,1,0,0,1,0.25,0,0,1,0.25,0,0,2,0.5,0,0,0,0,177,44.25,360,0,0,96,96,318,79.5,0,0,0,0,0,0,0,0,0,0,0,0,0,0,0,0,0,0,0,0,29,7.25,14,3.5,0,0,0,0,0,0,10,2.5,0,0,0,0,56,14,0,0,0,0,0,0,0,0,0,0,0,0,0,0,0,0,0,0,5,1.25,5,5,4,1,0,0,0,0,0,0,0,0,0,0,0,0,0,0,1,0.25,0,0,25,6.25,304,76,73,18.25,236,59,284,71,2,0.5,2,0.5,0,0,0,0,1,0.25,1,0.25,0,0,3,0.75,0,0,1,0.25,29,7.25,0,0,1,0.25,16,4,323,80.75,0,0,5,1.25,309,77.25,4,1,7,1.75,14,3.5,369,92.25,0,0,0,0,0,0,0,0,3,0.75,10,2.5,11,2.75,3,0.75,4,1,0,0,1,0.25,0,0,198,4
2pb7k2dv6vtitnck6e68c1q1g,Tino Kusanovi?,T. Kusanovi?,Forward,Croatia Under 17,4m7d523m1tzp32kyfrg0njw8r,2025-11-19T08:16:50Z,334,3.71,Strikers,st,st,1,6,1,0.27,1.62,5,1.35,4,1.08,0,0,0,0,1,0.27,14,3.77,1,0.27,0,0,10,2.7,0,0,1,0.27,0,0,0,0,43,43,0,0,3,0.81,0,0,0,0,0,0,4,1.08,25,25,0,0,27,16,4.31,7.28,11,41,41,2.96,41,11.05,2,0.54,5,1.35,0,0,0,0,0,0,0,0,4,1.08,0,0,0,0,0,0,3,2,1,0.27,1,0.27,0.54,3,0.81,3,0.81,0,0,0.81,21,15,4.04,5.66,6,1.62,0,0,1,0.27,0,0,2,0.54,0,0,1,0.27,0,0,1,0.27,8,2.16,111,0,0,71,71,34,9.16,0,0,0,0,0,0,0,0,0,0,0,0,0,0,0,0,0,0,0,0,5,1.35,2,0.54,0,0,3,1,0.27,0.81,6,1.62,0,0,1,0.27,11,2.96,0,0,0,0,0,0,0,0,0,0,0,0,0,0,0,0,2,0.54,5,1.35,2,2,4,1.08,0,0,2,0.54,0,0,0,0,0,0,0,0,2,0.54,0,0,5,1.35,0,0,24,6.47,17,4.58,11,2.96,28,7.55,1,0.27,1,0.27,0,0,0,0,1,0.27,10,2.7,0,0,3,0.81,0,0,3,0.81,3,0.81,5,1.35,2,0.54,28,7.55,38,10.24,0,0,7,1.89,28,7.55,2,0.54,14,3.77,10,2.7,79,21.29,0,0,1,0.27,1,0.27,6,1.62,0,0,0,0,8,2.16,3,0.81,10,2.7,1,0.27,1,0.27,1,0.27,199,9
1b31zn3as6kj3sh4ah78f9638,Niko Horvat,N. Horvat,Midfielder,Croatia Under 17,4m7d523m1tzp32kyfrg0njw8r,2025-11-19T08:16:50Z,212,2.36,Midfielders,am,am,1,3,2,0.85,1.27,1,0.42,4,1.69,0,0,0,0,0,0,12,5.08,2,0.85,0,0,19,8.05,0,0,3,1.27,0,0,0,0,0,0,6,2.54,1,0.42,0,0,0,0,0,0,5,2.12,50,50,0,0,24,14,5.93,10.17,10,42,42,4.24,57,24.15,5,2.12,22,9.32,0,0,0,0,0,0,0,0,4,1.69,0,0,0,0,0,0,0,1,0,0,1,0.42,0.42,0,0,0,0,0,0,0,21,12,5.08,8.9,9,3.81,0,0,0,0,0,0,0,0,1,0.42,3,1.27,0,0,0,0,26,11.02,0,1,0.42,81,81,70,29.66,0,0,2,0.85,0,0,0,0,0,0,0,0,0,0,0,0,0,0,0,0,8,3.39,2,0.85,0,0,1,1,0.42,0.42,13,5.51,0,0,0,0,14,5.93,0,0,0,0,0,0,0,0,0,0,0,0,0,0,0,0,0,0,2,0.85,0,0,2,0.85,0,0,2,0.85,2,0.85,1,0.42,1,0.42,0,0,2,0.85,0,0,0,0,3,1.27,57,24.15,45,19.07,17,7.2,58,24.58,0,0,3,1.27,0,0,0,0,0,0,7,2.97,1,0.42,2,0.85,0,0,0,0,0,0,2,0.85,4,1.69,32,13.56,74,31.36,0,0,2,0.85,61,25.85,3,1.27,14,5.93,13,5.51,111,47.03,4,1.69,6,2.54,2,0.85,2,0.85,1,0.42,3,1.27,15,6.36,4,1.69,10,4.24,0,0,0,0,0,0,202,10
ti24djwut6luvwzleplu0jro,Karlo Pajsar,K. Pajsar,Defender,Croatia Under 17,4m7d523m1tzp32kyfrg0njw8r,2025-11-19T08:16:50Z,360,4,Full Backs,rb,rb,1,7,1,0.25,1.75,6,1.5,4,1,3,0.75,0,0,0,0,30,7.5,2,0.5,0,0,45,11.25,0,0,5,1.25,2,0.5,0,0,0,0,0,0,4,1,0,0,0,0,0,0,3,0.75,40,40,0,0,29,11,2.75,7.25,18,62,62,4.5,63,15.75,19,4.75,59,14.75,1,0.25,0,0,0,0,0,0,4,1,3,0.75,0,0,0,0,0,2,1,0.25,1,0.25,0.5,0,0,0,0,0,0,0,22,10,2.5,5.5,12,3,0,0,0,0,0,0,0,0,5,1.25,2,0.5,0,0,0,0,45,11.25,0,0,0,82,82,132,33,0,0,1,0.25,0,0,0,0,0,0,0,0,0,0,0,0,0,0,0,0,28,7,20,5,0,0,1,1,0.25,0.25,10,2.5,0,0,0,0,3,0.75,0,0,0,0,0,0,0,0,0,0,0,0,0,0,0,0,1,0.25,3,0.75,0,0,4,1,0,0,0,0,0,0,0,0,5,1.25,5,1.25,2,0.5,0,0,0,0,8,2,108,27,51,12.75,67,16.75,105,26.25,2,0.5,3,0.75,0,0,7,1.75,24,6,6,1.5,4,1,0,0,0,0,0,0,9,2.25,2,0.5,5,1.25,52,13,137,34.25,0,0,4,1,113,28.25,5,1.25,6,1.5,24,6,236,59,0,0,10,2.5,10,2.5,3,0.75,2,0.5,12,3,27,6.75,7,1.75,12,3,0,0,0,0,0,0,203,5
6q4srzfmz0p71sbcamq50oi6s,Patrik Horvat,P. Horvat,Midfielder,Croatia Under 17,4m7d523m1tzp32kyfrg0njw8r,2025-11-19T08:16:50Z,198,2.2,Wingers,lm,lm,1,2,0,0,0.91,2,0.91,3,1.36,0,0,0,0,0,0,19,8.64,0,0,0,0,42,19.09,0,0,1,0.45,1,0.45,0,0,0,0,1,0.45,2,0.91,0,0,0,0,0,0,5,2.27,33,33,0,0,34,17,7.73,15.45,17,50,50,7.73,77,35,1,0.45,12,5.45,1,0.45,0,0,0,0,0,0,3,1.36,0,0,0,0,0,0,0,1,1,0.45,0,0,0.45,0,0,0,0,0,0,0,32,17,7.73,14.55,15,6.82,0,0,0,0,0,0,0,0,1,0.45,1,0.45,0,0,0,0,3,1.36,0,1,0.45,78,78,63,28.64,0,0,0,0,0,0,0,0,0,0,0,0,0,0,0,0,0,0,0,0,26,11.82,7,3.18,0,0,7,3,1.36,3.18,8,3.64,0,0,0,0,29,13.18,0,0,0,0,0,0,0,0,0,0,0,0,0,0,0,0,4,1.82,1,0.45,0,0,3,1.36,0,0,3,1.36,0,0,0,0,1,0.45,1,0.45,4,1.82,0,0,0,0,3,1.36,49,22.27,36,16.36,14,6.36,46,20.91,1,0.45,1,0.45,0,0,0,0,0,0,13,5.91,0,0,0,0,0,0,0,0,1,0.45,1,0.45,9,4.09,43,19.55,63,28.64,0,0,5,2.27,49,22.27,2,0.91,7,3.18,14,6.36,126,57.27,1,0.45,8,3.64,7,3.18,8,3.64,1,0.45,4,1.82,20,9.09,2,0.91,10,4.55,0,0,0,0,0,0,204,11
bbnst2k37hgsioc41iga3b7kk,Krešimir Radoš,K. Radoš,Midfielder,Croatia Under 17,4m7d523m1tzp32kyfrg0njw8r,2025-11-19T08:16:50Z,148,1.64,Midfielders,am,am,1,5,1,0.61,3.05,4,2.44,4,2.44,0,0,0,0,1,0.61,21,12.8,0,0,0,0,22,13.41,0,0,6,3.66,0,0,0,0,50,50,0,0,0,0,0,0,0,0,0,0,3,1.83,40,40,0,0,21,9,5.49,12.8,12,57,57,7.32,44,26.83,7,4.27,15,9.15,1,0.61,0,0,0,0,0,0,4,2.44,0,0,0,0,0,0,2,1,1,0.61,0,0,0.61,2,1.22,2,1.22,0,0,1.22,16,8,4.88,9.76,8,4.88,0,0,1,0.61,0,0,1,0.61,1,0.61,6,3.66,0,0,0,0,11,6.71,74,0,0,80,80,61,37.2,0,0,0,0,0,0,0,0,0,0,0,0,0,0,0,0,0,0,0,0,7,4.27,4,2.44,0,0,1,1,0.61,0.61,8,4.88,0,0,1,0.61,14,8.54,0,0,0,0,0,0,0,0,0,0,0,0,0,0,0,0,2,1.22,2,1.22,2,2,2,1.22,0,0,2,1.22,2,1.22,0,0,0,0,0,0,2,1.22,0,0,6,3.66,2,1.22,49,29.88,37,22.56,12,7.32,47,28.66,1,0.61,1,0.61,2,1.22,0,0,0,0,6,3.66,1,0.61,1,0.61,0,0,2,1.22,1,0.61,1,0.61,5,3.05,23,14.02,61,37.2,0,0,4,2.44,49,29.88,2,1.22,7,4.27,12,7.32,89,54.27,0,0,0,0,0,0,3,1.83,0,0,1,0.61,8,4.88,4,2.44,11,6.71,0,0,0,0,1,0.61,206,7
e70ek2b59dfj8zhsxm55p8h78,Gabrijel Šivale?,G. Šivale?,Forward,Croatia Under 17,4m7d523m1tzp32kyfrg0njw8r,2025-11-19T08:16:50Z,179,1.99,Wingers,rm,"rm,lm",2,3,3,1.51,1.51,0,0,4,2.01,1,0.5,0,0,1,0.5,15,7.54,1,0.5,0,0,32,16.08,0,0,10,5.03,0,0,0,0,20,20,8,4.02,2,1.01,0,0,0,0,0,0,1,0.5,55,55,0,0,16,10,5.03,8.04,6,38,38,3.02,75,37.69,5,2.51,26,13.07,0,0,0,0,0,0,0,0,4,2.01,3,1.51,0,0,0,0,1,0,0,0,0,0,0,1,0.5,1,0.5,0,0,0.5,13,7,3.52,6.53,6,3.02,0,0,0,0,0,0,0,0,1,0.5,7,3.52,0,0,0,0,5,2.51,179,1,0.5,74,74,62,31.16,0,0,2,1.01,0,0,0,0,0,0,0,0,0,0,0,0,0,0,0,0,21,10.55,8,4.02,0,0,5,3,1.51,2.51,8,4.02,0,0,1,0.5,16,8.04,0,0,0,0,0,0,0,0,0,0,0,0,0,0,0,0,3,1.51,2,1.01,5,5,2,1.01,0,0,2,1.01,2,1.01,3,1.51,7,3.52,4,2.01,6,3.02,0,0,0,0,1,0.5,46,23.12,43,21.61,10,5.03,45,22.61,0,0,0,0,0,0,0,0,0,0,6,3.02,3,1.51,1,0.5,0,0,0,0,3,1.51,0,0,0,0,48,24.12,62,31.16,0,0,5,2.51,46,23.12,0,0,12,6.03,16,8.04,127,63.82,5,2.51,19,9.55,11,5.53,5,2.51,2,1.01,4,2.01,31,15.58,4,2.01,12,6.03,0,0,0,0,0,0,207,20
9s3dqc56xwtv9y2u31nxtatqs,Duje Sliskovi?,D. Sliskovi?,Midfielder,Croatia Under 17,4m7d523m1tzp32kyfrg0njw8r,2025-11-19T08:16:50Z,314,3.49,Midfielders,dm,dm,1,3,1,0.29,0.86,2,0.57,4,1.15,0,0,0,0,0,0,35,10.03,1,0.29,0,0,25,7.16,0,0,1,0.29,2,0.57,0,0,0,0,0,0,1,0.29,0,0,0,0,0,0,0,0,100,100,0,0,32,13,3.72,9.17,19,59,59,5.44,34,9.74,16,4.58,41,11.75,6,1.72,0,0,0,0,0,0,4,1.15,0,0,0,0,0,0,0,2,1,0.29,1,0.29,0.57,0,0,0,0,0,0,0,29,12,3.44,8.31,17,4.87,0,0,0,0,0,0,0,0,7,2.01,1,0.29,0,0,0,0,45,12.89,0,0,0,88,88,162,46.42,0,0,0,0,0,0,0,0,0,0,0,0,0,0,0,0,0,0,0,0,5,1.43,3,0.86,0,0,3,1,0.29,0.86,25,7.16,0,0,0,0,52,14.9,0,0,0,0,0,0,0,0,0,0,0,0,0,0,0,0,4,1.15,0,0,0,0,4,1.15,0,0,2,0.57,0,0,0,0,0,0,0,0,1,0.29,1,0.29,7,2.01,10,2.87,142,40.69,62,17.77,91,26.07,143,40.97,1,0.29,9,2.58,0,0,0,0,1,0.29,0,0,0,0,0,0,0,0,0,0,5,1.43,10,2.87,6,1.72,27,7.74,173,49.57,0,0,4,1.15,153,43.84,10,2.87,1,0.29,20,5.73,220,63.04,0,0,1,0.29,1,0.29,0,0,1,0.29,4,1.15,12,3.44,9,2.58,16,4.58,1,0.29,0,0,1,0.29,208,14
66l6yxo0w30zhfqgsyubw5xqs,Pavle Smiljani?,P. Smiljani?,Midfielder,Croatia Under 17,4m7d523m1tzp32kyfrg0njw8r,2025-11-19T08:16:50Z,360,4,Midfielders,dm,dm,1,9,3,0.75,2.25,6,1.5,4,1,0,0,0,0,0,0,26,6.5,0,0,0,0,40,10,0,0,4,1,2,0.5,0,0,0,0,0,0,0,0,0,0,0,0,0,0,3,0.75,60,60,0,0,40,17,4.25,10,23,57,57,5.75,44,11,12,3,35,8.75,1,0.25,0,0,0,0,0,0,4,1,0,0,0,0,0,0,0,2,1,0.25,1,0.25,0.5,0,0,0,0,0,0,0,31,14,3.5,7.75,17,4.25,0,0,0,0,1,0.25,0,0,3,0.75,4,1,0,0,0,0,35,8.75,0,0,0,81,81,118,29.5,0,0,0,0,0,0,0,0,0,0,0,0,0,0,0,0,0,0,0,0,21,5.25,8,2,0,0,6,5,1.25,1.5,24,6,0,0,0,0,25,6.25,0,0,0,0,0,0,0,0,0,0,0,0,0,0,0,0,2,0.5,3,0.75,0,0,4,1,0,0,0,0,0,0,0,0,2,0.5,2,0.5,6,1.5,0,0,2,0.5,7,1.75,96,24,56,14,45,11.25,92,23,7,1.75,2,0.5,0,0,0,0,0,0,7,1.75,1,0.25,0,0,0,0,0,0,2,0.5,2,0.5,3,0.75,41,10.25,121,30.25,0,0,5,1.25,99,24.75,9,2.25,2,0.5,22,5.5,182,45.5,0,0,3,0.75,3,0.75,4,1,3,0.75,6,1.5,14,3.5,11,2.75,16,4,0,0,0,0,0,0,209,8
aibbyqe476znyhdbkspt3caac,Isaac Daniel Badilla Herrera,I. Badilla,Forward,Costa Rica Under 17,18lylxo9rer7l7optxsyci5zc,2025-11-14T14:11:40Z,121,1.34,Wingers,rm,rm,1,1,0,0,0.75,1,0.75,2,1.49,0,0,0,0,0,0,5,3.73,0,0,1,0.75,8,5.97,0,0,1,0.75,0,0,1,0.75,0,0,0,0,0,0,0,0,0,0,0,0,1,0.75,0,0,0,0,11,8,5.97,8.21,3,27,27,2.24,14,10.45,1,0.75,8,5.97,2,1.49,0,0,0,0,0,0,2,1.49,0,0,0,0,0,0,0,3,3,2.24,0,0,2.24,0,0,0,0,0,0,0,10,8,5.97,7.46,2,1.49,0,0,0,0,0,0,0,0,0,0,1,0.75,0,0,0,0,4,2.99,0,0,0,47,47,17,12.69,0,0,0,0,0,0,0,0,0,0,0,0,0,0,0,0,0,0,0,0,3,2.24,1,0.75,0,0,3,2,1.49,2.24,6,4.48,0,0,0,0,0,0,0,0,0,0,0,0,0,0,0,0,0,0,0,0,0,0,1,0.75,0,0,0,0,2,1.49,1,0.75,0,0,0,0,0,0,1,0.75,1,0.75,0,0,1,0.75,1,0.75,1,0.75,8,5.97,3,2.24,6,4.48,7,5.22,0,0,2,1.49,0,0,0,0,0,0,4,2.99,0,0,1,0.75,0,0,0,0,1,0.75,4,2.99,0,0,20,14.93,17,12.69,1,0.75,1,0.75,8,5.97,2,1.49,1,0.75,9,6.72,36,26.87,0,0,1,0.75,1,0.75,3,2.24,1,0.75,3,2.24,8,5.97,2,1.49,6,4.48,0,0,0,0,0,0,214,7
dsg6rnd20sjxx76zpui4262vo,Ethan Barley Hogson,E. Barley,Forward,Costa Rica Under 17,18lylxo9rer7l7optxsyci5zc,2025-11-14T14:11:40Z,267,2.97,Strikers,st,st,1,13,10,3.37,4.38,3,1.01,3,1.01,0,0,0,0,0,0,18,6.06,0,0,0,0,18,6.06,0,0,3,1.01,0,0,0,0,0,0,0,0,0,0,0,0,0,0,0,0,8,2.69,60,60,0,0,37,25,8.42,12.46,12,32,32,4.04,48,16.16,0,0,6,2.02,1,0.34,0,0,0,0,0,0,3,1.01,0,0,0,0,0,0,0,5,5,1.68,0,0,1.68,0,0,0,0,0,0,0,24,15,5.05,8.08,9,3.03,0,0,0,0,0,0,0,0,2,0.67,3,1.01,0,0,0,0,5,1.68,0,4,1.35,71,71,28,9.43,0,0,1,0.34,0,0,0,0,0,0,0,0,0,0,0,0,0,0,0,0,9,3.03,1,0.34,0,0,2,1,0.34,0.67,9,3.03,0,0,0,0,7,2.36,0,0,0,0,0,0,0,0,0,0,0,0,0,0,0,0,3,1.01,1,0.34,0,0,3,1.01,0,0,1,0.34,0,0,0,0,0,0,0,0,3,1.01,0,0,2,0.67,1,0.34,20,6.73,16,5.39,12,4.04,27,9.09,1,0.34,2,0.67,0,0,1,0.34,0,0,10,3.37,0,0,1,0.34,0,0,0,0,1,0.34,5,1.68,3,1.01,33,11.11,36,12.12,0,0,4,1.35,28,9.43,3,1.01,9,3.03,8,2.69,86,28.96,0,0,1,0.34,1,0.34,2,0.67,1,0.34,1,0.34,7,2.36,2,0.67,7,2.36,0,0,0,0,0,0,215,9
b39wq461mvo1snbm6f0cls9w4,Nick Bennette Villegas,N. Bennette,Midfielder,Costa Rica Under 17,18lylxo9rer7l7optxsyci5zc,2025-11-14T14:11:40Z,254,2.82,Midfielders,dm,dm,1,1,0,0,0.35,1,0.35,3,1.06,0,0,0,0,0,0,13,4.61,1,0.35,1,0.35,17,6.03,0,0,0,0,0,0,0,0,50,50,0,0,0,0,0,0,0,0,0,0,1,0.35,67,67,0,0,21,5,1.77,7.45,16,76,76,5.67,23,8.16,3,1.06,23,8.16,1,0.35,0,0,0,0,0,0,3,1.06,0,0,0,0,0,0,1,4,4,1.42,0,0,1.42,1,0.35,1,0.35,0,0,0.35,20,5,1.77,7.09,15,5.32,0,0,0,0,0,0,1,0.35,3,1.06,0,0,0,0,0,0,9,3.19,254,0,0,72,72,61,21.63,0,0,0,0,0,0,0,0,0,0,0,0,0,0,0,0,0,0,0,0,5,1.77,1,0.35,0,0,3,2,0.71,1.06,10,3.55,0,0,1,0.35,20,7.09,0,0,0,0,0,0,0,0,0,0,0,0,0,0,0,0,1,0.35,1,0.35,2,2,3,1.06,0,0,2,0.71,0,0,0,0,0,0,0,0,2,0.71,0,0,0,0,3,1.06,44,15.6,19,6.74,29,10.28,45,15.96,5,1.77,4,1.42,0,0,0,0,0,0,2,0.71,0,0,0,0,0,0,1,0.35,1,0.35,2,0.71,4,1.42,23,8.16,65,23.05,0,0,2,0.71,48,17.02,9,3.19,3,1.06,17,6.03,104,36.88,0,0,0,0,0,0,1,0.35,3,1.06,6,2.13,12,4.26,5,1.77,11,3.9,0,0,0,0,0,0,216,12
v251fpcndt4dajzwsd0hlg5w,Marcus Kymani Brown Jarquín,M. Brown,Midfielder,Costa Rica Under 17,18lylxo9rer7l7optxsyci5zc,2025-11-14T14:11:40Z,162,1.8,Wingers,lm,"rm,lm",2,2,2,1.11,1.11,0,0,3,1.67,0,0,1,0.56,0,0,1,0.56,2,1.11,0,0,16,8.89,0,0,1,0.56,0,0,0,0,0,0,3,1.67,0,0,0,0,0,0,0,0,1,0.56,38,37,0,0,17,12,6.67,9.44,5,29,29,2.78,20,11.11,1,0.56,9,5,0,0,0,0,0,0,0,0,3,1.67,0,0,0,0,0,0,0,3,3,1.67,0,0,1.67,0,0,0,0,0,0,0,15,10,5.56,8.33,5,2.78,0,0,0,0,0,0,0,0,1,0.56,1,0.56,0,0,0,0,5,2.78,0,0,0,50,50,20,11.11,0,0,0,0,0,0,0,0,0,0,0,0,0,0,0,0,0,0,0,0,11,6.11,0,0,0,0,4,1,0.56,2.22,9,5,0,0,0,0,6,3.33,0,0,0,0,0,0,0,0,0,0,0,0,0,0,0,0,2,1.11,0,0,0,0,2,1.11,0,0,2,1.11,1,0.56,0,0,0,0,0,0,3,1.67,0,0,1,0.56,0,0,10,5.56,4,2.22,6,3.33,10,5.56,0,0,1,0.56,0,0,1,0.56,0,0,6,3.33,0,0,0,0,0,0,0,0,1,0.56,2,1.11,1,0.56,30,16.67,21,11.67,0,0,2,1.11,10,5.56,1,0.56,4,2.22,11,6.11,56,31.11,3,1.67,9,5,6,3.33,5,2.78,0,0,1,0.56,17,9.44,3,1.67,10,5.56,0,0,0,0,0,0,217,11
56nq57wnq7v508g210nc5kdg4,Brayan Alberto Calderón Delgado,B. Calderón,Defender,Costa Rica Under 17,18lylxo9rer7l7optxsyci5zc,2025-11-14T14:11:40Z,241,2.68,Center Backs,cb,cb,1,7,5,1.87,2.61,2,0.75,3,1.12,0,0,0,0,0,0,7,2.61,0,0,0,0,30,11.19,0,0,0,0,0,0,0,0,0,0,0,0,1,0.37,0,0,0,0,0,0,0,0,0,0,0,0,13,7,2.61,4.85,6,46,46,2.24,2,0.75,5,1.87,52,19.4,0,0,0,0,4,1.49,0,0,3,1.12,0,0,4,1.49,0,0,0,4,4,1.49,0,0,1.49,0,0,0,0,0,0,0,6,2,0.75,2.24,4,1.49,0,0,0,0,0,0,0,0,1,0.37,0,0,0,0,0,0,9,3.36,0,0,0,76,76,126,47.01,0,0,0,0,0,0,0,0,0,0,0,0,0,0,0,0,0,0,0,0,25,9.33,10,3.73,0,0,1,1,0.37,0.37,7,2.61,0,0,0,0,63,23.51,0,0,0,0,0,0,0,0,0,0,0,0,0,0,0,0,1,0.37,1,0.37,0,0,3,1.12,0,0,1,0.37,0,0,0,0,0,0,0,0,0,0,4,1.49,0,0,14,5.22,96,35.82,16,5.97,84,31.34,86,32.09,0,0,3,1.12,0,0,0,0,0,0,1,0.37,0,0,0,0,0,0,0,0,13,4.85,1,0.37,1,0.37,34,12.69,131,48.88,0,0,2,0.75,100,37.31,3,1.12,2,0.75,31,11.57,159,59.33,0,0,0,0,0,0,1,0.37,7,2.61,21,7.84,28,10.45,3,1.12,10,3.73,0,0,0,0,1,0.37,218,4
511skwzjvz7iq9bqyu866e9lg,Thiago Cordero Gónzalez,T. Cordero,Defender,Costa Rica Under 17,18lylxo9rer7l7optxsyci5zc,2025-11-14T14:11:40Z,270,3,Center Backs,cb,cb,1,5,4,1.33,1.67,1,0.33,3,1,0,0,0,0,1,0.33,7,2.33,0,0,1,0.33,42,14,0,0,1,0.33,0,0,0,0,50,50,0,0,0,0,0,0,0,0,0,0,1,0.33,0,0,0,0,13,6,2,4.33,7,54,54,2.33,3,1,4,1.33,40,13.33,1,0.33,0,0,0,0,0,0,3,1,0,0,0,0,0,0,1,5,5,1.67,0,0,1.67,0,0,0,0,1,0.33,0.33,8,2,0.67,2.67,6,2,0,0,0,0,0,0,0,0,3,1,1,0.33,0,0,0,0,69,23,270,0,0,88,88,146,48.67,0,0,0,0,0,0,0,0,0,0,0,0,0,0,0,0,0,0,0,0,22,7.33,13,4.33,0,0,1,1,0.33,0.33,5,1.67,0,0,1,0.33,35,11.67,0,0,0,0,0,0,0,0,0,0,0,0,0,0,0,0,1,0.33,1,0.33,2,2,3,1,0,0,0,0,0,0,0,0,0,0,0,0,0,0,7,2.33,0,0,18,6,128,42.67,13,4.33,120,40,115,38.33,1,0.33,2,0.67,0,0,0,0,0,0,1,0.33,0,0,1,0.33,0,0,0,0,12,4,1,0.33,3,1,21,7,151,50.33,0,0,2,0.67,133,44.33,3,1,2,0.67,18,6,182,60.67,0,0,0,0,0,0,0,0,11,3.67,15,5,11,3.67,7,2.33,3,1,0,0,0,0,0,0,220,3
ac3g10k9lw6ss0gabxob10hlg,Adrián Andrey Espinoza Zúñiga,A. Espinoza,Defender,Costa Rica Under 17,18lylxo9rer7l7optxsyci5zc,2025-11-14T14:11:40Z,270,3,Full Backs,lb,lb,1,8,3,1,2.67,5,1.67,3,1,0,0,0,0,0,0,18,6,0,0,2,0.67,20,6.67,0,0,1,0.33,0,0,1,0.33,0,0,0,0,0,0,0,0,0,0,0,0,1,0.33,67,67,0,0,25,7,2.33,8.33,18,72,72,6,21,7,8,2.67,41,13.67,1,0.33,0,0,0,0,0,0,3,1,0,0,0,0,0,0,0,5,5,1.67,0,0,1.67,0,0,0,0,0,0,0,17,4,1.33,5.67,13,4.33,0,0,0,0,0,0,0,0,3,1,1,0.33,0,0,0,0,5,1.67,0,0,0,52,52,71,23.67,0,0,0,0,0,0,0,0,0,0,0,0,0,0,0,0,0,0,0,0,7,2.33,16,5.33,0,0,3,1,0.33,1,7,2.33,0,0,0,0,12,4,0,0,0,0,0,0,0,0,0,0,0,0,0,0,0,0,1,0.33,0,0,0,0,3,1,0,0,0,0,0,0,0,0,3,1,3,1,2,0.67,1,0.33,0,0,2,0.67,37,12.33,16,5.33,29,9.67,40,13.33,4,1.33,4,1.33,0,0,15,5,16,5.33,2,0.67,0,0,0,0,1,0.33,0,0,10,3.33,1,0.33,3,1,58,19.33,76,25.33,0,0,1,0.33,42,14,8,2.67,3,1,34,11.33,156,52,0,0,2,0.67,2,0.67,1,0.33,13,4.33,16,5.33,24,8,12,4,18,6,0,0,0,0,1,0.33,221,5
aeydv4i5pn6fq3kfb7f8oyxhw,Kaden Matías Farrier González,K. Farrier,Forward,Costa Rica Under 17,18lylxo9rer7l7optxsyci5zc,2025-11-14T14:11:40Z,176,1.96,Wingers,lm,lm,1,7,1,0.51,3.57,6,3.06,3,1.53,0,0,0,0,0,0,4,2.04,0,0,1,0.51,12,6.12,0,0,1,0.51,0,0,0,0,0,0,0,0,1,0.51,0,0,0,0,0,0,6,3.06,50,50,0,0,23,11,5.61,11.73,12,52,52,6.12,25,12.76,2,1.02,7,3.57,0,0,0,0,0,0,0,0,3,1.53,0,0,0,0,0,0,0,3,3,1.53,0,0,1.53,0,0,0,0,0,0,0,16,10,5.1,8.16,6,3.06,0,0,0,0,0,0,0,0,4,2.04,1,0.51,0,0,0,0,1,0.51,0,0,0,48,48,21,10.71,0,0,0,0,0,0,0,0,0,0,0,0,0,0,0,0,0,0,0,0,6,3.06,3,1.53,0,0,2,1,0.51,1.02,8,4.08,0,0,0,0,9,4.59,0,0,0,0,0,0,0,0,0,0,0,0,0,0,0,0,0,0,0,0,0,0,2,1.02,0,0,2,1.02,1,0.51,0,0,2,1.02,2,1.02,2,1.02,0,0,0,0,0,0,10,5.1,6,3.06,6,3.06,10,5.1,2,1.02,2,1.02,0,0,0,0,1,0.51,8,4.08,1,0.51,0,0,0,0,0,0,3,1.53,1,0.51,0,0,34,17.35,21,10.71,0,0,0,0,10,5.1,4,2.04,1,0.51,11,5.61,66,33.67,0,0,4,2.04,4,2.04,2,1.02,2,1.02,2,1.02,13,6.63,2,1.02,9,4.59,0,0,0,0,0,0,222,16
d8xks0j0hhn7wkh7pkpku25g4,Ian James O'rourke Gónzalez,I. O'rourke,Goalkeeper,Costa Rica Under 17,18lylxo9rer7l7optxsyci5zc,2025-11-14T14:11:40Z,270,3,Goalkeepers,gk,gk,1,0,0,0,0,0,0,3,1,0,0,0,0,0,0,0,0,0,0,0,0,30,10,1,0.33,0,0,0,0,0,0,0,0,0,0,0,0,0,0,0,0,0,0,0,0,0,0,0,0,3,0,0,1,3,100,100,1,0,0,5,1.67,57,19,0,0,0,0,29,9.67,7,2.33,3,1,0,0,26,8.67,0,0,0,5,5,1.67,0,0,1.67,0,0,0,0,0,0,0,3,0,0,1,3,1,0,0,0,0,0,0,0,0,0,0,0,0,0,0,0,0,30,10,0,0,0,80,80,80,26.67,0,0,0,0,0,0,0,0,0,0,0,0,0,0,0,0,0,0,0,0,26,8.67,13,4.33,1,0.33,0,0,0,0,32,10.67,0,0,0,0,34,11.33,10,8,2.67,2,0.67,3.33,0,0,0,0,3,1,0,0,0,0,0,0,0,0,0,0,3,1,0,0,0,0,0,0,0,0,0,0,0,0,0,0,8,2.67,0,0,20,6.67,64,21.33,14,4.67,75,25,69,23,0,0,0,0,0,0,0,0,0,0,0,0,0,0,0,0,1,0.33,0,0,3,1,0,0,3,1,35,11.67,121,40.33,0,0,0,0,89,29.67,0,0,0,0,32,10.67,151,50.33,0,0,0,0,0,0,0,0,21,7,32,10.67,28,9.33,4,1.33,0,0,0,0,0,0,0,0,225,1
4c3s0w9m85n9vi7m7u4v9er6c,Adriel David Pérez Martínez,A. Pérez,Midfielder,Costa Rica Under 17,18lylxo9rer7l7optxsyci5zc,2025-11-14T14:11:40Z,267,2.97,Midfielders,dm,dm,1,5,5,1.68,1.68,0,0,3,1.01,0,0,0,0,0,0,8,2.69,0,0,1,0.34,22,7.41,0,0,0,0,0,0,0,0,0,0,0,0,2,0.67,0,0,0,0,0,0,2,0.67,86,86,0,0,35,17,5.72,11.78,18,51,51,6.06,12,4.04,3,1.01,26,8.75,1,0.34,0,0,1,0.34,0,0,3,1.01,0,0,1,0.34,0,0,0,5,5,1.68,0,0,1.68,0,0,0,0,0,0,0,30,12,4.04,10.1,18,6.06,0,0,0,0,0,0,0,0,8,2.69,0,0,0,0,0,0,14,4.71,0,0,0,73,73,62,20.88,0,0,0,0,0,0,0,0,0,0,0,0,0,0,0,0,0,0,0,0,8,2.69,1,0.34,0,0,6,2,0.67,2.02,9,3.03,0,0,0,0,17,5.72,0,0,0,0,0,0,0,0,0,0,0,0,0,0,0,0,0,0,0,0,0,0,3,1.01,0,0,1,0.34,0,0,0,0,0,0,0,0,6,2.02,1,0.34,0,0,3,1.01,45,15.15,10,3.37,38,12.79,45,15.15,3,1.01,8,2.69,0,0,0,0,0,0,3,1.01,0,0,0,0,0,0,0,0,7,2.36,5,1.68,1,0.34,23,7.74,65,21.89,0,0,0,0,48,16.16,11,3.7,2,0.67,17,5.72,114,38.38,0,0,2,0.67,2,0.67,1,0.34,5,1.68,6,2.02,14,4.71,5,1.68,11,3.7,0,0,0,0,0,0,226,8
e86cwfqd8lpf53f2apvncmwic,Gabriel Sibaja Pérez,G. Sibaja,Midfielder,Costa Rica Under 17,18lylxo9rer7l7optxsyci5zc,2025-11-14T14:11:40Z,264,2.93,Midfielders,am,am,1,9,6,2.05,3.07,3,1.02,3,1.02,0,0,0,0,0,0,5,1.71,0,0,0,0,30,10.24,0,0,0,0,0,0,0,0,0,0,0,0,6,2.05,0,0,0,0,0,0,7,2.39,50,50,0,0,39,23,7.85,13.31,16,41,41,5.46,47,16.04,3,1.02,22,7.51,1,0.34,0,0,0,0,0,0,3,1.02,0,0,0,0,0,0,0,4,4,1.37,0,0,1.37,0,0,0,0,0,0,0,30,17,5.8,10.24,13,4.44,1,0.34,0,0,0,0,0,0,1,0.34,0,0,0,0,0,0,8,2.73,0,1,0.34,56,56,43,14.68,0,0,0,0,0,0,0,0,0,0,0,0,0,0,0,0,0,0,0,0,20,6.83,1,0.34,0,0,6,1,0.34,2.05,8,2.73,0,0,0,0,8,2.73,0,0,0,0,0,0,0,0,0,0,0,0,0,0,0,0,4,1.37,1,0.34,0,0,3,1.02,0,0,2,0.68,0,0,0,0,0,0,0,0,6,2.05,1,0.34,0,0,1,0.34,24,8.19,13,4.44,11,3.75,23,7.85,2,0.68,3,1.02,0,0,0,0,1,0.34,13,4.44,0,0,0,0,0,0,0,0,3,1.02,4,1.37,2,0.68,47,16.04,43,14.68,0,0,5,1.71,24,8.19,5,1.71,10,3.41,19,6.48,102,34.81,0,0,7,2.39,7,2.39,6,2.05,1,0.34,2,0.68,25,8.53,1,0.34,17,5.8,0,0,0,0,0,0,227,10
3p8h37oq9ijuvk0eg0jpbx82c,Yerlan Andrés Sosa Chavarría,Y. Sosa,Defender,Costa Rica Under 17,18lylxo9rer7l7optxsyci5zc,2025-11-14T14:11:40Z,269,2.99,Full Backs,rb,rb,1,7,4,1.34,2.34,3,1,3,1,0,0,0,0,0,0,13,4.35,0,0,1,0.33,38,12.71,0,0,3,1,0,0,0,0,0,0,8,2.68,1,0.33,0,0,0,0,0,0,2,0.67,75,75,0,0,30,13,4.35,10.03,17,57,57,5.69,45,15.05,9,3.01,41,13.71,1,0.33,0,0,0,0,0,0,3,1,0,0,0,0,0,0,0,5,5,1.67,0,0,1.67,0,0,0,0,0,0,0,23,9,3.01,7.69,14,4.68,0,0,0,0,0,0,0,0,6,2.01,3,1,0,0,0,0,17,5.69,0,1,0.33,59,59,70,23.41,0,0,1,0.33,0,0,0,0,0,0,0,0,0,0,0,0,0,0,0,0,22,7.36,19,6.35,0,0,2,1,0.33,0.67,13,4.35,0,0,0,0,4,1.34,0,0,0,0,0,0,0,0,0,0,0,0,0,0,0,0,3,1,1,0.33,0,0,3,1,0,0,1,0.33,0,0,2,0.67,3,1,0,0,3,1,0,0,0,0,2,0.67,41,13.71,20,6.69,28,9.36,43,14.38,2,0.67,7,2.34,0,0,15,5.02,24,8.03,3,1,1,0.33,0,0,0,0,0,0,12,4.01,2,0.67,2,0.67,66,22.07,75,25.08,0,0,4,1.34,45,15.05,9,3.01,2,0.67,30,10.03,179,59.87,3,1,10,3.34,5,1.67,1,0.33,5,1.67,12,4.01,32,10.7,8,2.68,18,6.02,0,0,0,0,0,0,228,2
b218n20uc4lrj6z57pj7299g4,Jayden Jonathan Mojolaoluwa Adetiba,Jayden Adetiba,Forward,United Arab Emirates Under 17,6sd2to8r31w4xq9a5rux8niec,2025-11-12T14:42:29Z,161,1.79,Wingers,lm,lm,1,3,0,0,1.68,3,1.68,3,1.68,0,0,0,0,0,0,6,3.35,0,0,0,0,12,6.7,0,0,2,1.12,0,0,0,0,0,0,0,0,1,0.56,0,0,0,0,0,0,1,0.56,0,0,0,0,10,4,2.23,5.59,6,60,60,3.35,21,11.73,1,0.56,10,5.59,0,0,0,0,0,0,0,0,3,1.68,0,0,0,0,0,0,0,6,6,3.35,0,0,3.35,0,0,0,0,0,0,0,7,4,2.23,3.91,3,1.68,0,0,0,0,0,0,0,0,0,0,2,1.12,0,0,0,0,1,0.56,0,1,0.56,60,60,25,13.97,0,0,1,0.56,0,0,0,0,0,0,0,0,0,0,0,0,0,1,0.56,0,7,3.91,3,1.68,0,0,1,1,0.56,0.56,3,1.68,0,0,0,0,8,4.47,0,0,0,0,0,0,0,0,0,0,0,0,0,0,0,0,0,0,1,0.56,0,0,2,1.12,0,0,2,1.12,1,0.56,0,0,1,0.56,1,0.56,0,0,0,0,2,1.12,0,0,15,8.38,8,4.47,8,4.47,15,8.38,0,0,1,0.56,1,0.56,0,0,1,0.56,4,2.23,1,0.56,1,0.56,0,0,0,0,1,0.56,0,0,2,1.12,20,11.17,25,13.97,0,0,1,0.56,15,8.38,1,0.56,1,0.56,10,5.59,49,27.37,0,0,0,0,0,0,3,1.68,0,0,2,1.12,9,5.03,1,0.56,8,4.47,0,0,0,0,0,0,233,15
7fmpxsci84d1skpk51mgt2bys,Faysal Mohammed Muhsen Saleh Al Breiki,Faysal Mohammed,Midfielder,United Arab Emirates Under 17,6sd2to8r31w4xq9a5rux8niec,2025-11-12T14:42:29Z,212,2.36,Midfielders,am,am,1,1,1,0.42,0.42,0,0,3,1.27,1,0.42,0,0,0,0,3,1.27,1,0.42,0,0,18,7.63,0,0,2,0.85,0,0,0,0,0,0,4,1.69,3,1.27,0,0,0,0,0,0,2,0.85,80,80,0,0,19,7,2.97,8.05,12,63,63,5.08,23,9.75,3,1.27,13,5.51,0,0,0,0,0,0,0,0,3,1.27,1,0.42,0,0,0,0,0,7,7,2.97,0,0,2.97,0,0,0,0,0,0,0,18,6,2.54,7.63,12,5.08,0,0,0,0,0,0,0,0,0,0,1,0.42,0,0,0,0,5,2.12,0,0,0,58,58,26,11.02,0,0,0,0,0,0,0,0,0,0,0,0,0,0,0,0,0,1,0.42,0,11,4.66,1,0.42,0,0,3,2,0.85,1.27,9,3.81,0,0,0,0,5,2.12,0,0,0,0,0,0,0,0,0,0,0,0,0,0,0,0,2,0.85,2,0.85,0,0,3,1.27,0,0,3,1.27,0,0,3,1.27,3,1.27,0,0,4,1.69,0,0,2,0.85,0,0,15,6.36,11,4.66,7,2.97,15,6.36,1,0.42,1,0.42,1,0.42,0,0,0,0,3,1.27,2,0.85,1,0.42,0,0,0,0,1,0.42,1,0.42,6,2.54,24,10.17,26,11.02,0,0,4,1.69,15,6.36,2,0.85,2,0.85,11,4.66,62,26.27,1,0.42,3,1.27,1,0.42,1,0.42,1,0.42,3,1.27,8,3.39,6,2.54,8,3.39,0,0,0,0,0,0,235,10
4cc0im40e7qjiw8f90ah8setw,Jassem Abdullah Rashid Ahmed Al Hammadi,Jassem Al Hammadi,Goalkeeper,United Arab Emirates Under 17,6sd2to8r31w4xq9a5rux8niec,2025-11-12T14:42:29Z,270,3,Goalkeepers,gk,gk,1,1,0,0,0.33,1,0.33,3,1,0,0,0,0,0,0,0,0,0,0,0,0,7,2.33,2,0.67,0,0,0,0,0,0,0,0,0,0,0,0,1,0.33,0,0,0,0,0,0,0,0,0,0,1,0,0,0.33,1,100,100,0.33,0,0,2,0.67,25,8.33,0,0,0,0,32,10.67,9,3,3,1,0,0,37,12.33,1,0.33,0,9,9,3,0,0,3,0,0,0,0,0,0,0,0,0,0,0,0,0,0,0,0,0,0,0,0,0,0,0,0,0,0,0,0,0,22,7.33,0,0,0,89,89,19,6.33,0,0,0,0,0,0,0,0,1,0.33,0,0,0,0,0,0,0,1,0.33,0,1,0.33,2,0.67,0,0,0,0,0,0,13,4.33,0,0,0,0,19,6.33,8,5,1.67,3,1,2.67,0,0,0,0,2,0.67,0,0,0,0,0,0,0,0,0,0,3,1,0,0,0,0,0,0,0,0,0,0,0,0,0,0,3,1,0,0,8,2.67,17,5.67,2,0.67,45,15,39,13,0,0,0,0,0,0,0,0,0,0,0,0,0,0,0,0,3,1,0,0,5,1.67,0,0,0,0,19,6.33,66,22,0,0,0,0,47,15.67,0,0,0,0,19,6.33,88,29.33,0,0,0,0,0,0,0,0,5,1.67,18,6,14,4.67,5,1.67,1,0.33,0,0,0,0,0,0,237,1
ceqzgh56el6em7weq820hgsno,Ali Hassan Abbas Ghuloum Al Jasmi,Ali Hassan,Forward,United Arab Emirates Under 17,6sd2to8r31w4xq9a5rux8niec,2025-11-12T14:42:29Z,106,1.18,Wingers,lm,lm,1,1,1,0.85,0.85,0,0,2,1.69,0,0,0,0,0,0,3,2.54,0,0,0,0,4,3.39,0,0,0,0,0,0,0,0,0,0,0,0,0,0,0,0,0,0,0,0,1,0.85,0,0,0,0,10,6,5.08,8.47,4,40,40,3.39,5,4.24,0,0,5,4.24,2,1.69,0,0,0,0,0,0,2,1.69,0,0,0,0,0,0,0,3,3,2.54,0,0,2.54,0,0,0,0,0,0,0,9,5,4.24,7.63,4,3.39,0,0,0,0,0,0,0,0,0,0,0,0,0,0,0,0,0,0,0,1,0.85,36,36,14,11.86,0,0,0,0,0,0,0,0,0,0,0,0,0,0,0,0,0,0,0,0,2,1.69,1,0.85,0,0,2,0,0,1.69,5,4.24,0,0,0,0,6,5.08,0,0,0,0,0,0,0,0,0,0,0,0,0,0,0,0,0,0,0,0,0,0,1,0.85,0,0,1,0.85,1,0.85,0,0,0,0,0,0,0,0,0,0,1,0.85,1,0.85,5,4.24,2,1.69,3,2.54,4,3.39,1,0.85,1,0.85,0,0,0,0,0,0,2,1.69,0,0,0,0,0,0,0,0,0,0,2,1.69,2,1.69,12,10.17,14,11.86,0,0,0,0,5,4.24,2,1.69,0,0,9,7.63,22,18.64,0,0,0,0,0,0,1,0.85,4,3.39,4,3.39,6,5.08,3,2.54,5,4.24,0,0,0,0,0,0,238,18
e26yk61y1fhabpdt774zntc7o,Ibrahim Yousuf Ibrahim Alkhata Al Jasmi,Ibrahim Yousuf,Midfielder,United Arab Emirates Under 17,6sd2to8r31w4xq9a5rux8niec,2025-11-12T14:42:29Z,249,2.77,Midfielders,dm,"dm,cb",2,2,2,0.72,0.72,0,0,3,1.08,0,0,0,0,0,0,8,2.89,1,0.36,0,0,14,5.05,0,0,1,0.36,0,0,0,0,0,0,1,0.36,1,0.36,0,0,0,0,0,0,1,0.36,100,100,0,0,9,5,1.81,3.25,4,44,44,1.44,9,3.25,3,1.08,32,11.55,0,0,0,0,0,0,0,0,3,1.08,0,0,0,0,0,0,0,8,8,2.89,0,0,2.89,0,0,0,0,0,0,0,7,3,1.08,2.53,4,1.44,0,0,0,0,0,0,0,0,2,0.72,1,0.36,0,0,0,0,18,6.5,0,0,0,78,78,72,25.99,0,0,0,0,0,0,0,0,0,0,0,0,0,0,0,0,0,1,0.36,0,7,2.53,2,0.72,0,0,0,0,0,0,12,4.33,0,0,0,0,16,5.78,0,0,0,0,0,0,0,0,0,0,0,0,0,0,0,0,0,0,0,0,0,0,3,1.08,0,0,1,0.36,0,0,0,0,0,0,0,0,2,0.72,2,0.72,1,0.36,2,0.72,56,20.22,18,6.5,40,14.44,56,20.22,0,0,2,0.72,0,0,0,0,0,0,1,0.36,0,0,0,0,0,0,0,0,8,2.89,1,0.36,0,0,20,7.22,74,26.71,0,0,0,0,58,20.94,2,0.72,2,0.72,16,5.78,96,34.66,1,0.36,1,0.36,0,0,0,0,6,2.17,10,3.61,10,3.61,7,2.53,6,2.17,0,0,0,0,0,0,239,6
avi1f982bni4a8fw6uevn8j6c,Suhail Al Noubi Malalla Almas Faraj Al Suwaidi,Suhail Al Noubi,Defender,United Arab Emirates Under 17,6sd2to8r31w4xq9a5rux8niec,2025-11-12T14:42:29Z,180,2,Center Backs,cb,cb,1,5,1,0.5,2.5,4,2,2,1,0,0,0,0,0,0,1,0.5,0,0,2,1,11,5.5,0,0,1,0.5,0,0,0,0,0,0,0,0,0,0,0,0,0,0,0,0,0,0,0,0,0,0,10,2,1,5,8,80,80,4,2,1,6,3,22,11,0,0,0,0,0,0,0,0,2,1,0,0,0,0,0,0,0,4,4,2,0,0,2,0,0,0,0,0,0,0,5,1,0.5,2.5,4,2,1,0.5,0,0,0,0,0,0,3,1.5,1,0.5,0,0,0,0,17,8.5,0,0,0,90,90,48,24,0,0,0,0,0,0,0,0,0,0,0,0,0,0,0,0,0,0,0,0,7,3.5,4,2,0,0,2,2,1,1,2,1,0,0,0,0,11,5.5,0,0,0,0,0,0,0,0,0,0,0,0,0,0,0,0,0,0,1,0.5,0,0,2,1,0,0,0,0,0,0,0,0,0,0,0,0,0,0,3,1.5,0,0,10,5,43,21.5,17,8.5,27,13.5,34,17,2,1,0,0,0,0,0,0,0,0,0,0,0,0,1,0.5,0,0,0,0,15,7.5,3,1.5,2,1,8,4,51,25.5,0,0,1,0.5,44,22,2,1,2,1,7,3.5,81,40.5,0,0,0,0,0,0,0,0,4,2,5,2.5,4,2,3,1.5,2,1,0,0,0,0,2,1,243,5
cd7tahqoa7itvcssf40xg0sus,Mohammed Gamal Mohammed Bani,Mohamed Gamal,Midfielder,United Arab Emirates Under 17,6sd2to8r31w4xq9a5rux8niec,2025-11-12T14:42:29Z,228,2.53,Wingers,rm,rm,1,3,1,0.4,1.19,2,0.79,3,1.19,0,0,0,0,0,0,9,3.56,1,0.4,0,0,22,8.7,0,0,0,0,0,0,0,0,0,0,0,0,1,0.4,0,0,0,0,0,0,3,1.19,50,50,0,0,23,10,3.95,9.09,13,57,57,5.14,21,8.3,3,1.19,18,7.11,0,0,0,0,0,0,0,0,3,1.19,0,0,0,0,0,0,0,8,8,3.16,0,0,3.16,0,0,0,0,0,0,0,20,9,3.56,7.91,11,4.35,0,0,0,0,0,0,0,0,2,0.79,0,0,0,0,0,0,23,9.09,0,2,0.79,57,57,56,22.13,0,0,0,0,0,0,0,0,0,0,0,0,0,0,0,0,0,1,0.4,0,10,3.95,6,2.37,0,0,4,1,0.4,1.58,10,3.95,0,0,0,0,6,2.37,0,0,0,0,0,0,0,0,0,0,0,0,0,0,0,0,0,0,1,0.4,0,0,3,1.19,0,0,3,1.19,0,0,0,0,1,0.4,1,0.4,5,1.98,0,0,0,0,2,0.79,32,12.65,20,7.91,13,5.14,30,11.86,1,0.4,3,1.19,0,0,0,0,0,0,8,3.16,0,0,0,0,0,0,0,0,1,0.4,0,0,2,0.79,38,15.02,56,22.13,0,0,1,0.4,32,12.65,4,1.58,5,1.98,24,9.49,90,35.57,0,0,0,0,0,0,5,1.98,4,1.58,8,3.16,16,6.32,8,3.16,16,6.32,1,0.4,0,0,0,0,245,11
eeav342x5l7yho520xf0aoaok,Mayed Adel Khamis Mubarak Khamis,Mayed Adel,Forward,United Arab Emirates Under 17,6sd2to8r31w4xq9a5rux8niec,2025-11-12T14:42:29Z,270,3,Strikers,st,st,1,19,11,3.67,6.33,8,2.67,3,1,0,0,2,0.67,1,0.33,10,3.33,1,0.33,0,0,8,2.67,0,0,0,0,0,0,0,0,25,25,0,0,1,0.33,0,0,0,0,0,0,4,1.33,17,17,0,0,43,29,9.67,14.33,14,33,33,4.67,37,12.33,1,0.33,11,3.67,0,0,0,0,0,0,0,0,3,1,0,0,0,0,0,0,1,9,9,3,0,0,3,0,0,1,0.33,0,0,0.33,24,18,6,8,6,2,0,0,0,0,0,0,0,0,0,0,0,0,0,0,0,0,2,0.67,270,3,1,58,58,19,6.33,1,0.33,1,0.33,0,0,0,0,0,0,0,0,0,0,0,0,0,1,0.33,0,4,1.33,2,0.67,0,0,2,2,0.67,0.67,4,1.33,0,0,0,0,2,0.67,0,0,0,0,0,0,0,0,0,0,0,0,0,0,0,0,3,1,1,0.33,4,4,3,1,0,0,0,0,0,0,0,0,0,0,0,0,1,0.33,0,0,1,0.33,1,0.33,11,3.67,10,3.33,7,2.33,16,5.33,1,0.33,3,1,1,0.33,0,0,0,0,9,3,0,0,0,0,0,0,1,0.33,3,1,7,2.33,1,0.33,33,11,25,8.33,0,0,4,1.33,17,5.67,4,1.33,2,0.67,8,2.67,72,24,0,0,2,0.67,2,0.67,5,1.67,0,0,1,0.33,9,3,1,0.33,7,2.33,1,0.33,0,0,1,0.33,246,9
45zoe17rh7vvov4mg67b2q13o,Abdullah Mennad Mennad,Abdullah Mennad,Midfielder,United Arab Emirates Under 17,6sd2to8r31w4xq9a5rux8niec,2025-11-12T14:42:29Z,104,1.16,Midfielders,dm,dm,1,2,2,1.72,1.72,0,0,2,1.72,0,0,0,0,0,0,2,1.72,0,0,1,0.86,8,6.9,0,0,0,0,0,0,0,0,0,0,0,0,0,0,0,0,0,0,0,0,3,2.59,100,100,0,0,13,8,6.9,11.21,5,38,38,4.31,4,3.45,1,0.86,8,6.9,0,0,0,0,0,0,0,0,2,1.72,0,0,0,0,0,0,0,6,6,5.17,0,0,5.17,0,0,0,0,0,0,0,11,6,5.17,9.48,5,4.31,0,0,0,0,0,0,0,0,1,0.86,0,0,0,0,0,0,7,6.03,0,0,0,60,60,20,17.24,0,0,0,0,0,0,0,0,0,0,0,0,0,0,0,0,0,1,0.86,0,5,4.31,1,0.86,0,0,2,1,0.86,1.72,6,5.17,0,0,0,0,3,2.59,0,0,0,0,0,0,0,0,0,0,0,0,0,0,0,0,0,0,0,0,0,0,1,0.86,0,0,1,0.86,1,0.86,0,0,0,0,0,0,1,0.86,0,0,0,0,1,0.86,12,10.34,3,2.59,9,7.76,11,9.48,0,0,2,1.72,0,0,0,0,0,0,3,2.59,0,0,0,0,0,0,0,0,2,1.72,0,0,2,1.72,12,10.34,20,17.24,0,0,0,0,12,10.34,2,1.72,0,0,8,6.9,38,32.76,0,0,0,0,0,0,0,0,2,1.72,3,2.59,6,5.17,2,1.72,5,4.31,0,0,0,0,0,0,247,16
c60w41ewackm2bafbdfbv026s,Abdulla Rashed Abdulla Ali Mohamed,Abdulla Rashed,Midfielder,United Arab Emirates Under 17,6sd2to8r31w4xq9a5rux8niec,2025-11-12T14:42:29Z,270,3,Midfielders,dm,dm,1,3,1,0.33,1,2,0.67,3,1,0,0,0,0,0,0,15,5,0,0,1,0.33,25,8.33,0,0,1,0.33,0,0,0,0,0,0,5,1.67,0,0,0,0,0,0,0,0,2,0.67,0,0,0,0,15,6,2,5,9,60,60,3,19,6.33,10,3.33,39,13,0,0,0,0,0,0,0,0,3,1,0,0,0,0,0,0,0,9,9,3,0,0,3,0,0,0,0,0,0,0,12,5,1.67,4,7,2.33,0,0,0,0,0,0,0,0,3,1,1,0.33,0,0,0,0,20,6.67,0,0,0,73,73,75,25,0,0,0,0,0,0,0,0,0,0,0,0,0,0,0,0,0,1,0.33,0,12,4,4,1.33,0,0,4,2,0.67,1.33,14,4.67,0,0,0,0,11,3.67,0,0,0,0,0,0,0,0,0,0,0,0,0,0,0,0,0,0,0,0,0,0,3,1,0,0,0,0,0,0,0,0,0,0,0,0,0,0,0,0,1,0.33,2,0.67,55,18.33,21,7,41,13.67,60,20,4,1.33,1,0.33,1,0.33,0,0,1,0.33,5,1.67,1,0.33,0,0,0,0,0,0,6,2,0,0,2,0.67,48,16,85,28.33,0,0,0,0,62,20.67,5,1.67,2,0.67,23,7.67,137,45.67,5,1.67,10,3.33,3,1,3,1,4,1.33,10,3.33,27,9,6,2,13,4.33,0,0,0,0,0,0,248,8
92jsw9s5gkbp1hnnyr3kbwges,Fahad Khalil Ibrahim Shambeh Mohamed,Fahad Khalil,Defender,United Arab Emirates Under 17,6sd2to8r31w4xq9a5rux8niec,2025-11-12T14:42:29Z,205,2.28,Full Backs,lb,lb,1,5,3,1.32,2.19,2,0.88,3,1.32,0,0,0,0,0,0,6,2.63,0,0,1,0.44,11,4.82,0,0,0,0,0,0,0,0,0,0,0,0,0,0,0,0,0,0,0,0,1,0.44,0,0,0,0,17,9,3.95,7.46,8,47,47,3.51,15,6.58,4,1.75,36,15.79,0,0,0,0,0,0,0,0,3,1.32,0,0,0,0,0,0,0,5,5,2.19,0,0,2.19,0,0,0,0,0,0,0,12,6,2.63,5.26,6,2.63,0,0,0,0,0,0,0,0,0,0,0,0,0,0,0,0,0,0,0,0,0,66,66,58,25.44,0,0,0,0,0,0,0,0,0,0,0,0,0,0,0,0,0,0,0,0,8,3.51,4,1.75,0,0,2,0,0,0.88,6,2.63,0,0,0,0,17,7.46,0,0,0,0,0,0,0,0,0,0,0,0,0,0,0,0,1,0.44,0,0,0,0,2,0.88,0,0,0,0,1,0.44,0,0,0,0,0,0,0,0,1,0.44,0,0,3,1.32,38,16.67,14,6.14,25,10.96,36,15.79,2,0.88,3,1.32,0,0,7,3.07,12,5.26,2,0.88,0,0,0,0,0,0,0,0,5,2.19,1,0.44,1,0.44,36,15.79,59,25.88,0,0,1,0.44,39,17.11,5,2.19,0,0,20,8.77,105,46.05,0,0,5,2.19,4,1.75,1,0.44,8,3.51,12,5.26,18,7.89,7,3.07,8,3.51,0,0,0,0,0,0,249,12
68v39h2v7u7omvlj7tvu5ldsk,Ahmed Ekramy Mohamed Reda Aly Meshref,Ahmed Ekramy,Defender,United Arab Emirates Under 17,6sd2to8r31w4xq9a5rux8niec,2025-11-12T14:42:29Z,270,3,Center Backs,cb,"cb,lb",2,2,0,0,0.67,2,0.67,3,1,0,0,0,0,0,0,3,1,0,0,3,1,24,8,0,0,0,0,0,0,0,0,0,0,0,0,0,0,0,0,0,0,0,0,1,0.33,67,67,0,0,11,4,1.33,3.67,7,64,64,2.33,1,0.33,2,0.67,27,9,0,0,0,0,0,0,0,0,3,1,0,0,0,0,0,0,0,9,9,3,0,0,3,0,0,0,0,0,0,0,9,4,1.33,3,5,1.67,0,0,0,0,0,0,0,0,4,1.33,0,0,0,0,0,0,22,7.33,0,0,0,80,80,71,23.67,0,0,0,0,0,0,0,0,0,0,0,0,0,0,0,0,0,1,0.33,0,9,3,4,1.33,0,0,2,1,0.33,0.67,11,3.67,0,0,0,0,22,7.33,0,0,0,0,0,0,0,0,0,0,0,0,0,0,0,0,0,0,0,0,0,0,3,1,0,0,0,0,0,0,0,0,0,0,0,0,2,0.67,4,1.33,0,0,7,2.33,57,19,8,2.67,51,17,52,17.33,0,0,2,0.67,0,0,2,0.67,6,2,2,0.67,0,0,0,0,0,0,0,0,8,2.67,1,0.33,2,0.67,20,6.67,74,24.67,0,0,0,0,59,19.67,2,0.67,0,0,15,5,111,37,0,0,0,0,0,0,1,0.33,6,2,8,2.67,8,2.67,7,2.33,7,2.33,0,0,0,0,1,0.33,250,3
4cq55lwpqw8p67f67qtxagwes,Salem Esam Salem Faraj Yaqoot,Salem Esam,Defender,United Arab Emirates Under 17,6sd2to8r31w4xq9a5rux8niec,2025-11-12T14:42:29Z,243,2.7,Full Backs,rb,rb,1,4,2,0.74,1.48,2,0.74,3,1.11,0,0,0,0,0,0,1,0.37,0,0,1,0.37,19,7.04,0,0,1,0.37,0,0,0,0,0,0,0,0,2,0.74,0,0,0,0,0,0,0,0,20,20,0,0,35,16,5.93,12.96,19,54,54,7.04,16,5.93,6,2.22,38,14.07,3,1.11,0,0,0,0,0,0,3,1.11,0,0,0,0,0,0,0,8,8,2.96,0,0,2.96,0,0,0,0,0,0,0,31,14,5.19,11.48,17,6.3,0,0,0,0,0,0,0,0,4,1.48,1,0.37,0,0,0,0,16,5.93,0,0,0,63,63,57,21.11,0,0,0,0,0,0,0,0,0,0,0,0,0,0,0,0,0,1,0.37,0,13,4.81,7,2.59,0,0,4,1,0.37,1.48,13,4.81,0,0,0,0,3,1.11,0,0,0,0,0,0,0,0,0,0,0,0,0,0,0,0,0,0,0,0,0,0,3,1.11,0,0,2,0.74,0,0,0,0,0,0,0,0,1,0.37,1,0.37,0,0,4,1.48,36,13.33,12,4.44,25,9.26,33,12.22,4,1.48,9,3.33,0,0,20,7.41,14,5.19,4,1.48,0,0,0,0,0,0,0,0,19,7.04,6,2.22,3,1.11,49,18.15,58,21.48,0,0,0,0,37,13.7,13,4.81,2,0.74,21,7.78,146,54.07,0,0,2,0.74,2,0.74,4,1.48,10,3.7,11,4.07,12,4.44,11,4.07,10,3.7,0,0,0,0,1,0.37,252,13
6emyhjddmv8kcmsmlj2dtvdas,Gastón Alejo Bouhier,G. Bouhier,Forward,Argentina Under 17,e2hm3zc0ysfsyylmhzsrcfbfy,2025-11-17T18:37:28Z,211,2.34,Midfielders,dm,"am,dm",2,6,3,1.28,2.56,3,1.28,4,1.71,0,0,0,0,0,0,8,3.42,1,0.43,0,0,28,11.97,0,0,3,1.28,1,0.43,0,0,0,0,1,0.43,3,1.28,0,0,0,0,0,0,5,2.14,62,62,0,0,32,18,7.69,13.68,14,44,44,5.98,56,23.93,10,4.27,30,12.82,1,0.43,0,0,0,0,0,0,4,1.71,0,0,0,0,0,0,0,1,1,0.43,0,0,0.43,0,0,0,0,0,0,0,26,15,6.41,11.11,11,4.7,0,0,0,0,0,0,0,0,3,1.28,3,1.28,0,0,0,0,23,9.83,0,0,0,77,77,83,35.47,0,0,1,0.43,0,0,0,0,0,0,0,0,0,0,0,0,0,0,0,0,15,6.41,6,2.56,0,0,3,0,0,1.28,11,4.7,0,0,0,0,24,10.26,0,0,0,0,0,0,0,0,0,0,0,0,0,0,0,0,0,0,2,0.85,0,0,2,0.85,0,0,1,0.43,2,0.85,0,0,1,0.43,0,0,5,2.14,0,0,0,0,6,2.56,64,27.35,59,25.21,8,3.42,60,25.64,2,0.85,3,1.28,0,0,0,0,3,1.28,8,3.42,0,0,0,0,0,0,0,0,0,0,4,1.71,1,0.43,35,14.96,85,36.32,0,0,2,0.85,66,28.21,5,2.14,8,3.42,19,8.12,128,54.7,1,0.43,1,0.43,0,0,3,1.28,1,0.43,3,1.28,17,7.26,3,1.28,16,6.84,0,0,0,0,0,0,253,20
8w1w52wbtiqdf2furtgl1wxec,José Alberto Castelau de Roa,A. Castelau,Goalkeeper,Argentina Under 17,e2hm3zc0ysfsyylmhzsrcfbfy,2025-11-17T18:37:28Z,270,3,Goalkeepers,gk,gk,1,0,0,0,0,0,0,3,1,0,0,0,0,0,0,0,0,0,0,0,0,6,2,0,0,0,0,1,0.33,0,0,0,0,0,0,0,0,0,0,0,0,0,0,0,0,0,0,0,0,0,0,0,0,0,0,0,0,0,0,0,0,33,11,0,0,0,0,21,7,4,1.33,3,1,0,0,17,5.67,0,0,0,4,4,1.33,0,0,1.33,0,0,0,0,0,0,0,0,0,0,0,0,0,0,0,0,0,0,0,0,0,0,0,0,0,0,0,0,0,20,6.67,0,0,0,79,79,43,14.33,0,0,0,0,0,0,0,0,0,0,0,0,0,0,0,0,0,0,0,0,0,0,8,2.67,1,0.33,0,0,0,0,17,5.67,0,0,0,0,13,4.33,2,2,0.67,0,0,0.67,0,0,0,0,0,0,0,0,0,0,0,0,0,0,0,0,3,1,0,0,0,0,0,0,0,0,0,0,0,0,0,0,6,2,0,0,13,4.33,34,11.33,10,3.33,42,14,39,13,0,0,0,0,0,0,0,0,0,0,0,0,0,0,0,0,2,0.67,0,0,1,0.33,0,0,0,0,14,4.67,66,22,0,0,0,0,52,17.33,0,0,0,0,14,4.67,77,25.67,0,0,0,0,0,0,0,0,7,2.33,14,4.67,12,4,2,0.67,0,0,0,0,0,0,0,0,254,1
68070s4m0n5r0jkqjcmyghmvo,Fernando Nicolas Closter,F. Closter,Defender,Argentina Under 17,e2hm3zc0ysfsyylmhzsrcfbfy,2025-11-17T18:37:28Z,182,2.02,Center Backs,cb,cb,1,11,7,3.47,5.45,4,1.98,3,1.49,0,0,0,0,0,0,4,1.98,1,0.5,0,0,33,16.34,0,0,0,0,0,0,0,0,100,100,0,0,0,0,0,0,0,0,0,0,1,0.5,0,0,0,0,20,12,5.94,9.9,8,40,40,3.96,3,1.49,5,2.48,28,13.86,0,0,0,0,1,0.5,0,0,3,1.49,0,0,1,0.5,0,0,1,4,4,1.98,0,0,1.98,0,0,1,0.5,0,0,0.5,9,5,2.48,4.46,4,1.98,0,0,1,0.5,0,0,1,0.5,3,1.49,0,0,0,0,0,0,46,22.77,182,0,0,89,89,94,46.53,0,0,0,0,0,0,0,0,0,0,0,0,0,0,0,0,0,0,0,0,10,4.95,1,0.5,0,0,2,2,0.99,0.99,5,2.48,0,0,0,0,18,8.91,0,0,0,0,0,0,0,0,0,0,0,0,0,0,0,0,0,0,1,0.5,1,1,2,0.99,0,0,0,0,1,0.5,0,0,0,0,0,0,0,0,0,0,0,0,4,1.98,84,41.58,21,10.4,64,31.68,81,40.1,1,0.5,3,1.49,0,0,0,0,0,0,1,0.5,0,0,0,0,0,0,1,0.5,12,5.94,4,1.98,0,0,14,6.93,96,47.52,0,0,1,0.5,85,42.08,4,1.98,2,0.99,11,5.45,124,61.39,0,0,0,0,0,0,0,0,4,1.98,6,2.97,5,2.48,6,2.97,5,2.48,0,0,0,0,2,0.99,256,2
3zbdtoc0a972mwu80plaavml0,Simon Valentin Escobar,S. Escobar,Defender,Argentina Under 17,e2hm3zc0ysfsyylmhzsrcfbfy,2025-11-17T18:37:28Z,283,3.14,Full Backs,lb,lb,1,6,2,0.64,1.91,4,1.27,4,1.27,1,0.32,0,0,0,0,18,5.73,1,0.32,0,0,77,24.52,0,0,4,1.27,1,0.32,0,0,0,0,0,0,5,1.59,0,0,0,0,0,0,1,0.32,75,75,0,0,53,19,6.05,16.88,34,64,64,10.83,73,23.25,12,3.82,51,16.24,3,0.96,0,0,0,0,0,0,4,1.27,1,0.32,0,0,0,0,0,4,4,1.27,0,0,1.27,0,0,0,0,0,0,0,47,17,5.41,14.97,30,9.55,1,0.32,0,0,0,0,0,0,4,1.27,3,0.96,0,0,0,0,1,0.32,0,0,0,83,83,125,39.81,0,0,0,0,0,0,0,0,0,0,0,0,0,0,0,0,0,0,0,0,47,14.97,17,5.41,0,0,5,3,0.96,1.59,12,3.82,0,0,0,0,58,18.47,0,0,0,0,0,0,0,0,0,0,0,0,0,0,0,0,2,0.64,1,0.32,0,0,3,0.96,0,0,0,0,1,0.32,0,0,5,1.59,5,1.59,12,3.82,2,0.64,0,0,14,4.46,104,33.12,55,17.52,57,18.15,93,29.62,3,0.96,5,1.59,0,0,2,0.64,21,6.69,5,1.59,1,0.32,0,0,0,0,0,0,12,3.82,6,1.91,10,3.18,49,15.61,128,40.76,0,0,3,0.96,107,34.08,8,2.55,6,1.91,21,6.69,242,77.07,0,0,8,2.55,8,2.55,4,1.27,2,0.64,8,2.55,25,7.96,4,1.27,13,4.14,0,0,0,0,1,0.32,257,3
bozmjmenuaq6lui8s1n5zw4k4,Santiago Joaquín Espíndola,S. Espíndola,Midfielder,Argentina Under 17,e2hm3zc0ysfsyylmhzsrcfbfy,2025-11-17T18:37:28Z,281,3.12,Midfielders,dm,"lm,dm,cm",3,11,4,1.28,3.53,7,2.24,4,1.28,0,0,0,0,0,0,16,5.13,1,0.32,0,0,37,11.86,0,0,4,1.28,0,0,0,0,0,0,0,0,1,0.32,0,0,0,0,0,0,1,0.32,40,40,0,0,35,15,4.81,11.22,20,57,57,6.41,37,11.86,19,6.09,40,12.82,2,0.64,1,0.32,0,0,0,0,4,1.28,0,0,0,0,0,0,0,4,4,1.28,0,0,1.28,0,0,0,0,0,0,0,24,11,3.53,7.69,13,4.17,0,0,0,0,0,0,0,0,6,1.92,4,1.28,0,0,0,0,45,14.42,0,0,0,86,86,134,42.95,0,0,0,0,0,0,0,0,0,0,0,0,0,0,0,0,0,0,0,0,21,6.73,12,3.85,0,0,7,4,1.28,2.24,17,5.45,0,0,0,0,41,13.14,0,0,0,0,0,0,0,0,0,0,0,0,0,0,0,0,1,0.32,3,0.96,0,0,3,0.96,0,0,1,0.32,1,0.32,0,0,1,0.32,1,0.32,2,0.64,0,0,3,0.96,12,3.85,115,36.86,75,24.04,49,15.71,111,35.58,2,0.64,5,1.6,2,0.64,0,0,0,0,4,1.28,0,0,1,0.32,0,0,0,0,3,0.96,3,0.96,4,1.28,31,9.94,142,45.51,0,0,4,1.28,123,39.42,7,2.24,5,1.6,19,6.09,194,62.18,0,0,0,0,0,0,3,0.96,0,0,2,0.64,11,3.53,8,2.56,17,5.45,0,0,0,0,0,0,258,5
dkks3uspv5aqjljye44trjm6s,Felipe Gabriel Esquivel,F. Esquivel,Forward,Argentina Under 17,e2hm3zc0ysfsyylmhzsrcfbfy,2025-11-17T18:37:28Z,206,2.29,Wingers,rw,"rm,rw",2,9,4,1.75,3.93,5,2.18,4,1.75,1,0.44,0,0,0,0,16,6.99,0,0,0,0,39,17.03,0,0,6,2.62,0,0,0,0,14,14,14,6.11,2,0.87,0,0,0,0,0,0,2,0.87,64,64,0,0,32,12,5.24,13.97,20,62,62,8.73,70,30.57,9,3.93,20,8.73,0,0,0,0,0,0,0,0,4,1.75,2,0.87,0,0,0,0,1,3,3,1.31,0,0,1.31,1,0.44,1,0.44,0,0,0.44,23,8,3.49,10.04,15,6.55,0,0,0,0,0,0,1,0.44,0,0,4,1.75,0,0,0,0,12,5.24,206,0,0,81,81,62,27.07,0,0,1,0.44,0,0,0,0,0,0,0,0,0,0,0,0,0,0,0,0,23,10.04,7,3.06,0,0,4,2,0.87,1.75,4,1.75,0,0,1,0.44,23,10.04,0,0,0,0,0,0,0,0,0,0,0,0,0,0,0,0,3,1.31,4,1.75,7,7,2,0.87,0,0,2,0.87,2,0.87,3,1.31,3,1.31,0,0,7,3.06,0,0,0,0,0,0,50,21.83,51,22.27,11,4.8,59,25.76,0,0,2,0.87,0,0,0,0,1,0.44,6,2.62,0,0,0,0,0,0,0,0,1,0.44,1,0.44,6,2.62,40,17.47,71,31,0,0,7,3.06,59,25.76,2,0.87,9,3.93,12,5.24,135,58.95,5,2.18,14,6.11,6,2.62,4,1.75,0,0,0,0,25,10.92,1,0.44,12,5.24,1,0.44,1,0.44,1,0.44,259,7
bgcx6apv8i5olhyo2astbias4,Can Armando Güner,C. Güner,Forward,Argentina Under 17,e2hm3zc0ysfsyylmhzsrcfbfy,2025-11-17T18:37:28Z,165,1.83,Wingers,rm,"lm,rm",2,1,0,0,0.55,1,0.55,3,1.64,0,0,1,0.55,0,0,21,11.48,0,0,0,0,24,13.11,0,0,5,2.73,1,0.55,0,0,0,0,14,7.65,7,3.83,0,0,0,0,0,0,1,0.55,80,80,0,0,14,4,2.19,7.65,10,71,71,5.46,86,46.99,2,1.09,15,8.2,1,0.55,0,0,0,0,0,0,3,1.64,0,0,0,0,0,0,0,0,0,0,0,0,0,0,0,0,0,0,0,0,13,4,2.19,7.1,9,4.92,0,0,0,0,0,0,0,0,0,0,5,2.73,0,0,0,0,21,11.48,0,0,0,80,80,51,27.87,0,0,0,0,0,0,0,0,0,0,0,0,0,0,0,0,0,0,0,0,13,7.1,10,5.46,0,0,1,0,0,0.55,5,2.73,0,0,0,0,2,1.09,0,0,0,0,0,0,0,0,0,0,0,0,0,0,0,0,6,3.28,4,2.19,0,0,2,1.09,0,0,1,0.55,1,0.55,1,0.55,1,0.55,0,0,4,2.19,0,0,4,2.19,4,2.19,41,22.4,40,21.86,8,4.37,43,23.5,0,0,0,0,0,0,0,0,1,0.55,2,1.09,2,1.09,2,1.09,0,0,0,0,0,0,1,0.55,5,2.73,36,19.67,59,32.24,0,0,10,5.46,47,25.68,0,0,7,3.83,12,6.56,108,59.02,6,3.28,15,8.2,8,4.37,1,0.55,1,0.55,1,0.55,26,14.21,1,0.55,11,6.01,0,0,0,0,0,0,260,19
74r1wp5dr494708f6cfb15udw,Facundo Valentín Jainikoski,F. Jainikoski,Forward,Argentina Under 17,e2hm3zc0ysfsyylmhzsrcfbfy,2025-11-17T18:37:28Z,143,1.59,Wingers,lm,lm,1,3,2,1.26,1.89,1,0.63,4,2.52,0,0,0,0,0,0,1,0.63,1,0.63,0,0,22,13.84,0,0,3,1.89,0,0,0,0,29,29,0,0,1,0.63,0,0,0,0,0,0,6,3.77,40,40,0,0,26,17,10.69,16.35,9,35,35,5.66,52,32.7,6,3.77,9,5.66,1,0.63,0,0,0,0,0,0,4,2.52,0,0,0,0,0,0,2,0,0,0,0,0,0,2,1.26,1,0.63,1,0.63,1.26,23,15,9.43,14.47,8,5.03,0,0,0,0,1,0.63,2,1.26,0,0,3,1.89,0,0,0,0,6,3.77,72,1,0.63,80,80,30,18.87,0,0,1,0.63,0,0,0,0,0,0,0,0,0,0,0,0,0,0,0,0,10,6.29,6,3.77,0,0,2,2,1.26,1.26,9,5.66,0,0,2,1.26,14,8.81,0,0,0,0,0,0,0,0,0,0,0,0,0,0,0,0,4,2.52,3,1.89,4,4,1,0.63,0,0,1,0.63,3,1.89,0,0,1,0.63,1,0.63,4,2.52,0,0,0,0,1,0.63,24,15.09,20,12.58,5,3.14,23,14.47,1,0.63,1,0.63,0,0,0,0,1,0.63,12,7.55,0,0,1,0.63,0,0,0,0,1,0.63,2,1.26,2,1.26,32,20.13,30,18.87,0,0,7,4.4,24,15.09,2,1.26,14,8.81,6,3.77,84,52.83,0,0,3,1.89,3,1.89,6,3.77,0,0,2,1.26,9,5.66,0,0,4,2.52,0,0,1,0.63,1,0.63,261,18
6ojnsrvnjx88kf66hnlzedbmc,Mateo Ezequiel Martínez,M. Martínez,Defender,Argentina Under 17,e2hm3zc0ysfsyylmhzsrcfbfy,2025-11-17T18:37:28Z,193,2.14,Center Backs,cb,cb,1,5,1,0.47,2.34,4,1.87,3,1.4,0,0,0,0,2,0.93,7,3.27,0,0,1,0.47,31,14.49,0,0,5,2.34,2,0.93,0,0,33,33,0,0,1,0.47,0,0,0,0,0,0,0,0,100,100,0,0,14,4,1.87,6.54,10,71,71,4.67,19,8.88,26,12.15,52,24.3,0,0,0,0,0,0,0,0,3,1.4,0,0,0,0,0,0,2,0,0,0,0,0,0,0,0,2,0.93,0,0,0.93,9,3,1.4,4.21,6,2.8,0,0,0,0,0,0,0,0,2,0.93,5,2.34,0,0,1,0.47,52,24.3,96,0,0,88,88,128,59.81,0,0,0,0,0,0,0,0,0,0,0,0,0,0,0,0,0,0,0,0,20,9.35,10,4.67,0,0,1,0,0,0.47,13,6.07,0,0,1,0.47,19,8.88,0,0,0,0,0,0,0,0,0,0,0,0,0,0,0,0,2,0.93,4,1.87,3,3,2,0.93,0,0,0,0,1,0.47,0,0,0,0,0,0,2,0.93,1,0.47,0,0,13,6.07,113,52.8,58,27.1,57,26.64,102,47.66,2,0.93,1,0.47,0,0,0,0,0,0,0,0,0,0,2,0.93,0,0,0,0,10,4.67,1,0.47,1,0.47,16,7.48,130,60.75,0,0,6,2.8,115,53.74,3,1.4,6,2.8,15,7.01,159,74.3,0,0,0,0,0,0,0,0,4,1.87,8,3.74,11,5.14,4,1.87,7,3.27,0,0,0,0,0,0,262,17
8jk6a2lbv69iot729mhjtumfo,Jerónimo Gómez Mattar,J. Mattar,Midfielder,Argentina Under 17,e2hm3zc0ysfsyylmhzsrcfbfy,2025-11-17T18:37:28Z,187,2.08,Midfielders,dm,dm,1,8,3,1.44,3.85,5,2.4,4,1.92,1,0.48,0,0,0,0,23,11.06,1,0.48,1,0.48,27,12.98,0,0,7,3.37,1,0.48,0,0,0,0,0,0,2,0.96,0,0,0,0,0,0,0,0,67,67,0,0,29,9,4.33,13.94,20,69,69,9.62,54,25.96,9,4.33,21,10.1,0,0,0,0,0,0,0,0,4,1.92,1,0.48,0,0,0,0,0,1,1,0.48,0,0,0.48,0,0,0,0,0,0,0,21,6,2.88,10.1,15,7.21,0,0,0,0,0,0,0,0,2,0.96,6,2.88,0,0,0,0,32,15.38,0,0,0,79,79,97,46.63,0,0,0,0,0,0,0,0,0,0,0,0,0,0,0,0,0,0,0,0,12,5.77,5,2.4,0,0,6,2,0.96,2.88,15,7.21,0,0,0,0,22,10.58,0,0,0,0,0,0,0,0,0,0,0,0,0,0,0,0,2,0.96,1,0.48,0,0,1,0.48,0,0,0,0,3,1.44,0,0,0,0,0,0,4,1.92,1,0.48,0,0,6,2.88,77,37.02,54,25.96,24,11.54,72,34.62,2,0.96,6,2.88,2,0.96,0,0,0,0,2,0.96,3,1.44,0,0,0,0,0,0,3,1.44,1,0.48,3,1.44,31,14.9,98,47.12,0,0,3,1.44,78,37.5,8,3.85,10,4.81,20,9.62,142,68.27,0,0,4,1.92,4,1.92,2,0.96,2,0.96,2,0.96,19,9.13,5,2.4,18,8.65,0,0,0,0,0,0,263,8
cjyfn4sgeny9skiax94u6r310,Elián Uriel Ojeda,U. Ojeda,Midfielder,Argentina Under 17,e2hm3zc0ysfsyylmhzsrcfbfy,2025-11-17T18:37:28Z,236,2.62,Midfielders,am,"rm,am",2,7,3,1.15,2.67,4,1.53,4,1.53,1,0.38,1,0.38,3,1.15,19,7.25,8,3.05,1,0.38,19,7.25,0,0,6,2.29,1,0.38,0,0,23,23,8,3.05,4,1.53,0,0,0,0,1,0.38,6,2.29,25,25,0,0,29,17,6.49,11.07,12,41,41,4.58,77,29.39,4,1.53,15,5.73,1,0.38,0,0,0,0,0,0,4,1.53,1,0.38,0,0,0,0,3,3,3,1.15,0,0,1.15,2,0.76,2,0.76,1,0.38,1.15,22,14,5.34,8.4,8,3.05,0,0,0,0,0,0,0,0,1,0.38,5,1.91,0,0,0,0,9,3.44,79,1,0.38,85,85,54,20.61,0,0,0,0,0,0,0,0,0,0,0,0,0,0,1,0.38,0,0,0,0,4,1.53,3,1.15,0,0,4,4,1.53,1.53,10,3.82,0,0,3,1.15,16,6.11,0,0,0,0,0,0,0,0,0,0,0,0,0,0,1,0.38,6,2.29,7,2.67,4,4,2,0.76,0,0,1,0.38,2,0.76,2,0.76,4,1.53,1,0.38,1,0.38,2,0.76,3,1.15,3,1.15,46,17.56,41,15.65,14,5.34,48,18.32,4,1.53,2,0.76,1,0.38,0,0,1,0.38,9,3.44,2,0.76,2,0.76,0,0,2,0.76,2,0.76,2,0.76,1,0.38,28,10.69,59,22.52,0,0,13,4.96,51,19.47,6,2.29,23,8.78,8,3.05,131,50,3,1.15,3,1.15,0,0,3,1.15,0,0,3,1.15,11,4.2,0,0,5,1.91,1,0.38,1,0.38,0,0,264,10
9twl0hvqb04qmwuxbwc3ggwt0,Felipe Pujol,F. Pujol,Midfielder,Argentina Under 17,e2hm3zc0ysfsyylmhzsrcfbfy,2025-11-17T18:37:28Z,142,1.58,Midfielders,dm,"dm,cm",2,1,0,0,0.63,1,0.63,3,1.9,0,0,0,0,0,0,18,11.39,0,0,0,0,18,11.39,0,0,1,0.63,0,0,0,0,0,0,0,0,1,0.63,0,0,0,0,0,0,2,1.27,50,50,0,0,22,9,5.7,13.92,13,59,59,8.23,26,16.46,10,6.33,24,15.19,0,0,0,0,0,0,0,0,3,1.9,0,0,0,0,0,0,0,3,3,1.9,0,0,1.9,0,0,0,0,0,0,0,21,9,5.7,13.29,12,7.59,0,0,0,0,0,0,0,0,1,0.63,1,0.63,0,0,0,0,28,17.72,0,0,0,86,86,81,51.27,0,0,0,0,0,0,0,0,0,0,0,0,0,0,0,0,0,0,0,0,6,3.8,5,3.16,0,0,6,4,2.53,3.8,10,6.33,0,0,0,0,13,8.23,0,0,0,0,0,0,0,0,0,0,0,0,0,0,0,0,0,0,0,0,0,0,2,1.27,0,0,2,1.27,1,0.63,0,0,1,0.63,1,0.63,1,0.63,0,0,1,0.63,9,5.7,70,44.3,39,24.68,34,21.52,63,39.87,0,0,7,4.43,0,0,0,0,0,0,3,1.9,0,0,0,0,0,0,0,0,4,2.53,2,1.27,4,2.53,19,12.03,83,52.53,0,0,0,0,72,45.57,7,4.43,1,0.63,11,6.96,117,74.05,0,0,5,3.16,5,3.16,1,0.63,2,1.27,3,1.9,13,8.23,3,1.9,8,5.06,0,0,0,0,0,0,265,16
a3wdkspama0wvgxawbnsmt8gk,Matías Gabriel Satas,M. Satas,Defender,Argentina Under 17,e2hm3zc0ysfsyylmhzsrcfbfy,2025-11-17T18:37:28Z,270,3,Center Backs,cb,cb,1,12,6,2,4,6,2,3,1,0,0,0,0,0,0,9,3,1,0.33,1,0.33,53,17.67,0,0,1,0.33,1,0.33,0,0,0,0,0,0,0,0,0,0,0,0,0,0,1,0.33,0,0,0,0,21,9,3,7,12,57,57,4,5,1.67,13,4.33,63,21,1,0.33,0,0,1,0.33,0,0,3,1,0,0,1,0.33,0,0,0,4,4,1.33,0,0,1.33,0,0,0,0,0,0,0,9,3,1,3,6,2,0,0,0,0,0,0,0,0,1,0.33,1,0.33,0,0,0,0,48,16,0,0,0,94,94,159,53,0,0,0,0,0,0,0,0,0,0,0,0,0,0,0,0,0,0,0,0,28,9.33,7,2.33,0,0,1,1,0.33,0.33,14,4.67,0,0,0,0,52,17.33,0,0,0,0,0,0,0,0,0,0,0,0,0,0,0,0,0,0,1,0.33,0,0,3,1,0,0,0,0,0,0,0,0,0,0,0,0,0,0,1,0.33,0,0,14,4.67,150,50,53,17.67,109,36.33,148,49.33,1,0.33,0,0,0,0,0,0,0,0,2,0.67,0,0,0,0,0,0,0,0,6,2,2,0.67,5,1.67,13,4.33,172,57.33,0,0,1,0.33,162,54,1,0.33,1,0.33,10,3.33,197,65.67,0,0,0,0,0,0,1,0.33,3,1,6,2,8,2.67,2,0.67,4,1.33,0,0,0,0,0,0,267,6
f1lioyzt1z43cy65sn98mzthw,Santiago Damián Silveira,S. Silveira,Defender,Argentina Under 17,e2hm3zc0ysfsyylmhzsrcfbfy,2025-11-17T18:37:28Z,180,2,Full Backs,rb,"rb,lb",2,9,5,2.5,4.5,4,2,2,1,0,0,0,0,1,0.5,15,7.5,2,1,0,0,25,12.5,0,0,4,2,1,0.5,0,0,20,20,0,0,2,1,0,0,0,0,0,0,3,1.5,67,67,0,0,37,14,7,18.5,23,62,62,11.5,54,27,3,1.5,8,4,1,0.5,0,0,0,0,0,0,2,1,0,0,0,0,0,0,1,2,2,1,0,0,1,1,0.5,1,0.5,0,0,0.5,28,9,4.5,14,19,9.5,0,0,0,0,0,0,0,0,3,1.5,4,2,0,0,0,0,26,13,180,0,0,91,91,67,33.5,0,0,2,1,0,0,0,0,0,0,0,0,0,0,0,0,0,0,0,0,14,7,12,6,0,0,1,1,0.5,0.5,13,6.5,0,0,1,0.5,19,9.5,0,0,0,0,0,0,0,0,0,0,0,0,0,0,0,0,3,1.5,2,1,5,5,2,1,0,0,0,0,0,0,0,0,1,0.5,1,0.5,4,2,1,0.5,2,1,5,2.5,61,30.5,27,13.5,36,18,57,28.5,7,3.5,5,2.5,0,0,3,1.5,16,8,5,2.5,0,0,0,0,0,0,1,0.5,1,0.5,2,1,3,1.5,24,12,68,34,0,0,5,2.5,62,31,12,6,6,3,6,3,139,69.5,0,0,4,2,4,2,2,1,2,1,2,1,8,4,2,1,4,2,0,0,0,0,0,0,268,14
1bqtkdwukgamkrlzgre6jfy8k,Alejandro Joaquín Tello,A. Tello,Midfielder,Argentina Under 17,e2hm3zc0ysfsyylmhzsrcfbfy,2025-11-17T18:37:28Z,162,1.8,Midfielders,dm,dm,1,8,2,1.11,4.44,6,3.33,3,1.67,0,0,0,0,0,0,10,5.56,0,0,0,0,34,18.89,0,0,5,2.78,0,0,0,0,0,0,0,0,0,0,0,0,0,0,0,0,4,2.22,25,25,0,0,27,13,7.22,15,14,52,52,7.78,22,12.22,10,5.56,46,25.56,1,0.56,0,0,0,0,0,0,3,1.67,0,0,0,0,0,0,0,3,3,1.67,0,0,1.67,0,0,0,0,0,0,0,19,11,6.11,10.56,8,4.44,1,0.56,0,0,0,0,0,0,5,2.78,5,2.78,0,0,0,0,14,7.78,0,0,0,84,84,104,57.78,0,0,0,0,0,0,0,0,0,0,0,0,0,0,0,0,0,0,0,0,9,5,5,2.78,0,0,2,1,0.56,1.11,13,7.22,0,0,0,0,40,22.22,0,0,0,0,0,0,0,0,0,0,0,0,0,0,0,0,0,0,0,0,0,0,3,1.67,0,0,3,1.67,0,0,0,0,0,0,0,0,1,0.56,0,0,0,0,4,2.22,87,48.33,49,27.22,44,24.44,89,49.44,0,0,3,1.67,0,0,0,0,0,0,7,3.89,0,0,0,0,0,0,0,0,2,1.11,3,1.67,4,2.22,29,16.11,110,61.11,0,0,0,0,93,51.67,3,1.67,0,0,17,9.44,143,79.44,0,0,0,0,0,0,3,1.67,2,1.11,4,2.22,11,6.11,6,3.33,13,7.22,0,0,0,0,0,0,269,15
84idobrd6tvmcq0bielf00hsk,Ramiro Tulián,R. Tulián,Forward,Argentina Under 17,e2hm3zc0ysfsyylmhzsrcfbfy,2025-11-17T18:37:28Z,173,1.92,Wingers,lw,"am,st,lw",3,5,3,1.56,2.6,2,1.04,3,1.56,0,0,0,0,0,0,12,6.25,1,0.52,0,0,27,14.06,0,0,3,1.56,0,0,0,0,25,25,3,1.56,2,1.04,0,0,0,0,0,0,0,0,33,33,0,0,19,8,4.17,9.9,11,58,58,5.73,50,26.04,2,1.04,10,5.21,0,0,0,0,0,0,0,0,3,1.56,0,0,0,0,0,0,2,3,3,1.56,0,0,1.56,1,0.52,2,1.04,0,0,1.04,14,5,2.6,7.29,9,4.69,2,1.04,0,0,0,0,2,1.04,1,0.52,3,1.56,0,0,0,0,6,3.12,86,0,0,70,70,46,23.96,0,0,1,0.52,0,0,0,0,0,0,0,0,0,0,0,0,0,0,0,0,11,5.73,3,1.56,0,0,0,0,0,0,6,3.12,0,0,2,1.04,19,9.9,0,0,0,0,0,0,0,0,0,0,0,0,0,0,0,0,4,2.08,4,2.08,4,4,3,1.56,0,0,3,1.56,0,0,1,0.52,1,0.52,0,0,2,1.04,0,0,1,0.52,1,0.52,32,16.67,26,13.54,8,4.17,32,16.67,1,0.52,5,2.6,0,0,0,0,0,0,4,2.08,1,0.52,2,1.04,0,0,1,0.52,0,0,3,1.56,1,0.52,31,16.15,47,24.48,0,0,8,4.17,33,17.19,6,3.12,16,8.33,14,7.29,91,47.4,1,0.52,1,0.52,0,0,4,2.08,1,0.52,2,1.04,14,7.29,1,0.52,12,6.25,0,0,0,0,0,0,270,11
7wn2k5toa00csa2dh2343gcgk,Misael Zalazar Valero,M. Valero,Defender,Argentina Under 17,e2hm3zc0ysfsyylmhzsrcfbfy,2025-11-17T18:37:28Z,257,2.86,Full Backs,rb,rb,1,4,4,1.4,1.4,0,0,3,1.05,1,0.35,0,0,0,0,25,8.74,0,0,0,0,44,15.38,0,0,8,2.8,1,0.35,0,0,0,0,0,0,6,2.1,0,0,0,0,0,0,5,1.75,83,83,0,0,31,14,4.9,10.84,17,55,55,5.94,69,24.13,13,4.55,46,16.08,0,0,0,0,0,0,0,0,3,1.05,1,0.35,0,0,0,0,0,2,2,0.7,0,0,0.7,0,0,0,0,0,0,0,27,10,3.5,9.44,17,5.94,0,0,0,0,0,0,0,0,1,0.35,7,2.45,0,0,0,0,52,18.18,0,1,0.35,82,82,123,43.01,0,0,1,0.35,0,0,0,0,0,0,0,0,0,0,0,0,0,0,0,0,19,6.64,26,9.09,0,0,3,1,0.35,1.05,7,2.45,0,0,0,0,5,1.75,0,0,0,0,0,0,0,0,0,0,0,0,0,0,0,0,1,0.35,0,0,0,0,3,1.05,0,0,1,0.35,0,0,0,0,3,1.05,3,1.05,10,3.5,1,0.35,0,0,7,2.45,101,35.31,61,21.33,48,16.78,99,34.62,3,1.05,4,1.4,0,0,3,1.05,26,9.09,7,2.45,1,0.35,0,0,0,0,0,0,4,1.4,0,0,0,0,52,18.18,128,44.76,0,0,1,0.35,106,37.06,7,2.45,3,1.05,22,7.69,215,75.17,0,0,16,5.59,15,5.24,2,0.7,1,0.35,9,3.15,37,12.94,1,0.35,13,4.55,0,0,0,0,0,0,271,4
e4rrxx8cadjhujdkbfxhe5zpw,Thiago Agustín Yánez,T. Yánez,Defender,Argentina Under 17,e2hm3zc0ysfsyylmhzsrcfbfy,2025-11-17T18:37:28Z,90,1,Center Backs,cb,cb,1,0,0,0,0,0,0,1,1,0,0,0,0,0,0,0,0,0,0,1,1,14,14,0,0,2,2,1,1,0,0,0,0,0,0,0,0,0,0,0,0,0,0,0,0,100,100,0,0,4,0,0,4,4,100,100,4,18,18,14,14,38,38,0,0,0,0,0,0,0,0,1,1,0,0,0,0,0,0,0,0,0,0,0,0,0,0,0,0,0,0,0,0,4,0,0,4,4,4,0,0,0,0,0,0,0,0,1,1,2,2,0,0,0,0,1,1,0,0,0,96,96,68,68,0,0,0,0,0,0,0,0,0,0,0,0,0,0,0,0,0,0,0,0,12,12,13,13,0,0,0,0,0,0,7,7,0,0,0,0,29,29,0,0,0,0,0,0,0,0,0,0,0,0,0,0,0,0,0,0,1,1,0,0,1,1,0,0,0,0,0,0,0,0,0,0,0,0,1,1,0,0,0,0,11,11,65,65,42,42,23,23,54,54,0,0,2,2,0,0,0,0,0,0,0,0,0,0,0,0,0,0,0,0,0,0,0,0,1,1,4,4,68,68,0,0,1,1,65,65,2,2,2,2,3,3,77,77,0,0,0,0,0,0,0,0,0,0,1,1,2,2,1,1,2,2,0,0,0,0,0,0,272,13
8xfk28f8czetdp59ruet83x1w,Thomás de Martis de la Rosa,T. de Martis,Forward,Argentina Under 17,e2hm3zc0ysfsyylmhzsrcfbfy,2025-11-17T18:37:28Z,239,2.66,Strikers,st,st,1,5,2,0.75,1.88,3,1.13,4,1.5,0,0,2,0.75,0,0,13,4.89,3,1.13,0,0,10,3.76,0,0,3,1.13,0,0,0,0,0,0,0,0,3,1.13,0,0,0,0,0,0,1,0.38,50,50,0,0,16,7,2.63,6.02,9,56,56,3.38,39,14.66,1,0.38,4,1.5,1,0.38,0,0,0,0,0,0,4,1.5,1,0.38,0,0,0,0,0,3,3,1.13,0,0,1.13,0,0,0,0,0,0,0,11,5,1.88,4.14,6,2.26,1,0.38,0,0,1,0.38,0,0,0,0,2,0.75,0,0,0,0,5,1.88,0,2,0.75,65,65,31,11.65,0,0,0,0,0,0,0,0,0,0,0,0,0,0,0,0,0,0,0,0,2,0.75,2,0.75,0,0,2,1,0.38,0.75,3,1.13,0,0,0,0,14,5.26,0,0,0,0,0,0,0,0,0,0,0,0,0,0,0,0,5,1.88,1,0.38,0,0,3,1.13,0,0,3,1.13,1,0.38,0,0,0,0,0,0,1,0.38,0,0,1,0.38,1,0.38,20,7.52,12,4.51,13,4.89,24,9.02,0,0,1,0.38,0,0,0,0,0,0,2,0.75,0,0,1,0.38,0,0,0,0,3,1.13,3,1.13,4,1.5,24,9.02,36,13.53,0,0,6,2.26,25,9.4,1,0.38,11,4.14,11,4.14,72,27.07,0,0,2,0.75,2,0.75,1,0.38,0,0,2,0.75,13,4.89,0,0,9,3.38,1,0.38,0,0,1,0.38,273,9
bkmv9zdoazi53yhb6m3693ml0,Jesse Eugen Bisiwu,J. Bisiwu,Midfielder,Belgium Under 17,13z28rw9mqmgo5d2rcyc260kk,2025-11-19T11:33:23Z,226,2.51,Wingers,lm,lm,1,0,0,0,0,0,0,4,1.59,0,0,1,0.4,0,0,19,7.57,0,0,0,0,41,16.33,0,0,5,1.99,1,0.4,0,0,0,0,0,0,1,0.4,0,0,0,0,0,0,9,3.59,44,44,0,0,47,27,10.76,18.73,20,43,43,7.97,73,29.08,6,2.39,17,6.77,3,1.2,0,0,0,0,0,0,4,1.59,1,0.4,0,0,0,0,0,3,3,1.2,0,0,1.2,0,0,0,0,0,0,0,47,27,10.76,18.73,20,7.97,0,0,0,0,0,0,0,0,0,0,4,1.59,0,0,0,0,4,1.59,0,0,0,90,90,50,19.92,0,0,1,0.4,0,0,0,0,0,0,0,0,0,0,0,0,0,0,0,0,25,9.96,8,3.19,0,0,2,1,0.4,0.8,18,7.17,0,0,0,0,11,4.38,0,0,0,0,0,0,0,0,0,0,0,0,0,0,0,0,2,0.8,2,0.8,0,0,2,0.8,0,0,1,0.4,2,0.8,0,0,2,0.8,2,0.8,11,4.38,0,0,0,0,5,1.99,45,17.93,34,13.55,13,5.18,40,15.94,0,0,3,1.2,0,0,0,0,0,0,23,9.16,1,0.4,0,0,0,0,0,0,1,0.4,3,1.2,6,2.39,43,17.13,51,20.32,0,0,4,1.59,45,17.93,3,1.2,6,2.39,6,2.39,123,49,0,0,3,1.2,3,1.2,14,5.58,0,0,0,0,9,3.59,0,0,6,2.39,0,0,0,0,1,0.4,274,11
4gpdoy1gtdrty2478mwk6rnkk,Daan Braspenning,D. Braspenning,Defender,Belgium Under 17,13z28rw9mqmgo5d2rcyc260kk,2025-11-19T11:33:23Z,271,3.01,Midfielders,dm,dm,1,12,4,1.33,3.99,8,2.66,4,1.33,0,0,0,0,0,0,13,4.32,1,0.33,3,1,24,7.97,0,0,1,0.33,2,0.66,0,0,0,0,0,0,0,0,0,0,0,0,0,0,1,0.33,0,0,0,0,33,13,4.32,10.96,20,61,61,6.64,21,6.98,7,2.33,24,7.97,4,1.33,1,0.33,0,0,0,0,4,1.33,0,0,0,0,0,0,0,3,3,1,0,0,1,0,0,0,0,0,0,0,21,9,2.99,6.98,12,3.99,1,0.33,0,0,0,0,0,0,4,1.33,1,0.33,0,0,0,0,29,9.63,0,0,0,79,79,91,30.23,0,0,0,0,0,0,0,0,0,0,0,0,0,0,0,0,0,0,0,0,9,2.99,5,1.66,0,0,2,2,0.66,0.66,13,4.32,0,0,0,0,30,9.97,0,0,0,0,0,0,0,0,0,0,0,0,0,0,0,0,2,0.66,0,0,0,0,3,1,0,0,0,0,1,0.33,0,0,0,0,0,0,0,0,1,0.33,1,0.33,8,2.66,72,23.92,33,10.96,44,14.62,69,22.92,5,1.66,4,1.33,0,0,0,0,0,0,1,0.33,0,0,0,0,0,0,0,0,8,2.66,8,2.66,3,1,24,7.97,96,31.89,0,0,2,0.66,77,25.58,9,2.99,5,1.66,19,6.31,139,46.18,0,0,1,0.33,1,0.33,0,0,3,1,5,1.66,13,4.32,7,2.33,14,4.65,1,0.33,0,0,1,0.33,275,14
exjhsivjsyxlf8y292ibtyxas,Lucca Brughmans,L. Brughmans,Goalkeeper,Belgium Under 17,13z28rw9mqmgo5d2rcyc260kk,2025-11-19T11:33:23Z,360,4,Goalkeepers,gk,gk,1,0,0,0,0,0,0,4,1,0,0,0,0,0,0,0,0,0,0,0,0,17,4.25,5,1.25,0,0,2,0.5,0,0,0,0,0,0,0,0,0,0,0,0,0,0,0,0,0,0,0,0,1,1,0.25,0.25,0,0,0,0,0,0,1,0.25,36,9,0,0,0,0,40,10,2,0.5,4,1,0,0,25,6.25,0,0,0,5,5,1.25,0,0,1.25,0,0,0,0,0,0,0,1,1,0.25,0.25,0,0,0,0,0,0,0,0,0,0,0,0,0,0,0,0,0,0,40,10,0,0,0,93,93,83,20.75,0,0,0,0,0,0,0,0,0,0,0,0,0,0,0,0,0,0,0,0,12,3,4,1,1,0.25,0,0,0,0,25,6.25,0,0,0,0,33,8.25,6,1,0.25,5,1.25,1.5,0,0,2,0.5,1,0.25,0,0,0,0,0,0,0,0,0,0,4,1,0,0,0,0,0,0,0,0,0,0,0,0,0,0,2,0.5,0,0,10,2.5,77,19.25,4,1,97,24.25,91,22.75,0,0,0,0,0,0,0,0,0,0,1,0.25,0,0,0,0,0,0,0,0,2,0.5,0,0,0,0,9,2.25,109,27.25,0,0,0,0,101,25.25,0,0,0,0,8,2,140,35,0,0,0,0,0,0,1,0.25,4,1,8,2,7,1.75,1,0.25,0,0,0,0,0,0,0,0,276,1
ez02h1tgmvsk1e3c8p22qxdsk,Ali Camara,A. Camara,Midfielder,Belgium Under 17,13z28rw9mqmgo5d2rcyc260kk,2025-11-19T11:33:23Z,273,3.03,Wingers,rm,"rm,lw",2,3,2,0.66,0.99,1,0.33,4,1.32,2,0.66,0,0,0,0,21,6.93,1,0.33,0,0,31,10.23,0,0,4,1.32,1,0.33,0,0,25,25,1,0.33,5,1.65,0,0,0,0,0,0,7,2.31,55,55,0,0,37,19,6.27,12.21,18,49,49,5.94,68,22.44,0,0,17,5.61,1,0.33,0,0,0,0,0,0,4,1.32,2,0.66,0,0,0,0,1,5,5,1.65,0,0,1.65,0,0,0,0,1,0.33,0.33,34,17,5.61,11.22,17,5.61,0,0,0,0,0,0,1,0.33,1,0.33,2,0.66,0,0,1,0.33,21,6.93,273,2,0.66,78,78,77,25.41,0,0,2,0.66,0,0,0,0,0,0,0,0,0,0,0,0,0,0,0,0,16,5.28,5,1.65,0,0,1,1,0.33,0.33,11,3.63,0,0,0,0,18,5.94,0,0,0,0,0,0,0,0,0,0,0,0,0,0,0,0,2,0.66,2,0.66,4,4,3,0.99,0,0,1,0.33,1,0.33,0,0,1,0.33,1,0.33,6,1.98,0,0,1,0.33,1,0.33,60,19.8,35,11.55,26,8.58,59,19.47,3,0.99,3,0.99,0,0,1,0.33,1,0.33,12,3.96,2,0.66,0,0,0,0,0,0,1,0.33,2,0.66,5,1.65,43,14.19,77,25.41,0,0,4,1.32,60,19.8,6,1.98,13,4.29,17,5.61,136,44.88,1,0.33,3,0.99,2,0.66,5,1.65,0,0,1,0.33,18,5.94,2,0.66,16,5.28,0,0,0,0,0,0,277,18
36zbnl8isc530mu6h04wqj7dg,Pablo Capilla Rivera,P. Capilla Rivera,Defender,Belgium Under 17,13z28rw9mqmgo5d2rcyc260kk,2025-11-19T11:33:23Z,106,1.18,Full Backs,rb,rb,1,0,0,0,0,0,0,2,1.69,0,0,0,0,1,0.85,15,12.71,0,0,0,0,17,14.41,0,0,2,1.69,1,0.85,0,0,100,100,0,0,0,0,0,0,0,0,0,0,2,1.69,25,25,0,0,10,6,5.08,8.47,4,40,40,3.39,30,25.42,4,3.39,11,9.32,0,0,0,0,0,0,0,0,2,1.69,0,0,0,0,0,0,1,0,0,0,0,0,0,1,0.85,1,0.85,0,0,0.85,10,6,5.08,8.47,4,3.39,0,0,0,0,0,0,0,0,1,0.85,2,1.69,0,0,1,0.85,11,9.32,106,0,0,91,91,43,36.44,0,0,0,0,0,0,0,0,0,0,0,0,0,0,0,0,0,0,0,0,10,8.47,4,3.39,0,0,0,0,0,0,4,3.39,0,0,0,0,7,5.93,0,0,0,0,0,0,0,0,0,0,0,0,0,0,0,0,0,0,1,0.85,1,1,1,0.85,0,0,0,0,1,0.85,0,0,2,1.69,2,1.69,1,0.85,0,0,0,0,1,0.85,39,33.05,16,13.56,26,22.03,39,33.05,2,1.69,0,0,0,0,0,0,8,6.78,5,4.24,1,0.85,0,0,0,0,1,0.85,0,0,1,0.85,1,0.85,15,12.71,44,37.29,0,0,1,0.85,40,33.9,2,1.69,4,3.39,4,3.39,73,61.86,0,0,6,5.08,6,5.08,3,2.54,0,0,0,0,10,8.47,0,0,4,3.39,0,0,0,0,0,0,278,13
2biww3ztjxcdk65qxbh7lwopg,Jessi Rémy-Nzuzi Pedro Da Silva,J. Pedro Da Silva,Midfielder,Belgium Under 17,13z28rw9mqmgo5d2rcyc260kk,2025-11-19T11:33:23Z,90,1,Wingers,lm,lm,1,1,0,0,1,1,1,4,4,1,1,1,1,0,0,9,9,1,1,0,0,18,18,0,0,5,5,0,0,0,0,0,0,7,7,3,3,0,0,0,0,0,0,3,3,44,44,0,0,22,8,8,22,14,64,64,14,50,50,1,1,7,7,0,0,0,0,0,0,0,0,4,4,1,1,0,0,0,0,0,0,0,0,0,0,0,0,0,0,0,0,0,0,21,8,8,21,13,13,0,0,0,0,0,0,0,0,0,0,4,4,0,0,0,0,1,1,0,1,1,80,80,25,25,0,0,0,0,0,0,0,0,0,0,0,0,0,0,0,0,0,0,0,0,7,7,3,3,0,0,0,0,0,0,5,5,0,0,0,0,10,10,0,0,0,0,0,0,0,0,0,0,0,0,0,0,0,0,1,1,2,2,0,0,1,1,0,0,1,1,3,3,4,4,5,5,0,0,4,4,0,0,1,1,1,1,20,20,22,22,5,5,21,21,2,2,4,4,0,0,0,0,0,0,8,8,1,1,2,2,0,0,0,0,0,0,0,0,3,3,22,22,27,27,0,0,3,3,22,22,6,6,10,10,5,5,69,69,2,2,5,5,1,1,5,5,0,0,2,2,9,9,1,1,3,3,0,0,0,0,0,0,279,7
8uavb2mcry7i77nhrsq6rboyc,Nathan De Cat,N. De Cat,Midfielder,Belgium Under 17,13z28rw9mqmgo5d2rcyc260kk,2025-11-19T11:33:23Z,90,1,Midfielders,dm,dm,1,3,1,1,3,2,2,1,1,0,0,0,0,0,0,12,12,0,0,2,2,23,23,0,0,0,0,0,0,0,0,0,0,0,0,0,0,0,0,0,0,0,0,0,0,50,50,0,0,15,6,6,15,9,60,60,9,7,7,6,6,25,25,2,2,0,0,0,0,0,0,1,1,0,0,0,0,0,0,0,2,2,2,0,0,2,0,0,0,0,0,0,0,12,5,5,12,7,7,0,0,0,0,0,0,0,0,0,0,0,0,0,0,0,0,14,14,0,0,0,78,78,63,63,0,0,0,0,0,0,0,0,0,0,0,0,0,0,0,0,0,0,0,0,14,14,4,4,0,0,1,1,1,1,5,5,0,0,0,0,16,16,0,0,0,0,0,0,0,0,0,0,0,0,0,0,0,0,0,0,0,0,0,0,1,1,0,0,0,0,0,0,0,0,0,0,0,0,2,2,0,0,2,2,4,4,49,49,20,20,33,33,49,49,0,0,2,2,0,0,0,0,2,2,2,2,0,0,0,0,0,0,0,0,3,3,3,3,3,3,17,17,67,67,0,0,0,0,53,53,2,2,1,1,14,14,85,85,0,0,0,0,0,0,2,2,0,0,7,7,11,11,3,3,7,7,1,1,0,0,1,1,281,6
8myvgy6yw540zn1vg1m6nkufo,Arthur De Kimpe,A. De Kimpe,Defender,Belgium Under 17,13z28rw9mqmgo5d2rcyc260kk,2025-11-19T11:33:23Z,270,3,Full Backs,rb,rb,1,6,3,1,2,3,1,3,1,0,0,0,0,1,0.33,22,7.33,2,0.67,1,0.33,23,7.67,0,0,2,0.67,1,0.33,0,0,33,33,0,0,4,1.33,0,0,0,0,0,0,3,1,40,40,0,0,22,13,4.33,7.33,9,41,41,3,53,17.67,9,3,29,9.67,0,0,0,0,0,0,0,0,3,1,0,0,0,0,0,0,1,5,5,1.67,0,0,1.67,1,0.33,1,0.33,0,0,0.33,16,10,3.33,5.33,6,2,0,0,0,0,0,0,0,0,3,1,2,0.67,0,0,0,0,43,14.33,270,0,0,79,79,95,31.67,0,0,0,0,0,0,0,0,0,0,0,0,0,0,0,0,0,0,0,0,9,3,11,3.67,0,0,6,2,0.67,2,8,2.67,0,0,1,0.33,6,2,0,0,0,0,0,0,0,0,0,0,0,0,0,0,0,0,1,0.33,2,0.67,3,3,3,1,0,0,0,0,0,0,0,0,1,0.33,1,0.33,2,0.67,0,0,0,0,7,2.33,75,25,34,11.33,47,15.67,73,24.33,0,0,2,0.67,0,0,5,1.67,17,5.67,6,2,0,0,0,0,0,0,1,0.33,2,0.67,2,0.67,2,0.67,39,13,100,33.33,0,0,3,1,80,26.67,2,0.67,6,2,20,6.67,164,54.67,0,0,2,0.67,2,0.67,3,1,1,0.33,3,1,20,6.67,2,0.67,17,5.67,0,0,0,0,0,0,282,2
bee0xhqhgmssyi1ny68lc3w9g,August Jan De Wannemacker,A. De Wannemacker,Midfielder,Belgium Under 17,13z28rw9mqmgo5d2rcyc260kk,2025-11-19T11:33:23Z,147,1.63,Midfielders,dm,dm,1,5,3,1.84,3.07,2,1.23,2,1.23,0,0,0,0,0,0,9,5.52,0,0,2,1.23,29,17.79,0,0,0,0,0,0,0,0,0,0,0,0,0,0,0,0,0,0,0,0,1,0.61,50,50,0,0,25,11,6.75,15.34,14,56,56,8.59,36,22.09,18,11.04,38,23.31,1,0.61,0,0,0,0,0,0,2,1.23,0,0,0,0,0,0,0,3,3,1.84,0,0,1.84,0,0,0,0,0,0,0,20,8,4.91,12.27,12,7.36,0,0,0,0,0,0,0,0,0,0,0,0,0,0,0,0,18,11.04,0,0,0,86,86,80,49.08,0,0,0,0,0,0,0,0,0,0,0,0,0,0,0,0,0,0,0,0,12,7.36,10,6.13,0,0,4,2,1.23,2.45,9,5.52,0,0,0,0,17,10.43,0,0,0,0,0,0,0,0,0,0,0,0,1,0.61,0,0,2,1.23,1,0.61,0,0,2,1.23,1,0.61,0,0,0,0,0,0,0,0,0,0,2,1.23,0,0,2,1.23,11,6.75,69,42.33,51,31.29,19,11.66,59,36.2,3,1.84,1,0.61,1,0.61,0,0,2,1.23,3,1.84,0,0,0,0,0,0,0,0,2,1.23,4,2.45,6,3.68,16,9.82,82,50.31,1,0.61,3,1.84,70,42.94,4,2.45,3,1.84,12,7.36,117,71.78,0,0,0,0,0,0,2,1.23,0,0,4,2.45,10,6.13,2,1.23,8,4.91,0,0,0,0,0,0,283,8
3wlekwt7ma61d5za0zc8evdw4,Mohammed Jamel El Âdfaoui,M. El Âdfaoui,Midfielder,Belgium Under 17,13z28rw9mqmgo5d2rcyc260kk,2025-11-19T11:33:23Z,60,0.67,Midfielders,cm,cm,1,1,1,1.49,1.49,0,0,1,1.49,0,0,0,0,0,0,4,5.97,0,0,0,0,10,14.93,0,0,0,0,0,0,0,0,0,0,0,0,0,0,0,0,0,0,0,0,0,0,0,0,0,0,7,3,4.48,10.45,4,57,57,5.97,5,7.46,3,4.48,5,7.46,1,1.49,0,0,0,0,0,0,1,1.49,0,0,0,0,0,0,0,2,2,2.99,0,0,2.99,0,0,0,0,0,0,0,6,2,2.99,8.96,4,5.97,0,0,0,0,0,0,0,0,0,0,0,0,0,0,0,0,4,5.97,0,0,0,93,93,15,22.39,0,0,0,0,0,0,0,0,0,0,0,0,0,0,0,0,0,0,0,0,6,8.96,2,2.99,0,0,0,0,0,0,4,5.97,0,0,0,0,3,4.48,0,0,0,0,0,0,0,0,0,0,0,0,0,0,0,0,0,0,0,0,0,0,1,1.49,0,0,1,1.49,0,0,0,0,0,0,0,0,0,0,0,0,0,0,1,1.49,14,20.9,4,5.97,11,16.42,14,20.9,1,1.49,0,0,0,0,0,0,0,0,1,1.49,0,0,0,0,0,0,0,0,2,2.99,1,1.49,3,4.48,4,5.97,16,23.88,0,0,0,0,15,22.39,1,1.49,0,0,1,1.49,28,41.79,0,0,1,1.49,0,0,1,1.49,0,0,1,1.49,2,2.99,0,0,0,0,0,0,0,0,1,1.49,284,20
2m3k6r1d2wgd28a5fw4zol2xg,Wout Gielen,W. Gielen,Defender,Belgium Under 17,13z28rw9mqmgo5d2rcyc260kk,2025-11-19T11:33:23Z,360,4,Center Backs,cb,cb,1,5,2,0.5,1.25,3,0.75,4,1,0,0,0,0,0,0,5,1.25,1,0.25,4,1,137,34.25,0,0,4,1,2,0.5,0,0,0,0,0,0,0,0,0,0,0,0,0,0,1,0.25,100,100,0,0,14,3,0.75,3.5,11,79,79,2.75,15,3.75,39,9.75,112,28,0,0,0,0,3,0.75,0,0,4,1,0,0,3,0.75,0,0,0,5,5,1.25,0,0,1.25,0,0,0,0,0,0,0,9,1,0.25,2.25,8,2,0,0,0,0,0,0,0,0,0,0,4,1,1,0.25,0,0,49,12.25,0,1,0.25,94,94,335,83.75,0,0,0,0,0,0,0,0,0,0,0,0,0,0,0,0,0,0,0,0,102,25.5,23,5.75,0,0,3,2,0.5,0.75,15,3.75,0,0,0,0,177,44.25,0,0,0,0,0,0,0,0,0,0,0,0,0,0,0,0,0,0,1,0.25,0,0,4,1,0,0,0,0,0,0,0,0,0,0,0,0,3,0.75,1,0.25,0,0,19,4.75,314,78.5,117,29.25,205,51.25,303,75.75,0,0,3,0.75,0,0,0,0,2,0.5,1,0.25,0,0,0,0,0,0,0,0,12,3,0,0,2,0.5,27,6.75,343,85.75,0,0,1,0.25,322,80.5,3,0.75,3,0.75,21,5.25,382,95.5,0,0,0,0,0,0,0,0,5,1.25,12,3,16,4,5,1.25,9,2.25,0,0,0,0,0,0,286,15
cmkmzhe7411tz6phdgqpnj76c,Brent Jonkers,B. Jonkers,Defender,Belgium Under 17,13z28rw9mqmgo5d2rcyc260kk,2025-11-19T11:33:23Z,342,3.8,Center Backs,cb,cb,1,1,0,0,0.26,1,0.26,4,1.05,0,0,0,0,0,0,12,3.16,0,0,1,0.26,106,27.89,0,0,1,0.26,1,0.26,0,0,0,0,0,0,0,0,0,0,0,0,0,0,0,0,67,67,0,0,10,3,0.79,2.63,7,70,70,1.84,17,4.47,35,9.21,84,22.11,1,0.26,0,0,0,0,0,0,4,1.05,0,0,0,0,0,0,0,5,5,1.32,0,0,1.32,0,0,0,0,0,0,0,9,3,0.79,2.37,6,1.58,0,0,0,0,0,0,0,0,1,0.26,1,0.26,0,0,0,0,167,43.95,0,0,0,91,91,291,76.58,0,0,0,0,0,0,0,0,0,0,0,0,0,0,0,0,0,0,0,0,73,19.21,12,3.16,0,0,4,2,0.53,1.05,11,2.89,0,0,0,0,35,9.21,0,0,0,0,0,0,0,0,0,0,0,0,0,0,0,0,1,0.26,0,0,0,0,4,1.05,0,0,3,0.79,0,0,0,0,0,0,0,0,2,0.53,1,0.26,0,0,21,5.53,266,70,108,28.42,165,43.42,252,66.32,0,0,2,0.53,0,0,0,0,2,0.53,1,0.26,0,0,0,0,0,0,0,0,6,1.58,2,0.53,2,0.53,29,7.63,298,78.42,0,0,1,0.26,273,71.84,2,0.53,3,0.79,25,6.58,322,84.74,0,0,1,0.26,1,0.26,1,0.26,3,0.79,9,2.37,16,4.21,10,2.63,16,4.21,0,0,0,0,0,0,288,3
ed5dyhsrhul92qlyqtevtkftg,Loïc Alvarez Fernandez,L. Alvarez Fernandez,Midfielder,Belgium Under 17,13z28rw9mqmgo5d2rcyc260kk,2025-11-19T11:33:23Z,172,1.91,Midfielders,am,am,1,0,0,0,0,0,0,3,1.57,0,0,0,0,1,0.52,17,8.9,0,0,0,0,25,13.09,0,0,4,2.09,1,0.52,0,0,33,33,6,3.14,2,1.05,0,0,0,0,0,0,3,1.57,70,70,0,0,21,8,4.19,10.99,13,62,62,6.81,54,28.27,6,3.14,21,10.99,1,0.52,0,0,0,0,0,0,3,1.57,0,0,0,0,0,0,1,0,0,0,0,0,0,1,0.52,1,0.52,0,0,0.52,21,8,4.19,10.99,13,6.81,0,0,0,0,0,0,0,0,0,0,4,2.09,0,0,0,0,12,6.28,172,0,0,78,78,68,35.6,0,0,0,0,0,0,0,0,0,0,0,0,0,0,0,0,0,0,0,0,9,4.71,7,3.66,0,0,5,2,1.05,2.62,11,5.76,0,0,1,0.52,23,12.04,0,0,0,0,0,0,0,0,0,0,0,0,0,0,0,0,0,0,3,1.57,3,3,2,1.05,0,0,1,0.52,1,0.52,1,0.52,0,0,0,0,7,3.66,0,0,2,1.05,7,3.66,53,27.75,38,19.9,20,10.47,51,26.7,1,0.52,0,0,1,0.52,0,0,0,0,6,3.14,1,0.52,0,0,0,0,1,0.52,0,0,1,0.52,5,2.62,29,15.18,73,38.22,0,0,3,1.57,58,30.37,1,0.52,10,5.24,15,7.85,107,56.02,2,1.05,3,1.57,1,0.52,3,1.57,0,0,2,1.05,15,7.85,3,1.57,13,6.81,0,0,0,0,0,0,289,17
8fhgberl605dn7znn72hqj6l0,René Mitongo Muteba,R. Mitongo,Forward,Belgium Under 17,13z28rw9mqmgo5d2rcyc260kk,2025-11-19T11:33:23Z,286,3.18,Strikers,st,st,1,3,1,0.31,0.94,2,0.63,4,1.26,0,0,0,0,4,1.26,10,3.14,4,1.26,0,0,12,3.77,0,0,2,0.63,2,0.63,0,0,33,33,0,0,2,0.63,0,0,0,0,0,0,4,1.26,50,50,0,0,21,14,4.4,6.6,7,33,33,2.2,38,11.95,2,0.63,0,0,2,0.63,0,0,0,0,0,0,4,1.26,0,0,0,0,0,0,4,2,2,0.63,0,0,0.63,4,1.26,4,1.26,0,0,1.26,18,13,4.09,5.66,5,1.57,0,0,0,0,0,0,0,0,0,0,2,0.63,0,0,2,0.63,4,1.26,72,1,0.31,80,80,20,6.29,0,0,0,0,0,0,0,0,0,0,0,0,0,0,0,0,0,0,0,0,4,1.26,0,0,0,0,3,2,0.63,0.94,7,2.2,0,0,2,0.63,10,3.14,0,0,0,0,0,0,0,0,0,0,0,0,0,0,0,0,7,2.2,5,1.57,3,3,3,0.94,0,0,0,0,1,0.31,0,0,0,0,0,0,3,0.94,0,0,0,0,1,0.31,16,5.03,12,3.77,8,2.52,19,5.97,1,0.31,1,0.31,0,0,0,0,0,0,7,2.2,0,0,3,0.94,0,0,4,1.26,1,0.31,5,1.57,0,0,14,4.4,24,7.55,0,0,12,3.77,20,6.29,2,0.63,20,6.29,4,1.26,60,18.87,0,0,0,0,0,0,3,0.94,0,0,0,0,4,1.26,0,0,4,1.26,0,0,0,0,0,0,290,19
brfa9yhy2llgt9l75unddogk,Jorthy Mokio,J. Mokio,Defender,Belgium Under 17,13z28rw9mqmgo5d2rcyc260kk,2025-11-19T11:33:23Z,90,1,Midfielders,cm,cm,1,1,1,1,1,0,0,1,1,0,0,0,0,0,0,7,7,0,0,0,0,11,11,0,0,0,0,0,0,0,0,0,0,0,0,0,0,0,0,0,0,0,0,2,2,0,0,0,0,7,6,6,7,1,14,14,1,5,5,4,4,9,9,0,0,0,0,0,0,0,0,1,1,0,0,0,0,0,0,0,2,2,2,0,0,2,0,0,0,0,0,0,0,6,5,5,6,1,1,0,0,0,0,0,0,0,0,0,0,0,0,0,0,0,0,11,11,0,0,0,82,82,39,39,0,0,0,0,0,0,0,0,0,0,0,0,0,0,0,0,0,0,0,0,4,4,1,1,0,0,2,1,1,2,0,0,0,0,0,0,15,15,0,0,0,0,0,0,0,0,0,0,0,0,0,0,0,0,1,1,1,1,0,0,1,1,0,0,0,0,0,0,0,0,0,0,0,0,0,0,0,0,1,1,1,1,32,32,11,11,24,24,34,34,0,0,0,0,0,0,0,0,0,0,3,3,0,0,1,1,0,0,0,0,0,0,2,2,1,1,11,11,42,42,0,0,2,2,35,35,0,0,3,3,7,7,50,50,0,0,0,0,0,0,1,1,0,0,4,4,5,5,2,2,3,3,0,0,0,0,0,0,291,4
1cs9m7zwdqrb59vjir5c6k0lw,Stan Naert,S. Naert,Forward,Belgium Under 17,13z28rw9mqmgo5d2rcyc260kk,2025-11-19T11:33:23Z,99,1.1,Strikers,st,st,1,3,3,2.73,2.73,0,0,3,2.73,0,0,0,0,1,0.91,15,13.64,0,0,0,0,2,1.82,0,0,1,0.91,0,0,0,0,100,100,0,0,0,0,0,0,0,0,0,0,0,0,0,0,0,0,9,5,4.55,8.18,4,44,44,3.64,11,10,1,0.91,5,4.55,0,0,0,0,0,0,0,0,3,2.73,0,0,0,0,0,0,1,3,3,2.73,0,0,2.73,1,0.91,1,0.91,0,0,0.91,6,2,1.82,5.45,4,3.64,0,0,0,0,0,0,0,0,1,0.91,1,0.91,0,0,1,0.91,4,3.64,99,0,0,75,75,24,21.82,0,0,0,0,0,0,0,0,0,0,0,0,0,0,0,0,0,0,0,0,0,0,1,0.91,0,0,3,1,0.91,2.73,4,3.64,0,0,0,0,4,3.64,0,0,0,0,0,0,0,0,0,0,0,0,0,0,0,0,0,0,1,0.91,1,1,1,0.91,0,0,1,0.91,2,1.82,0,0,0,0,0,0,0,0,0,0,2,1.82,0,0,18,16.36,10,9.09,12,10.91,22,20,1,0.91,0,0,0,0,0,0,0,0,1,0.91,0,0,0,0,0,0,1,0.91,0,0,1,0.91,3,2.73,11,10,28,25.45,0,0,1,0.91,22,20,1,0.91,1,0.91,6,5.45,43,39.09,0,0,0,0,0,0,1,0.91,0,0,0,0,2,1.82,4,3.64,6,5.45,0,0,0,0,0,0,292,9
oi8kw43rorvqooiencbnhxck,Noah Fernandez,N. Fernandez,Midfielder,Belgium Under 17,13z28rw9mqmgo5d2rcyc260kk,2025-11-19T11:33:23Z,326,3.62,Wingers,rm,"am,rm,dm,rw",4,5,3,0.83,1.38,2,0.55,4,1.1,2,0.55,2,0.55,2,0.55,24,6.63,1,0.28,0,0,80,22.1,0,0,8,2.21,0,0,0,0,60,60,1,0.28,4,1.1,0,0,0,0,2,0.55,7,1.93,67,67,0,0,48,22,6.08,13.26,26,54,54,7.18,96,26.52,13,3.59,36,9.94,3,0.83,0,0,0,0,0,0,4,1.1,2,0.55,0,0,0,0,3,5,5,1.38,0,0,1.38,1,0.28,0,0,3,0.83,0.83,43,19,5.25,11.88,24,6.63,0,0,0,0,0,0,1,0.28,1,0.28,6,1.66,0,0,3,0.83,50,13.81,109,0,0,82,82,128,35.36,0,0,1,0.28,0,0,0,0,0,0,0,0,0,0,1,0.28,0,0,0,0,36,9.94,11,3.04,0,0,12,7,1.93,3.31,21,5.8,0,0,0,0,22,6.08,0,0,0,0,0,0,0,0,0,0,0,0,0,0,2,0.55,1,0.28,4,1.1,2,2,4,1.1,0,0,2,0.55,0,0,1,0.28,1,0.28,0,0,8,2.21,1,0.28,2,0.55,8,2.21,105,29.01,75,20.72,34,9.39,100,27.62,3,0.83,5,1.38,1,0.28,0,0,9,2.49,11,3.04,4,1.1,1,0.28,0,0,0,0,3,0.83,5,1.38,8,2.21,54,14.92,132,36.46,0,0,5,1.38,108,29.83,8,2.21,14,3.87,24,6.63,224,61.88,0,0,3,0.83,2,0.55,4,1.1,0,0,2,0.55,23,6.35,4,1.1,22,6.08,0,0,2,0.55,0,0,293,10
aw7lmjsnvl64dhky18gjq1r84,Axl Wins,A. Wins,Defender,Belgium Under 17,13z28rw9mqmgo5d2rcyc260kk,2025-11-19T11:33:23Z,289,3.21,Full Backs,lb,lb,1,3,2,0.62,0.93,1,0.31,4,1.25,1,0.31,0,0,0,0,18,5.61,0,0,1,0.31,31,9.66,0,0,3,0.93,0,0,0,0,0,0,7,2.18,1,0.31,0,0,0,0,0,0,5,1.56,25,25,0,0,30,14,4.36,9.35,16,53,53,4.98,67,20.87,13,4.05,43,13.4,0,0,0,0,0,0,0,0,4,1.25,1,0.31,0,0,0,0,0,5,5,1.56,0,0,1.56,0,0,0,0,0,0,0,27,12,3.74,8.41,15,4.67,0,0,0,0,0,0,0,0,5,1.56,2,0.62,0,0,0,0,2,0.62,0,0,0,86,86,101,31.46,0,0,1,0.31,0,0,0,0,0,0,0,0,0,0,0,0,0,0,0,0,20,6.23,10,3.12,0,0,7,5,1.56,2.18,14,4.36,0,0,0,0,48,14.95,0,0,0,0,0,0,0,0,0,0,0,0,0,0,0,0,1,0.31,1,0.31,0,0,4,1.25,0,0,3,0.93,0,0,0,0,1,0.31,1,0.31,1,0.31,0,0,0,0,6,1.87,87,27.1,49,15.26,47,14.64,89,27.73,3,0.93,5,1.56,1,0.31,2,0.62,30,9.35,8,2.49,1,0.31,0,0,0,0,0,0,5,1.56,2,0.62,6,1.87,49,15.26,111,34.58,0,0,2,0.62,95,29.6,8,2.49,5,1.56,16,4.98,213,66.36,6,1.87,14,4.36,5,1.56,3,0.93,1,0.31,5,1.56,27,8.41,3,0.93,11,3.43,0,0,0,0,0,0,294,16
8xrb3h7jl3y0wn0int7uilu6s,Saïfedin Haj Abdallah,S. Abdallah,Midfielder,Tunisia Under 17,23b589bg3kgeiaw7mzjpcz9sq,2025-11-19T11:00:07Z,101,1.12,Midfielders,am,"am,rm",2,4,2,1.79,3.57,2,1.79,3,2.68,0,0,0,0,0,0,5,4.46,0,0,0,0,11,9.82,0,0,0,0,0,0,0,0,100,100,0,0,1,0.89,0,0,0,0,0,0,1,0.89,100,100,0,0,14,8,7.14,12.5,6,43,43,5.36,20,17.86,3,2.68,19,16.96,1,0.89,0,0,0,0,0,0,3,2.68,0,0,0,0,0,0,1,1,0,0,1,0.89,0.89,1,0.89,1,0.89,0,0,0.89,10,6,5.36,8.93,4,3.57,2,1.79,0,0,0,0,1,0.89,1,0.89,0,0,0,0,0,0,11,9.82,101,0,0,73,73,44,39.29,0,0,0,0,0,0,0,0,0,0,0,0,0,0,0,0,0,0,0,0,3,2.68,1,0.89,0,0,4,1,0.89,3.57,5,4.46,0,0,1,0.89,9,8.04,0,0,0,0,0,0,0,0,0,0,0,0,0,0,0,0,0,0,1,0.89,1,1,2,1.79,1,0.89,1,0.89,1,0.89,0,0,0,0,0,0,2,1.79,0,0,1,0.89,1,0.89,32,28.57,18,16.07,14,12.5,31,27.68,0,0,2,1.79,0,0,0,0,0,0,1,0.89,0,0,0,0,0,0,1,0.89,1,0.89,4,3.57,0,0,18,16.07,44,39.29,1,0.89,1,0.89,32,28.57,2,1.79,3,2.68,12,10.71,59,52.68,0,0,2,1.79,2,1.79,0,0,2,1.79,2,1.79,10,8.93,4,3.57,10,8.93,0,0,0,0,0,0,295,8
4z6yk13mq3fqf4rua4way1hw,Abdessalem Akid,A. Akid,Defender,Tunisia Under 17,23b589bg3kgeiaw7mzjpcz9sq,2025-11-19T11:00:07Z,360,4,Center Backs,cb,cb,1,9,1,0.25,2.25,8,2,4,1,0,0,0,0,0,0,4,1,0,0,4,1,58,14.5,0,0,1,0.25,1,0.25,0,0,0,0,0,0,0,0,0,0,0,0,0,0,2,0.5,100,100,0,0,21,8,2,5.25,13,62,62,3.25,6,1.5,20,5,74,18.5,1,0.25,0,0,0,0,0,0,4,1,0,0,0,0,0,0,0,5,2,0.5,3,0.75,1.25,0,0,0,0,0,0,0,12,7,1.75,3,5,1.25,0,0,0,0,0,0,0,0,1,0.25,1,0.25,1,0.25,0,0,69,17.25,0,0,0,88,88,178,44.5,0,0,0,0,0,0,0,0,0,0,0,0,0,0,0,0,0,1,0.25,0,40,10,15,3.75,0,0,0,0,0,0,8,2,0,0,0,0,36,9,0,0,0,0,0,0,0,0,0,0,0,0,0,0,0,0,2,0.5,0,0,0,0,4,1,0,0,0,0,0,0,0,0,0,0,0,0,1,0.25,3,0.75,0,0,20,5,156,39,53,13.25,108,27,141,35.25,1,0.25,2,0.5,0,0,0,0,0,0,2,0.5,0,0,0,0,0,0,0,0,23,5.75,2,0.5,1,0.25,26,6.5,183,45.75,0,0,2,0.5,161,40.25,3,0.75,4,1,22,5.5,229,57.25,0,0,0,0,0,0,0,0,0,0,5,1.25,16,4,6,1.5,17,4.25,0,0,0,0,0,0,296,5
4dxrh05r3zsrmcywqnb96nlec,Yessine Ben Mahmoud,Y. Ben Mahmoud,Midfielder,Tunisia Under 17,23b589bg3kgeiaw7mzjpcz9sq,2025-11-19T11:00:07Z,251,2.79,Wingers,rm,"rm,lm",2,7,4,1.43,2.51,3,1.08,4,1.43,0,0,2,0.72,0,0,19,6.81,2,0.72,0,0,35,12.54,0,0,7,2.51,0,0,0,0,0,0,1,0.36,1,0.36,0,0,0,0,0,0,3,1.08,35,35,0,0,48,32,11.47,17.2,16,33,33,5.73,69,24.73,3,1.08,27,9.68,4,1.43,0,0,0,0,0,0,4,1.43,0,0,0,0,0,0,0,3,2,0.72,1,0.36,1.08,0,0,0,0,0,0,0,41,28,10.04,14.7,13,4.66,0,0,0,0,0,0,0,0,4,1.43,7,2.51,0,0,0,0,15,5.38,0,2,0.72,66,66,77,27.6,0,0,0,0,0,0,0,0,0,0,0,0,0,0,0,0,0,1,0.36,0,19,6.81,8,2.87,0,0,11,5,1.79,3.94,15,5.38,0,0,0,0,16,5.73,0,0,0,0,0,0,0,0,0,0,0,0,0,0,0,0,2,0.72,0,0,0,0,3,1.08,0,0,2,0.72,1,0.36,1,0.36,2,0.72,1,0.36,6,2.15,0,0,3,1.08,3,1.08,51,18.28,38,13.62,15,5.38,48,17.2,1,0.36,2,0.72,1,0.36,0,0,0,0,14,5.02,0,0,0,0,0,0,0,0,1,0.36,9,3.23,4,1.43,53,19,77,27.6,0,0,2,0.72,51,18.28,3,1.08,6,2.15,26,9.32,144,51.61,0,0,2,0.72,2,0.72,11,3.94,0,0,2,0.72,18,6.45,10,3.58,24,8.6,1,0.36,0,0,0,0,298,17
6mv3qs68rufkmzmqj1ael3tp0,Slim Bouaskar,S. Bouaskar,Goalkeeper,Tunisia Under 17,23b589bg3kgeiaw7mzjpcz9sq,2025-11-19T11:00:07Z,360,4,Goalkeepers,gk,gk,1,1,0,0,0.25,1,0.25,4,1,0,0,0,0,0,0,0,0,0,0,0,0,9,2.25,0,0,0,0,1,0.25,0,0,0,0,0,0,0,0,0,0,0,0,0,0,0,0,0,0,0,0,2,1,0.25,0.5,1,50,50,0.25,0,0,0,0,49,12.25,1,0.25,0,0,24,6,18,4.5,4,1,0,0,32,8,0,0,0,5,2,0.5,3,0.75,1.25,0,0,0,0,0,0,0,1,1,0.25,0.25,0,0,0,0,0,0,0,0,0,0,0,0,0,0,0,0,0,0,16,4,0,0,0,76,76,46,11.5,0,0,0,0,0,0,1,0.25,2,0.5,0,0,1,0.25,0,0,0,1,0.25,0,4,1,9,2.25,2,0.5,0,0,0,0,18,4.5,0,0,0,0,23,5.75,18,15,3.75,3,0.75,4.5,1,0.25,1,0.25,9,2.25,0,0,0,0,0,0,0,0,0,0,4,1,0,0,0,0,0,0,0,0,0,0,0,0,0,0,2,0.5,0,0,10,2.5,35,8.75,5,1.25,47,11.75,42,10.5,0,0,0,0,0,0,0,0,0,0,0,0,0,0,0,0,4,1,0,0,2,0.5,1,0.25,0,0,36,9,88,22,0,0,0,0,52,13,0,0,0,0,36,9,118,29.5,0,0,0,0,0,0,0,0,13,3.25,35,8.75,30,7.5,6,1.5,1,0.25,0,0,0,0,0,0,300,16
d6pedr0apdo476yq9jemr1ic4,Mohamed Aziz Chaabane,A. Chaabane,Midfielder,Tunisia Under 17,23b589bg3kgeiaw7mzjpcz9sq,2025-11-19T11:00:07Z,116,1.29,Midfielders,am,am,1,4,2,1.55,3.1,2,1.55,4,3.1,1,0.78,0,0,0,0,14,10.85,0,0,0,0,28,21.71,0,0,2,1.55,0,0,0,0,0,0,4,3.1,1,0.78,0,0,0,0,0,0,3,2.33,43,43,0,0,38,15,11.63,29.46,23,61,61,17.83,38,29.46,4,3.1,14,10.85,2,1.55,0,0,0,0,0,0,4,3.1,1,0.78,0,0,0,0,0,0,0,0,0,0,0,0,0,0,0,0,0,0,34,13,10.08,26.36,21,16.28,0,0,0,0,0,0,0,0,0,0,1,0.78,0,0,0,0,31,24.03,0,0,0,84,84,57,44.19,0,0,0,0,0,0,0,0,0,0,0,0,0,0,0,0,0,0,0,0,4,3.1,1,0.78,0,0,5,2,1.55,3.88,5,3.88,0,0,0,0,3,2.33,0,0,0,0,0,0,0,0,0,0,0,0,0,0,0,0,1,0.78,1,0.78,0,0,1,0.78,0,0,1,0.78,3,2.33,0,0,0,0,0,0,6,4.65,0,0,2,1.55,1,0.78,48,37.21,32,24.81,19,14.73,50,38.76,0,0,4,3.1,1,0.78,0,0,2,1.55,11,8.53,1,0.78,1,0.78,0,0,0,0,0,0,2,1.55,11,8.53,36,27.91,62,48.06,0,0,2,1.55,51,39.53,4,3.1,2,1.55,11,8.53,119,92.25,3,2.33,9,6.98,2,1.55,8,6.2,1,0.78,1,0.78,18,13.95,2,1.55,10,7.75,0,0,0,0,0,0,301,10
4vq49uslefpxvfxh0ookopst0,Ilyes Dhaoui,E. Dhaoui,Midfielder,Tunisia Under 17,23b589bg3kgeiaw7mzjpcz9sq,2025-11-19T11:00:07Z,163,1.81,Midfielders,dm,dm,1,5,3,1.66,2.76,2,1.1,4,2.21,0,0,0,0,0,0,9,4.97,0,0,0,0,21,11.6,0,0,0,0,0,0,0,0,0,0,0,0,0,0,0,0,0,0,0,0,1,0.55,60,60,0,0,31,16,8.84,17.13,15,48,48,8.29,18,9.94,12,6.63,31,17.13,5,2.76,0,0,0,0,0,0,4,2.21,0,0,0,0,0,0,0,4,2,1.1,2,1.1,2.21,0,0,0,0,0,0,0,26,13,7.18,14.36,13,7.18,0,0,0,0,0,0,0,0,2,1.1,0,0,0,0,0,0,13,7.18,0,0,0,86,86,81,44.75,0,0,0,0,0,0,1,0.55,0,0,0,0,0,0,0,0,0,1,0.55,0,9,4.97,5,2.76,0,0,4,3,1.66,2.21,9,4.97,0,0,0,0,33,18.23,0,0,0,0,0,0,0,0,0,0,0,0,0,0,0,0,0,0,1,0.55,0,0,1,0.55,0,0,1,0.55,3,1.66,0,0,0,0,0,0,3,1.66,1,0.55,0,0,5,2.76,70,38.67,42,23.2,33,18.23,70,38.67,2,1.1,5,2.76,0,0,0,0,0,0,3,1.66,0,0,0,0,0,0,0,0,0,0,8,4.42,3,1.66,21,11.6,86,47.51,0,0,1,0.55,75,41.44,7,3.87,0,0,11,6.08,120,66.3,0,0,0,0,0,0,2,1.1,2,1.1,5,2.76,8,4.42,3,1.66,6,3.31,0,0,0,0,0,0,303,6
4sj93erq55iccg9jl1efzl3x0,Edem Ghalleb,E. Ghalleb,Midfielder,Tunisia Under 17,23b589bg3kgeiaw7mzjpcz9sq,2025-11-19T11:00:07Z,209,2.32,Wingers,rm,"dm,rm",2,3,1,0.43,1.29,2,0.86,4,1.72,0,0,0,0,0,0,22,9.48,1,0.43,0,0,49,21.12,0,0,2,0.86,0,0,0,0,0,0,0,0,1,0.43,0,0,0,0,0,0,4,1.72,75,75,0,0,20,8,3.45,8.62,12,60,60,5.17,24,10.34,7,3.02,30,12.93,1,0.43,0,0,0,0,0,0,4,1.72,0,0,0,0,0,0,0,3,0,0,3,1.29,1.29,0,0,0,0,0,0,0,17,7,3.02,7.33,10,4.31,0,0,0,0,0,0,0,0,1,0.43,2,0.86,0,0,0,0,17,7.33,0,0,0,84,84,98,42.24,0,0,0,0,0,0,0,0,0,0,0,0,0,0,0,0,0,0,0,0,23,9.91,3,1.29,0,0,4,1,0.43,1.72,14,6.03,0,0,0,0,30,12.93,0,0,0,0,0,0,0,0,0,0,0,0,0,0,0,0,1,0.43,0,0,0,0,2,0.86,0,0,2,0.86,2,0.86,0,0,0,0,0,0,3,1.29,1,0.43,2,0.86,5,2.16,82,35.34,48,20.69,35,15.09,78,33.62,0,0,4,1.72,0,0,0,0,0,0,5,2.16,0,0,0,0,0,0,0,0,2,0.86,1,0.43,3,1.29,30,12.93,99,42.67,0,0,1,0.43,83,35.78,4,1.72,1,0.43,16,6.9,136,58.62,0,0,1,0.43,1,0.43,1,0.43,0,0,2,0.86,11,4.74,6,2.59,14,6.03,0,0,0,0,0,0,304,20
6axogwzy4vceg7h0vsvfd5ous,Louay Ghodhbane,L. Ghodhbane,Defender,Tunisia Under 17,23b589bg3kgeiaw7mzjpcz9sq,2025-11-19T11:00:07Z,242,2.69,Full Backs,lb,lb,1,7,3,1.12,2.6,4,1.49,3,1.12,0,0,0,0,0,0,15,5.58,0,0,0,0,16,5.95,0,0,1,0.37,0,0,0,0,0,0,0,0,1,0.37,0,0,0,0,0,0,0,0,25,25,0,0,23,8,2.97,8.55,15,65,65,5.58,26,9.67,9,3.35,38,14.13,1,0.37,0,0,0,0,0,0,3,1.12,1,0.37,0,0,0,0,0,4,2,0.74,2,0.74,1.49,0,0,0,0,0,0,0,16,5,1.86,5.95,11,4.09,0,0,0,0,0,0,0,0,8,2.97,0,0,0,0,0,0,2,0.74,0,1,0.37,78,78,83,30.86,0,0,0,0,0,0,0,0,0,0,0,0,0,0,0,0,0,1,0.37,0,11,4.09,6,2.23,0,0,7,3,1.12,2.6,11,4.09,0,0,0,0,29,10.78,0,0,0,0,0,0,0,0,0,0,0,0,0,0,0,0,0,0,0,0,0,0,3,1.12,0,0,1,0.37,0,0,0,0,0,0,0,0,1,0.37,1,0.37,0,0,7,2.6,65,24.16,22,8.18,44,16.36,59,21.93,2,0.74,5,1.86,0,0,7,2.6,18,6.69,3,1.12,0,0,0,0,0,0,0,0,9,3.35,1,0.37,3,1.12,36,13.38,84,31.23,0,0,0,0,66,24.54,7,2.6,0,0,18,6.69,157,58.36,0,0,6,2.23,6,2.23,3,1.12,3,1.12,5,1.86,19,7.06,5,1.86,13,4.83,0,0,0,0,1,0.37,305,15
88zhmfoykwefgfmi8sb0czvh0,Ayoub Grira,A. Grira,Defender,Tunisia Under 17,23b589bg3kgeiaw7mzjpcz9sq,2025-11-19T11:00:07Z,360,4,Full Backs,rb,rb,1,7,7,1.75,1.75,0,0,4,1,1,0.25,0,0,0,0,15,3.75,0,0,1,0.25,23,5.75,0,0,8,2,1,0.25,0,0,0,0,9,2.25,1,0.25,0,0,0,0,0,0,2,0.5,14,14,0,0,36,24,6,9,12,33,33,3,71,17.75,5,1.25,49,12.25,1,0.25,0,0,0,0,0,0,4,1,1,0.25,0,0,0,0,0,5,2,0.5,3,0.75,1.25,0,0,0,0,0,0,0,29,17,4.25,7.25,12,3,1,0.25,0,0,0,0,0,0,5,1.25,7,1.75,0,0,0,0,49,12.25,0,1,0.25,81,81,108,27,0,0,0,0,0,0,0,0,0,0,0,0,0,0,0,0,0,1,0.25,0,7,1.75,20,5,0,0,10,5,1.25,2.5,16,4,0,0,0,0,3,0.75,0,0,0,0,0,0,0,0,0,0,0,0,0,0,0,0,1,0.25,2,0.5,0,0,4,1,0,0,0,0,0,0,5,1.25,9,2.25,3,0.75,1,0.25,3,0.75,1,0.25,10,2.5,88,22,57,14.25,47,11.75,85,21.25,1,0.25,6,1.5,0,0,7,1.75,25,6.25,8,2,3,0.75,1,0.25,0,0,0,0,7,1.75,3,0.75,4,1,58,14.5,116,29,0,0,3,0.75,95,23.75,7,1.75,4,1,21,5.25,229,57.25,3,0.75,14,3.5,8,2,6,1.5,4,1,7,1.75,26,6.5,9,2.25,14,3.5,0,0,0,0,0,0,306,2
8q9y9dwvepl9h7lbd44ncfsic,Zinedine Hasni,Z. Hasni,Midfielder,Tunisia Under 17,23b589bg3kgeiaw7mzjpcz9sq,2025-11-19T11:00:07Z,241,2.68,Midfielders,dm,dm,1,2,0,0,0.75,2,0.75,4,1.49,0,0,0,0,0,0,20,7.46,1,0.37,0,0,25,9.33,0,0,2,0.75,1,0.37,0,0,0,0,0,0,1,0.37,0,0,0,0,0,0,4,1.49,100,100,0,0,19,10,3.73,7.09,9,47,47,3.36,28,10.45,17,6.34,46,17.16,1,0.37,0,0,0,0,0,0,4,1.49,0,0,0,0,0,0,0,2,2,0.75,0,0,0.75,0,0,0,0,0,0,0,17,10,3.73,6.34,7,2.61,0,0,0,0,0,0,0,0,5,1.87,2,0.75,0,0,0,0,42,15.67,0,0,0,86,86,153,57.09,0,0,0,0,0,0,0,0,0,0,0,0,0,0,0,0,0,1,0.37,0,5,1.87,4,1.49,0,0,1,1,0.37,0.37,24,8.96,0,0,0,0,47,17.54,0,0,0,0,0,0,0,0,0,0,0,0,0,0,0,0,1,0.37,0,0,0,0,3,1.12,0,0,1,0.37,1,0.37,0,0,1,0.37,1,0.37,4,1.49,0,0,2,0.75,7,2.61,131,48.88,72,26.87,62,23.13,126,47.01,1,0.37,1,0.37,1,0.37,0,0,0,0,4,1.49,0,0,1,0.37,0,0,0,0,3,1.12,2,0.75,1,0.37,33,12.31,155,57.84,0,0,1,0.37,133,49.63,2,0.75,2,0.75,22,8.21,188,70.15,0,0,0,0,0,0,0,0,3,1.12,5,1.87,12,4.48,10,3.73,17,6.34,1,0.37,0,0,0,0,307,18
92cpgqwpsosb46hhuuvfgx8no,Ali Jaber,A. Jaber,Defender,Tunisia Under 17,23b589bg3kgeiaw7mzjpcz9sq,2025-11-19T11:00:07Z,360,4,Center Backs,cb,cb,1,11,3,0.75,2.75,8,2,4,1,0,0,0,0,0,0,13,3.25,0,0,6,1.5,74,18.5,0,0,0,0,1,0.25,0,0,0,0,0,0,0,0,0,0,0,0,0,0,0,0,50,50,0,0,20,8,2,5,12,60,60,3,3,0.75,7,1.75,73,18.25,0,0,0,0,1,0.25,0,0,4,1,0,0,1,0.25,0,0,0,5,2,0.5,3,0.75,1.25,0,0,0,0,0,0,0,9,5,1.25,2.25,4,1,0,0,0,0,0,0,0,0,0,0,0,0,0,0,0,0,39,9.75,0,0,0,89,89,186,46.5,0,0,0,0,0,0,0,0,0,0,0,0,0,0,0,0,0,1,0.25,0,38,9.5,4,1,0,0,1,1,0.25,0.25,14,3.5,1,0.25,0,0,67,16.75,0,0,0,0,0,0,0,0,0,0,0,0,0,0,0,0,0,0,1,0.25,0,0,4,1,0,0,0,0,0,0,0,0,0,0,0,0,1,0.25,4,1,0,0,10,2.5,165,41.25,38,9.5,132,33,160,40,0,0,3,0.75,0,0,0,0,1,0.25,1,0.25,0,0,0,0,0,0,0,0,30,7.5,2,0.5,0,0,29,7.25,192,48,1,0.25,1,0.25,170,42.5,3,0.75,1,0.25,22,5.5,246,61.5,0,0,0,0,0,0,1,0.25,7,1.75,13,3.25,17,4.25,5,1.25,9,2.25,0,0,0,0,0,0,308,12
4qptnzt94pi727qv2j70pf9ck,Mohamed Mazen Slama Essefi,M. Slama,Midfielder,Tunisia Under 17,23b589bg3kgeiaw7mzjpcz9sq,2025-11-19T11:00:07Z,252,2.8,Midfielders,dm,dm,1,4,3,1.07,1.43,1,0.36,3,1.07,0,0,0,0,0,0,12,4.29,0,0,1,0.36,32,11.43,0,0,0,0,0,0,0,0,0,0,0,0,0,0,0,0,0,0,0,0,1,0.36,67,67,0,0,26,12,4.29,9.29,14,54,54,5,11,3.93,7,2.5,43,15.36,2,0.71,0,0,0,0,0,0,3,1.07,0,0,0,0,0,0,0,5,2,0.71,3,1.07,1.79,0,0,0,0,0,0,0,22,9,3.21,7.86,13,4.64,0,0,0,0,0,0,0,0,4,1.43,0,0,0,0,0,0,20,7.14,0,0,0,76,76,86,30.71,0,0,0,0,1,0.36,0,0,0,0,0,0,0,0,0,0,0,1,0.36,0,16,5.71,1,0.36,0,0,1,0,0,0.36,13,4.64,0,0,0,0,16,5.71,0,0,0,0,0,0,0,0,0,0,0,0,0,0,0,0,3,1.07,2,0.71,0,0,3,1.07,0,0,3,1.07,0,0,0,0,0,0,0,0,4,1.43,0,0,0,0,2,0.71,65,23.21,35,12.5,34,12.14,67,23.93,1,0.36,4,1.43,0,0,0,0,0,0,3,1.07,0,0,0,0,0,0,0,0,8,2.86,3,1.07,4,1.43,30,10.71,91,32.5,0,0,5,1.79,69,24.64,5,1.79,3,1.07,22,7.86,138,49.29,0,0,0,0,0,0,2,0.71,3,1.07,6,2.14,11,3.93,11,3.93,16,5.71,0,0,0,0,1,0.36,309,14
e3oxtzr5q2n84laq97g8sd1qs,Anisse Hassouna Daylyn Saidi,A. Saidi,Forward,Tunisia Under 17,23b589bg3kgeiaw7mzjpcz9sq,2025-11-19T11:00:07Z,237,2.63,Strikers,st,st,1,13,7,2.66,4.94,6,2.28,4,1.52,0,0,0,0,0,0,17,6.46,2,0.76,0,0,15,5.7,0,0,1,0.38,0,0,0,0,17,17,0,0,2,0.76,0,0,0,0,0,0,3,1.14,50,50,0,0,32,16,6.08,12.17,16,50,50,6.08,45,17.11,3,1.14,20,7.6,2,0.76,0,0,0,0,0,0,4,1.52,0,0,0,0,0,0,1,5,2,0.76,3,1.14,1.9,1,0.38,1,0.38,0,0,0.38,19,9,3.42,7.22,10,3.8,0,0,0,0,0,0,1,0.38,0,0,1,0.38,0,0,0,0,19,7.22,237,0,0,70,70,61,23.19,0,0,0,0,0,0,0,0,0,0,0,0,0,0,0,0,0,1,0.38,0,3,1.14,2,0.76,0,0,2,0,0,0.76,5,1.9,0,0,1,0.38,13,4.94,0,0,0,0,0,0,0,0,0,0,0,0,0,0,0,0,3,1.14,3,1.14,6,6,2,0.76,0,0,1,0.38,2,0.76,0,0,0,0,0,0,1,0.38,0,0,3,1.14,0,0,43,16.35,29,11.03,22,8.37,51,19.39,0,0,4,1.52,1,0.38,0,0,0,0,4,1.52,1,0.38,2,0.76,0,0,1,0.38,1,0.38,5,1.9,6,2.28,30,11.41,69,26.24,0,0,6,2.28,51,19.39,4,1.52,11,4.18,18,6.84,103,39.16,0,0,1,0.38,1,0.38,1,0.38,0,0,0,0,17,6.46,2,0.76,18,6.84,1,0.38,0,0,0,0,311,9
apg79gnq0esehnmpw2fycpams,Fedi Tayechi,F. Tayechi,Forward,Tunisia Under 17,23b589bg3kgeiaw7mzjpcz9sq,2025-11-19T11:00:07Z,225,2.5,Wingers,lm,lm,1,6,6,2.4,2.4,0,0,3,1.2,1,0.4,0,0,0,0,9,3.6,2,0.8,0,0,27,10.8,0,0,3,1.2,1,0.4,0,0,33,33,0,0,2,0.8,0,0,0,0,0,0,8,3.2,46,46,0,0,35,27,10.8,14,8,23,23,3.2,55,22,1,0.4,13,5.2,2,0.8,0,0,0,0,0,0,3,1.2,1,0.4,0,0,0,0,2,2,0,0,2,0.8,0.8,2,0.8,2,0.8,0,0,0.8,29,21,8.4,11.6,8,3.2,0,0,0,0,0,0,2,0.8,2,0.8,2,0.8,0,0,0,0,5,2,112,1,0.4,64,64,42,16.8,0,0,1,0.4,0,0,0,0,0,0,0,0,0,0,0,0,0,0,0,0,16,6.4,5,2,0,0,6,1,0.4,2.4,11,4.4,0,0,2,0.8,15,6,0,0,0,0,0,0,0,0,0,0,0,0,0,0,0,0,2,0.8,4,1.6,3,3,3,1.2,0,0,1,0.4,0,0,0,0,0,0,0,0,6,2.4,0,0,1,0.4,0,0,27,10.8,21,8.4,6,2.4,27,10.8,1,0.4,1,0.4,2,0.8,0,0,0,0,15,6,2,0.8,4,1.6,0,0,1,0.4,0,0,4,1.6,0,0,37,14.8,42,16.8,0,0,6,2.4,27,10.8,2,0.8,14,5.6,15,6,86,34.4,0,0,2,0.8,2,0.8,7,2.8,2,0.8,2,0.8,14,5.6,3,1.2,13,5.2,1,0.4,0,0,0,0,312,7
c04esbwoew1cxesxmvslzayvo,Mehdi Tlili,M. Tlili,Defender,Tunisia Under 17,23b589bg3kgeiaw7mzjpcz9sq,2025-11-19T11:00:07Z,118,1.31,Full Backs,lb,lb,1,4,1,0.76,3.05,3,2.29,2,1.53,0,0,0,0,0,0,9,6.87,0,0,0,0,6,4.58,0,0,1,0.76,0,0,0,0,0,0,0,0,0,0,0,0,0,0,0,0,0,0,0,0,0,0,12,6,4.58,9.16,6,50,50,4.58,17,12.98,5,3.82,9,6.87,2,1.53,0,0,0,0,0,0,2,1.53,0,0,0,0,0,0,0,1,0,0,1,0.76,0.76,0,0,0,0,0,0,0,8,5,3.82,6.11,3,2.29,0,0,0,0,0,0,0,0,1,0.76,1,0.76,0,0,0,0,0,0,0,1,0.76,94,94,33,25.19,0,0,0,0,0,0,0,0,0,0,0,0,0,0,0,0,0,0,0,0,3,2.29,8,6.11,0,0,0,0,0,0,3,2.29,0,0,0,0,16,12.21,0,0,0,0,0,0,0,0,0,0,0,0,0,0,0,0,0,0,0,0,0,0,1,0.76,0,0,0,0,1,0.76,0,0,0,0,0,0,0,0,0,0,0,0,0,0,31,23.66,21,16.03,11,8.4,32,24.43,2,1.53,1,0.76,0,0,3,2.29,15,11.45,2,1.53,0,0,0,0,0,0,0,0,9,6.87,2,1.53,0,0,13,9.92,34,25.95,0,0,0,0,32,24.43,3,2.29,0,0,2,1.53,76,58.02,0,0,2,1.53,2,1.53,2,1.53,1,0.76,1,0.76,4,3.05,0,0,1,0.76,0,0,0,0,0,0,313,3
9mzqdtnj2eek21xa36mdffn6c,Aman Allah Touati,A. Touati,Forward,Tunisia Under 17,23b589bg3kgeiaw7mzjpcz9sq,2025-11-19T11:00:07Z,92,1.02,Strikers,st,st,1,4,1,0.98,3.92,3,2.94,4,3.92,1,0.98,0,0,0,0,9,8.82,1,0.98,0,0,4,3.92,0,0,1,0.98,0,0,0,0,0,0,0,0,2,1.96,0,0,0,0,0,0,3,2.94,50,50,0,0,16,7,6.86,15.69,9,56,56,8.82,29,28.43,2,1.96,5,4.9,1,0.98,0,0,0,0,0,0,4,3.92,1,0.98,0,0,0,0,0,2,2,1.96,0,0,1.96,0,0,0,0,0,0,0,12,6,5.88,11.76,6,5.88,0,0,0,0,0,0,0,0,0,0,0,0,0,0,0,0,3,2.94,0,1,0.98,50,50,26,25.49,0,0,0,0,0,0,0,0,0,0,0,0,0,0,0,0,0,1,0.98,0,2,1.96,2,1.96,0,0,3,0,0,2.94,3,2.94,0,0,0,0,10,9.8,0,0,0,0,0,0,0,0,0,0,0,0,0,0,0,0,0,0,4,3.92,0,0,1,0.98,0,0,1,0.98,3,2.94,0,0,1,0.98,1,0.98,2,1.96,0,0,1,0.98,0,0,13,12.75,12,11.76,3,2.94,14,13.73,3,2.94,1,0.98,0,0,0,0,0,0,5,4.9,0,0,3,2.94,0,0,0,0,1,0.98,1,0.98,0,0,20,19.61,27,26.47,0,0,4,3.92,14,13.73,4,3.92,9,8.82,13,12.75,50,49.02,0,0,0,0,0,0,2,1.96,0,0,1,0.98,11,10.78,2,1.96,12,11.76,0,0,0,0,0,0,314,19
1c0xez9qvvi0imtzxlu7af9xw,Zakaria Wassim Slama,W. Slama,Midfielder,Tunisia Under 17,23b589bg3kgeiaw7mzjpcz9sq,2025-11-19T11:00:07Z,199,2.21,Midfielders,am,"am,st",2,7,2,0.9,3.17,5,2.26,3,1.36,0,0,0,0,0,0,14,6.33,2,0.9,0,0,29,13.12,0,0,2,0.9,0,0,0,0,67,67,1,0.45,2,0.9,0,0,0,0,0,0,4,1.81,78,78,0,0,34,11,4.98,15.38,23,68,68,10.41,47,21.27,4,1.81,23,10.41,0,0,0,0,0,0,0,0,3,1.36,0,0,0,0,0,0,2,2,0,0,2,0.9,0.9,2,0.9,1,0.45,1,0.45,0.9,27,9,4.07,12.22,18,8.14,1,0.45,0,0,0,0,2,0.9,1,0.45,2,0.9,0,0,1,0.45,6,2.71,100,0,0,64,64,56,25.34,0,0,1,0.45,0,0,0,0,0,0,0,0,0,0,0,0,0,0,0,0,12,5.43,2,0.9,0,0,3,2,0.9,1.36,15,6.79,0,0,1,0.45,15,6.79,0,0,0,0,0,0,0,0,0,0,0,0,0,0,0,0,1,0.45,2,0.9,2,2,3,1.36,0,0,3,1.36,0,0,0,0,0,0,0,0,7,3.17,0,0,2,0.9,2,0.9,36,16.29,30,13.57,7,3.17,35,15.84,0,0,4,1.81,0,0,0,0,1,0.45,6,2.71,2,0.9,0,0,0,0,1,0.45,2,0.9,3,1.36,7,3.17,34,15.38,58,26.24,0,0,3,1.36,37,16.74,4,1.81,6,2.71,21,9.5,103,46.61,0,0,1,0.45,1,0.45,2,0.9,3,1.36,3,1.36,19,8.6,3,1.36,18,8.14,0,0,1,0.45,1,0.45,315,11
5vmtrrp4nf3qz0rt1a9l411jo,Maikah Lomax Dau,M. Dau,Midfielder,Fiji Under 17,2ihiuon6nlwuq7aq9y9y65g1z,2025-11-12T20:14:38Z,268,2.98,Midfielders,cm,cm,1,1,1,0.34,0.34,0,0,3,1.01,0,0,1,0.34,0,0,4,1.34,0,0,0,0,13,4.36,0,0,1,0.34,0,0,0,0,0,0,3,1.01,1,0.34,0,0,0,0,0,0,4,1.34,75,75,0,0,21,13,4.36,7.05,8,38,38,2.68,14,4.7,2,0.67,31,10.4,1,0.34,0,0,0,0,0,0,3,1.01,0,0,0,0,0,0,0,20,17,5.7,3,1.01,6.71,0,0,0,0,0,0,0,20,12,4.03,6.71,8,2.68,1,0.34,0,0,0,0,0,0,3,1.01,1,0.34,0,0,0,0,7,2.35,0,0,0,52,52,50,16.78,0,0,0,0,0,0,0,0,0,0,0,0,0,0,0,0,0,0,0,0,5,1.68,1,0.34,0,0,1,0,0,0.34,11,3.69,0,0,0,0,8,2.68,0,0,0,0,0,0,0,0,0,0,0,0,0,0,0,0,0,0,1,0.34,0,0,3,1.01,0,0,1,0.34,0,0,1,0.34,2,0.67,0,0,3,1.01,0,0,0,0,2,0.67,26,8.72,15,5.03,13,4.36,24,8.05,1,0.34,1,0.34,1,0.34,0,0,0,0,5,1.68,0,0,0,0,0,0,0,0,6,2.01,2,0.67,3,1.01,38,12.75,50,16.78,0,0,1,0.34,26,8.72,2,0.67,1,0.34,24,8.05,89,29.87,2,0.67,2,0.67,0,0,1,0.34,4,1.34,12,4.03,19,6.38,7,2.35,12,4.03,0,0,0,0,0,0,318,10
6lqjt67w8xf3ixpijo0mw3l78,Teimana Siva Goundar,T. Goundar,Forward,Fiji Under 17,2ihiuon6nlwuq7aq9y9y65g1z,2025-11-12T20:14:38Z,159,1.77,Full Backs,rb,rb,1,2,0,0,1.13,2,1.13,2,1.13,0,0,0,0,0,0,1,0.56,1,0.56,1,0.56,2,1.13,0,0,0,0,0,0,0,0,0,0,0,0,0,0,0,0,0,0,0,0,1,0.56,0,0,0,0,20,10,5.65,11.3,10,50,50,5.65,4,2.26,1,0.56,9,5.08,1,0.56,0,0,0,0,0,0,2,1.13,0,0,0,0,0,0,0,11,9,5.08,2,1.13,6.21,0,0,0,0,0,0,0,18,10,5.65,10.17,8,4.52,0,0,0,0,0,0,0,0,5,2.82,0,0,0,0,0,0,3,1.69,0,0,0,77,77,13,7.34,0,0,0,0,0,0,0,0,0,0,0,0,0,0,0,0,0,0,0,0,2,1.13,1,0.56,0,0,1,1,0.56,0.56,7,3.95,1,0.56,0,0,0,0,0,0,0,0,0,0,0,0,0,0,0,0,0,0,0,0,0,0,0,0,0,0,2,1.13,0,0,0,0,0,0,0,0,0,0,0,0,0,0,0,0,0,0,0,0,10,5.65,4,2.26,6,3.39,10,5.65,4,2.26,4,2.26,0,0,7,3.95,1,0.56,2,1.13,0,0,0,0,0,0,0,0,5,2.82,2,1.13,0,0,15,8.47,13,7.34,1,0.56,0,0,10,5.65,8,4.52,2,1.13,3,1.69,52,29.38,0,0,1,0.56,1,0.56,1,0.56,0,0,2,1.13,3,1.69,1,0.56,1,0.56,0,0,0,0,0,0,322,18
9v239jsa65hg4nh1u0qigkg0k,Farhaan Rehman Khan,F. Khan,Defender,Fiji Under 17,2ihiuon6nlwuq7aq9y9y65g1z,2025-11-12T20:14:38Z,270,3,Midfielders,dm,"dm,cm",2,17,12,4,5.67,5,1.67,3,1,0,0,0,0,0,0,0,0,0,0,0,0,7,2.33,0,0,0,0,0,0,0,0,0,0,0,0,0,0,0,0,0,0,0,0,1,0.33,67,67,0,0,38,23,7.67,12.67,15,39,39,5,5,1.67,2,0.67,18,6,3,1,0,0,0,0,0,0,3,1,0,0,0,0,0,0,0,20,17,5.67,3,1,6.67,0,0,0,0,0,0,0,21,11,3.67,7,10,3.33,0,0,0,0,0,0,0,0,2,0.67,0,0,0,0,0,0,6,2,0,0,0,46,46,28,9.33,0,0,0,0,0,0,1,0.33,0,0,0,0,0,0,0,0,0,0,0,0,4,1.33,5,1.67,0,0,4,3,1,1.33,3,1,0,0,0,0,9,3,0,0,0,0,0,0,0,0,0,0,0,0,0,0,0,0,0,0,0,0,0,0,3,1,0,0,0,0,0,0,0,0,0,0,0,0,2,0.67,2,0.67,0,0,4,1.33,13,4.33,10,3.33,5,1.67,11,3.67,3,1,2,0.67,0,0,8,2.67,4,1.33,2,0.67,0,0,0,0,0,0,0,0,11,3.67,3,1,3,1,31,10.33,33,11,0,0,0,0,15,5,5,1.67,1,0.33,18,6,80,26.67,0,0,0,0,0,0,1,0.33,1,0.33,5,1.67,13,4.33,5,1.67,13,4.33,0,0,0,0,0,0,323,5
bsx22ei49a36o3wpddk1b8104,Manasa Ezekiel Waseilagi Kubucaucau,M. Kubucaucau,Defender,Fiji Under 17,2ihiuon6nlwuq7aq9y9y65g1z,2025-11-12T20:14:38Z,113,1.26,Full Backs,rb,rb,1,1,1,0.79,0.79,0,0,3,2.38,0,0,0,0,0,0,3,2.38,0,0,2,1.59,2,1.59,0,0,0,0,0,0,0,0,0,0,0,0,0,0,0,0,0,0,0,0,2,1.59,0,0,0,0,17,9,7.14,13.49,8,47,47,6.35,0,0,1,0.79,4,3.17,2,1.59,0,0,0,0,0,0,3,2.38,0,0,0,0,0,0,0,10,9,7.14,1,0.79,7.94,0,0,0,0,0,0,0,16,8,6.35,12.7,8,6.35,0,0,0,0,0,0,0,0,0,0,0,0,0,0,0,0,1,0.79,0,0,0,43,43,7,5.56,0,0,0,0,0,0,0,0,0,0,0,0,0,0,0,0,0,0,0,0,2,1.59,0,0,0,0,2,1,0.79,1.59,2,1.59,0,0,0,0,1,0.79,0,0,0,0,0,0,0,0,0,0,0,0,0,0,0,0,0,0,0,0,0,0,1,0.79,0,0,0,0,2,1.59,0,0,0,0,0,0,0,0,0,0,0,0,0,0,3,2.38,1,0.79,4,3.17,5,3.97,5,3.97,2,1.59,0,0,0,0,3,2.38,2,1.59,0,0,0,0,0,0,0,0,6,4.76,3,2.38,1,0.79,6,4.76,9,7.14,0,0,0,0,5,3.97,7,5.56,0,0,4,3.17,32,25.4,0,0,0,0,0,0,0,0,1,0.79,1,0.79,3,2.38,1,0.79,3,2.38,0,0,0,0,0,0,324,2
eg32zrt44non61ettq5mxflzo,Saula Veilawa Senidamanu Muatini,S. Muatini,Forward,Fiji Under 17,2ihiuon6nlwuq7aq9y9y65g1z,2025-11-12T20:14:38Z,121,1.34,Strikers,st,st,1,3,2,1.49,2.24,1,0.75,2,1.49,0,0,0,0,0,0,9,6.72,0,0,0,0,0,0,0,0,0,0,0,0,0,0,0,0,1,0.75,0,0,0,0,0,0,0,0,1,0.75,0,0,0,0,16,12,8.96,11.94,4,25,25,2.99,4,2.99,1,0.75,3,2.24,2,1.49,0,0,0,0,0,0,2,1.49,0,0,0,0,0,0,0,9,7,5.22,2,1.49,6.72,0,0,0,0,0,0,0,13,10,7.46,9.7,3,2.24,0,0,0,0,0,0,0,0,0,0,0,0,0,0,0,0,1,0.75,0,0,0,43,43,7,5.22,0,0,0,0,0,0,0,0,0,0,0,0,0,0,0,0,0,0,0,0,0,0,0,0,0,0,0,0,0,0,3,2.24,0,0,0,0,3,2.24,0,0,0,0,0,0,0,0,0,0,0,0,0,0,0,0,0,0,0,0,0,0,2,1.49,0,0,2,1.49,0,0,0,0,0,0,0,0,0,0,0,0,0,0,0,0,3,2.24,2,1.49,10,7.46,12,8.96,0,0,1,0.75,0,0,0,0,0,0,1,0.75,0,0,0,0,0,0,0,0,2,1.49,5,3.73,2,1.49,10,7.46,16,11.94,0,0,0,0,12,8.96,1,0.75,1,0.75,4,2.99,28,20.9,1,0.75,1,0.75,0,0,0,0,0,0,0,0,3,2.24,2,1.49,4,2.99,1,0.75,0,0,0,0,326,15
f3wbfbmnu9i9eeiws3e342ej8,Arav Ayush Nadan,A. Nadan,Defender,Fiji Under 17,2ihiuon6nlwuq7aq9y9y65g1z,2025-11-12T20:14:38Z,114,1.27,Wingers,lm,lm,1,0,0,0,0,0,0,3,2.36,0,0,0,0,0,0,1,0.79,0,0,0,0,4,3.15,0,0,0,0,0,0,0,0,0,0,0,0,0,0,0,0,0,0,0,0,4,3.15,0,0,0,0,19,12,9.45,14.96,7,37,37,5.51,4,3.15,1,0.79,3,2.36,5,3.94,0,0,0,0,0,0,3,2.36,0,0,0,0,0,0,0,8,7,5.51,1,0.79,6.3,0,0,0,0,0,0,0,19,12,9.45,14.96,7,5.51,0,0,0,0,0,0,0,0,0,0,0,0,0,0,0,0,0,0,0,0,0,43,43,7,5.51,0,0,0,0,0,0,0,0,0,0,0,0,0,0,0,0,0,0,0,0,2,1.57,1,0.79,0,0,0,0,0,0,5,3.94,0,0,0,0,3,2.36,0,0,0,0,0,0,0,0,0,0,0,0,0,0,0,0,0,0,0,0,0,0,2,1.57,0,0,2,1.57,1,0.79,0,0,0,0,0,0,0,0,0,0,0,0,1,0.79,3,2.36,1,0.79,2,1.57,2,1.57,2,1.57,4,3.15,0,0,0,0,0,0,4,3.15,0,0,0,0,0,0,0,0,2,1.57,5,3.94,1,0.79,10,7.87,7,5.51,0,0,0,0,3,2.36,6,4.72,0,0,4,3.15,24,18.9,0,0,0,0,0,0,0,0,1,0.79,1,0.79,2,1.57,2,1.57,3,2.36,0,0,0,0,2,1.57,327,12
dviayt956ldosogo7m9ngfbx0,Melvin Ratan Prakash,M. Prakash,Goalkeeper,Fiji Under 17,2ihiuon6nlwuq7aq9y9y65g1z,2025-11-12T20:14:38Z,270,3,Goalkeepers,gk,gk,1,2,1,0.33,0.67,1,0.33,3,1,0,0,0,0,0,0,0,0,0,0,0,0,2,0.67,3,1,2,0.67,0,0,0,0,0,0,0,0,0,0,0,0,0,0,0,0,0,0,0,0,1,0.33,5,3,1,1.67,2,40,40,0.67,0,0,1,0.33,96,32,0,0,0,0,19,6.33,32,10.67,3,1,0,0,47,15.67,2,0.67,0,20,17,5.67,3,1,6.67,0,0,0,0,0,0,0,3,2,0.67,1,1,0.33,0,0,0,0,0,0,0,0,0,0,2,0.67,1,0.33,0,0,4,1.33,0,0,0,50,50,8,2.67,0,0,0,0,0,0,0,0,1,0.33,0,0,1,0.33,0,0,0,0,0,0,1,0.33,15,5,3,1,0,0,0,0,39,13,0,0,0,0,2,0.67,35,20,6.67,15,5,11.67,1,0.33,0,0,12,4,0,0,0,0,0,0,0,0,0,0,3,1,0,0,0,0,0,0,0,0,0,0,0,0,0,0,6,2,0,0,25,8.33,4,1.33,20,6.67,13,4.33,8,2.67,1,0.33,0,0,0,0,0,0,0,0,0,0,0,0,0,0,10,3.33,0,0,6,2,0,0,1,0.33,71,23.67,102,34,0,0,0,0,33,11,1,0.33,0,0,69,23,156,52,0,0,0,0,0,0,0,0,11,3.67,69,23,58,19.33,11,3.67,0,0,0,0,0,0,0,0,328,1
3of4dpfkfwi9b39cde0826vbo,Elijah Vuniyayawa Ravea,E. Ravea,Midfielder,Fiji Under 17,2ihiuon6nlwuq7aq9y9y65g1z,2025-11-12T20:14:38Z,121,1.34,Midfielders,cm,cm,1,1,1,0.75,0.75,0,0,2,1.49,0,0,0,0,0,0,0,0,0,0,0,0,2,1.49,0,0,0,0,0,0,0,0,0,0,0,0,0,0,0,0,0,0,0,0,1,0.75,0,0,0,0,11,8,5.97,8.21,3,27,27,2.24,4,2.99,1,0.75,7,5.22,2,1.49,0,0,0,0,0,0,2,1.49,0,0,0,0,0,0,0,6,5,3.73,1,0.75,4.48,0,0,0,0,0,0,0,10,7,5.22,7.46,3,2.24,0,0,0,0,0,0,0,0,0,0,0,0,0,0,0,0,5,3.73,0,0,0,53,53,17,12.69,0,0,0,0,0,0,0,0,0,0,0,0,0,0,0,0,0,0,0,0,0,0,1,0.75,0,0,4,1,0.75,2.99,3,2.24,0,0,0,0,5,3.73,0,0,0,0,0,0,0,0,0,0,0,0,0,0,0,0,0,0,0,0,0,0,1,0.75,0,0,1,0.75,1,0.75,0,0,0,0,0,0,0,0,0,0,0,0,0,0,9,6.72,4,2.99,5,3.73,9,6.72,1,0.75,2,1.49,0,0,0,0,0,0,1,0.75,0,0,0,0,0,0,0,0,2,1.49,2,1.49,0,0,11,8.21,17,12.69,0,0,0,0,9,6.72,3,2.24,0,0,8,5.97,29,21.64,0,0,0,0,0,0,0,0,3,2.24,3,2.24,3,2.24,5,3.73,5,3.73,0,0,0,0,0,0,330,16
26f7hcp9c78ihzte5hvvutatw,Tukai Mataiasi Qaroro Ravonokula,T. Ravonokula,Midfielder,Fiji Under 17,2ihiuon6nlwuq7aq9y9y65g1z,2025-11-12T20:14:38Z,269,2.99,Wingers,rm,rm,1,16,12,4.01,5.35,4,1.34,3,1,0,0,0,0,0,0,14,4.68,0,0,1,0.33,16,5.35,0,0,0,0,0,0,0,0,0,0,0,0,2,0.67,0,0,0,0,0,0,8,2.68,62,62,0,0,59,34,11.37,19.73,25,42,42,8.36,26,8.7,1,0.33,14,4.68,4,1.34,0,0,0,0,0,0,3,1,0,0,0,0,0,0,0,20,17,5.69,3,1,6.69,0,0,0,0,0,0,0,43,22,7.36,14.38,21,7.02,0,0,0,0,0,0,0,0,2,0.67,0,0,0,0,0,0,7,2.34,0,0,0,58,58,33,11.04,0,0,0,0,0,0,0,0,0,0,0,0,0,0,0,0,0,0,0,0,6,2.01,2,0.67,0,0,8,2,0.67,2.68,8,2.68,0,0,0,0,3,1,0,0,0,0,0,0,0,0,0,0,0,0,0,0,0,0,3,1,1,0.33,0,0,3,1,0,0,1,0.33,0,0,0,0,0,0,0,0,5,1.67,0,0,2,0.67,1,0.33,19,6.35,10,3.34,14,4.68,23,7.69,4,1.34,8,2.68,0,0,0,0,0,0,11,3.68,0,0,1,0.33,0,0,0,0,2,0.67,5,1.67,4,1.34,43,14.38,38,12.71,0,0,4,1.34,24,8.03,12,4.01,1,0.33,14,4.68,113,37.79,0,0,0,0,0,0,3,1,2,0.67,4,1.34,8,2.68,6,2.01,10,3.34,0,0,0,0,1,0.33,331,9
52c850zgsvsdttggm0kmc18no,Rishal Rithik Shankar,R. Shankar,Forward,Fiji Under 17,2ihiuon6nlwuq7aq9y9y65g1z,2025-11-12T20:14:38Z,180,2,Midfielders,cm,"lm,cm",2,2,2,1,1,0,0,3,1.5,0,0,0,0,0,0,5,2.5,0,0,1,0.5,5,2.5,0,0,0,0,0,0,0,0,0,0,1,0.5,0,0,0,0,0,0,0,0,3,1.5,0,0,0,0,23,15,7.5,11.5,8,35,35,4,4,2,1,0.5,10,5,2,1,0,0,0,0,0,0,3,1.5,0,0,0,0,0,0,0,11,9,4.5,2,1,5.5,0,0,0,0,0,0,0,21,13,6.5,10.5,8,4,0,0,0,0,0,0,0,0,2,1,0,0,0,0,0,0,2,1,0,0,0,50,50,22,11,0,0,0,0,0,0,0,0,0,0,0,0,0,0,0,0,0,0,0,0,3,1.5,2,1,0,0,1,0,0,0.5,4,2,0,0,0,0,6,3,0,0,0,0,0,0,0,0,0,0,0,0,0,0,0,0,0,0,0,0,0,0,2,1,0,0,1,0.5,1,0.5,0,0,0,0,0,0,0,0,1,0.5,0,0,1,0.5,11,5.5,5,2.5,7,3.5,11,5.5,3,1.5,4,2,0,0,0,0,0,0,4,2,0,0,0,0,0,0,0,0,5,2.5,2,1,1,0.5,22,11,23,11.5,0,0,0,0,12,6,7,3.5,0,0,11,5.5,53,26.5,1,0.5,1,0.5,0,0,1,0.5,4,2,4,2,4,2,8,4,7,3.5,0,0,0,0,0,0,333,7
ynqz2d3xntdi2kxe68umkob8,Eider José Barrios Coraspe,E. Barrios,Defender,Venezuela Under 17,69sjf8bi2ak0q2058eaz8tqfm,2025-11-17T16:03:21Z,148,1.64,Center Backs,cb,cb,1,2,0,0,1.22,2,1.22,3,1.83,0,0,0,0,1,0.61,8,4.88,0,0,0,0,24,14.63,0,0,0,0,0,0,0,0,100,100,0,0,0,0,0,0,0,0,0,0,1,0.61,0,0,0,0,7,4,2.44,4.27,3,43,43,1.83,2,1.22,5,3.05,21,12.8,1,0.61,0,0,9,5.49,0,0,3,1.83,0,0,9,5.49,0,0,1,4,2,1.22,2,1.22,2.44,0,0,1,0.61,0,0,0.61,5,4,2.44,3.05,1,0.61,0,0,0,0,0,0,0,0,3,1.83,0,0,0,0,1,0.61,15,9.15,148,0,0,89,89,74,45.12,0,0,0,0,0,0,0,0,0,0,0,0,0,0,0,0,0,1,0.61,0,16,9.76,3,1.83,0,0,1,0,0,0.61,1,0.61,0,0,0,0,44,26.83,0,0,0,0,0,0,0,0,0,0,0,0,0,0,0,0,0,0,1,0.61,1,1,2,1.22,0,0,1,0.61,1,0.61,0,0,0,0,0,0,0,0,1,0.61,0,0,4,2.44,66,40.24,29,17.68,51,31.1,76,46.34,0,0,0,0,0,0,0,0,0,0,1,0.61,0,0,0,0,0,0,1,0.61,4,2.44,2,1.22,1,0.61,10,6.1,88,53.66,0,0,1,0.61,80,48.78,0,0,1,0.61,8,4.88,100,60.98,0,0,1,0.61,1,0.61,0,0,2,1.22,3,1.83,8,4.88,1,0.61,5,3.05,0,0,0,0,0,0,338,3
3ba6c5exk7hc5p615liitapsk,Yimvert Jesus Berroterán Castillo,Y. Berroterán,Forward,Venezuela Under 17,69sjf8bi2ak0q2058eaz8tqfm,2025-11-17T16:03:21Z,113,1.26,Midfielders,am,"am,st",2,12,8,6.35,9.52,4,3.17,3,2.38,0,0,0,0,0,0,5,3.97,1,0.79,0,0,20,15.87,0,0,1,0.79,0,0,0,0,0,0,0,0,2,1.59,0,0,0,0,0,0,2,1.59,33,33,0,0,24,16,12.7,19.05,8,33,33,6.35,21,16.67,6,4.76,13,10.32,1,0.79,0,0,0,0,0,0,3,2.38,0,0,0,0,0,0,0,3,2,1.59,1,0.79,2.38,0,0,0,0,0,0,0,12,8,6.35,9.52,4,3.17,0,0,0,0,0,0,0,0,2,1.59,1,0.79,0,0,0,0,11,8.73,0,0,0,68,68,38,30.16,0,0,0,0,0,0,0,0,0,0,0,0,0,0,0,0,0,1,0.79,0,10,7.94,2,1.59,0,0,2,1,0.79,1.59,8,6.35,0,0,0,0,9,7.14,0,0,0,0,0,0,0,0,0,0,0,0,0,0,0,0,1,0.79,1,0.79,0,0,2,1.59,0,0,2,1.59,1,0.79,0,0,0,0,0,0,2,1.59,0,0,0,0,1,0.79,26,20.63,21,16.67,5,3.97,25,19.84,0,0,0,0,0,0,0,0,0,0,6,4.76,0,0,1,0.79,0,0,0,0,0,0,3,2.38,2,1.59,22,17.46,38,30.16,0,0,2,1.59,26,20.63,0,0,4,3.17,12,9.52,64,50.79,0,0,0,0,0,0,4,3.17,0,0,0,0,8,6.35,4,3.17,12,9.52,2,1.59,0,0,1,0.79,339,11
3g6rx9q2duzspubkzzm0852xg,Gustavo Andrés Caraballo Delgado,G. Caraballo,Midfielder,Venezuela Under 17,69sjf8bi2ak0q2058eaz8tqfm,2025-11-17T16:03:21Z,97,1.08,Wingers,rm,rm,1,0,0,0,0,0,0,3,2.78,0,0,0,0,0,0,11,10.19,3,2.78,0,0,22,20.37,0,0,3,2.78,0,0,0,0,0,0,2,1.85,0,0,0,0,0,0,0,0,6,5.56,56,56,0,0,20,12,11.11,18.52,8,40,40,7.41,40,37.04,3,2.78,11,10.19,1,0.93,0,0,0,0,0,0,3,2.78,0,0,0,0,0,0,0,2,1,0.93,1,0.93,1.85,0,0,0,0,0,0,0,20,12,11.11,18.52,8,7.41,0,0,0,0,0,0,0,0,1,0.93,3,2.78,0,0,0,0,27,25,0,0,0,84,84,50,46.3,0,0,0,0,0,0,0,0,0,0,0,0,0,0,0,0,0,0,0,0,9,8.33,6,5.56,0,0,0,0,0,0,9,8.33,0,0,0,0,3,2.78,0,0,0,0,0,0,0,0,0,0,0,0,0,0,0,0,0,0,1,0.93,0,0,1,0.93,0,0,1,0.93,2,1.85,1,0.93,2,1.85,0,0,5,4.63,0,0,1,0.93,5,4.63,42,38.89,31,28.7,15,13.89,39,36.11,1,0.93,0,0,2,1.85,0,0,0,0,10,9.26,2,1.85,0,0,0,0,0,0,0,0,1,0.93,2,1.85,26,24.07,52,48.15,0,0,1,0.93,44,40.74,1,0.93,8,7.41,8,7.41,86,79.63,1,0.93,4,3.7,3,2.78,4,3.7,0,0,0,0,11,10.19,1,0.93,8,7.41,0,0,0,0,0,0,341,7
8sebgd0fce6yn6pd7x2i8874k,Diego Alejandro Claut Ordaz,D. Claut,Forward,Venezuela Under 17,69sjf8bi2ak0q2058eaz8tqfm,2025-11-17T16:03:21Z,289,3.21,Strikers,st,st,1,5,1,0.31,1.56,4,1.25,4,1.25,0,0,0,0,0,0,14,4.36,0,0,0,0,21,6.54,0,0,1,0.31,0,0,0,0,11,11,0,0,1,0.31,0,0,0,0,0,0,6,1.87,0,0,0,0,23,14,4.36,7.17,9,39,39,2.8,41,12.77,3,0.93,10,3.12,0,0,0,0,0,0,0,0,4,1.25,0,0,0,0,0,0,1,4,2,0.62,2,0.62,1.25,1,0.31,1,0.31,0,0,0.31,18,13,4.05,5.61,5,1.56,1,0.31,0,0,1,0.31,1,0.31,0,0,1,0.31,0,0,0,0,10,3.12,289,1,0.31,64,64,42,13.08,1,0.31,1,0.31,0,0,0,0,0,0,0,0,0,0,0,0,0,1,0.31,0,8,2.49,2,0.62,0,0,3,1,0.31,0.93,6,1.87,0,0,0,0,15,4.67,0,0,0,0,0,0,0,0,0,0,0,0,0,0,0,0,3,0.93,6,1.87,9,9,4,1.25,0,0,4,1.25,0,0,0,0,0,0,0,0,0,0,0,0,2,0.62,0,0,27,8.41,21,6.54,13,4.05,34,10.59,0,0,1,0.31,1,0.31,0,0,0,0,10,3.12,1,0.31,1,0.31,0,0,1,0.31,4,1.25,4,1.25,4,1.25,34,10.59,49,15.26,0,0,9,2.8,34,10.59,1,0.31,14,4.36,15,4.67,92,28.66,0,0,0,0,0,0,4,1.25,0,0,1,0.31,12,3.74,3,0.93,14,4.36,0,0,0,0,0,0,342,9
663pn8j26mbkg3yft4v19g7bo,Román Uriel Davis Moreno,R. Davis,Defender,Venezuela Under 17,69sjf8bi2ak0q2058eaz8tqfm,2025-11-17T16:03:21Z,348,3.87,Full Backs,rb,rb,1,11,7,1.81,2.84,4,1.03,4,1.03,0,0,0,0,1,0.26,19,4.91,1,0.26,0,0,36,9.3,0,0,5,1.29,0,0,0,0,33,33,0,0,0,0,0,0,0,0,0,0,2,0.52,100,100,0,0,29,15,3.88,7.49,14,48,48,3.62,67,17.31,26,6.72,70,18.09,1,0.26,0,0,0,0,0,0,4,1.03,0,0,0,0,0,0,1,5,3,0.78,2,0.52,1.29,1,0.26,0,0,1,0.26,0.26,18,8,2.07,4.65,10,2.58,0,0,0,0,0,0,0,0,2,0.52,5,1.29,0,0,0,0,26,6.72,348,0,0,75,75,112,28.94,0,0,0,0,0,0,0,0,0,0,0,0,0,0,0,0,0,1,0.26,0,23,5.94,40,10.34,0,0,9,3,0.78,2.33,25,6.46,0,0,1,0.26,0,0,0,0,0,0,0,0,0,0,0,0,0,0,0,0,0,0,1,0.26,2,0.52,3,3,4,1.03,0,0,1,0.26,0,0,0,0,5,1.29,5,1.29,3,0.78,0,0,0,0,4,1.03,84,21.71,63,16.28,29,7.49,83,21.45,1,0.26,4,1.03,0,0,6,1.55,27,6.98,2,0.52,1,0.26,0,0,0,0,0,0,6,1.55,4,1.03,2,0.52,59,15.25,115,29.72,0,0,3,0.78,87,22.48,5,1.29,7,1.81,28,7.24,206,53.23,0,0,8,2.07,8,2.07,0,0,4,1.03,10,2.58,28,7.24,8,2.07,18,4.65,0,0,1,0.26,1,0.26,343,18
730yozfps2s68s18cj6qfx3bo,Henrry David Díaz Gamboa,H. Díaz,Midfielder,Venezuela Under 17,69sjf8bi2ak0q2058eaz8tqfm,2025-11-17T16:03:21Z,89,0.99,Midfielders,cm,cm,1,0,0,0,0,0,0,1,1.01,0,0,0,0,0,0,3,3.03,0,0,0,0,8,8.08,0,0,2,2.02,1,1.01,0,0,0,0,0,0,0,0,0,0,0,0,0,0,4,4.04,100,100,0,0,12,5,5.05,12.12,7,58,58,7.07,13,13.13,3,3.03,17,17.17,0,0,0,0,0,0,0,0,1,1.01,1,1.01,0,0,0,0,0,0,0,0,0,0,0,0,0,0,0,0,0,0,12,5,5.05,12.12,7,7.07,0,0,0,0,0,0,0,0,2,2.02,1,1.01,0,0,0,0,9,9.09,0,1,1.01,75,75,32,32.32,0,0,0,0,0,0,0,0,0,0,0,0,0,0,0,0,0,0,0,0,4,4.04,2,2.02,0,0,1,0,0,1.01,8,8.08,0,0,0,0,6,6.06,0,0,0,0,0,0,0,0,0,0,0,0,0,0,0,0,2,2.02,0,0,0,0,1,1.01,0,0,1,1.01,0,0,0,0,0,0,0,0,1,1.01,0,0,1,1.01,1,1.01,24,24.24,12,12.12,15,15.15,26,26.26,1,1.01,2,2.02,0,0,0,0,0,0,4,4.04,0,0,0,0,0,0,0,0,0,0,1,1.01,3,3.03,15,15.15,35,35.35,0,0,2,2.02,27,27.27,3,3.03,2,2.02,8,8.08,57,57.58,0,0,0,0,0,0,0,0,2,2.02,3,3.03,6,6.06,2,2.02,5,5.05,0,0,0,0,1,1.01,344,8
cuvdplt7zntkgnb44tyii2ac,Dioner Del Jesus Fuentes Dicuru,D. Fuentes,Defender,Venezuela Under 17,69sjf8bi2ak0q2058eaz8tqfm,2025-11-17T16:03:21Z,274,3.04,Wingers,lm,"lm,lb",2,9,4,1.32,2.96,5,1.64,4,1.32,0,0,0,0,1,0.33,11,3.62,0,0,0,0,31,10.2,0,0,3,0.99,1,0.33,0,0,50,50,0,0,1,0.33,0,0,0,0,0,0,3,0.99,50,50,0,0,47,17,5.59,15.46,30,64,64,9.87,54,17.76,3,0.99,28,9.21,3,0.99,0,0,0,0,0,0,4,1.32,0,0,0,0,0,0,1,3,2,0.66,1,0.33,0.99,1,0.33,0,0,1,0.33,0.33,38,13,4.28,12.5,25,8.22,0,0,0,0,0,0,0,0,0,0,3,0.99,0,0,0,0,6,1.97,274,1,0.33,79,79,67,22.04,0,0,1,0.33,0,0,0,0,0,0,0,0,0,0,0,0,0,1,0.33,0,17,5.59,4,1.32,0,0,2,0,0,0.66,16,5.26,0,0,1,0.33,23,7.57,0,0,0,0,0,0,0,0,0,0,0,0,0,0,0,0,1,0.33,1,0.33,2,2,3,0.99,0,0,0,0,1,0.33,0,0,1,0.33,1,0.33,4,1.32,0,0,0,0,0,0,53,17.43,34,11.18,21,6.91,54,17.76,6,1.97,7,2.3,0,0,3,0.99,13,4.28,7,2.3,0,0,0,0,0,0,0,0,6,1.97,4,1.32,8,2.63,36,11.84,68,22.37,0,0,2,0.66,54,17.76,13,4.28,4,1.32,14,4.61,148,48.68,0,0,3,0.99,3,0.99,4,1.32,0,0,1,0.33,13,4.28,4,1.32,13,4.28,1,0.33,0,0,1,0.33,345,13
70lmb5krx6h8iidmbs6t015hw,David Alejandro García García,D. García,Forward,Venezuela Under 17,69sjf8bi2ak0q2058eaz8tqfm,2025-11-17T16:03:21Z,170,1.89,Strikers,st,st,1,3,1,0.53,1.59,2,1.06,4,2.12,0,0,0,0,0,0,6,3.17,1,0.53,0,0,4,2.12,0,0,4,2.12,0,0,0,0,40,40,0,0,1,0.53,0,0,0,0,0,0,2,1.06,17,17,0,0,23,13,6.88,12.17,10,43,43,5.29,38,20.11,2,1.06,6,3.17,3,1.59,1,0.53,0,0,0,0,4,2.12,1,0.53,0,0,0,0,2,2,1,0.53,1,0.53,1.06,1,0.53,2,1.06,0,0,1.06,20,12,6.35,10.58,8,4.23,0,0,0,0,0,0,2,1.06,0,0,3,1.59,0,0,0,0,11,5.82,85,0,0,64,64,25,13.23,0,0,0,0,0,0,0,0,0,0,0,0,0,0,1,0.53,1,0,0,0.53,2,1.06,1,0.53,0,0,2,0,0,1.06,2,1.06,0,0,2,1.06,4,2.12,0,0,0,0,0,0,0,0,0,0,0,0,0,0,0,0,0,0,5,2.65,2,2,1,0.53,0,0,0,0,3,1.59,0,0,0,0,0,0,1,0.53,0,0,1,0.53,1,0.53,16,8.47,15,7.94,3,1.59,17,8.99,3,1.59,0,0,0,0,0,0,0,0,7,3.7,2,1.06,3,1.59,0,0,2,1.06,3,1.59,4,2.12,4,2.12,22,11.64,27,14.29,0,0,5,2.65,18,9.52,3,1.59,19,10.05,9,4.76,62,32.8,0,0,0,0,0,0,5,2.65,0,0,2,1.06,8,4.23,1,0.53,7,3.7,0,0,1,0.53,0,0,346,19
1abv9bf0peiqo72m2zh2hgu8k,Marco Libra Alvarado,M. Libra,Midfielder,Venezuela Under 17,69sjf8bi2ak0q2058eaz8tqfm,2025-11-17T16:03:21Z,295,3.28,Midfielders,dm,"am,dm",2,2,0,0,0.61,2,0.61,4,1.22,0,0,0,0,0,0,12,3.66,1,0.3,0,0,56,17.07,0,0,10,3.05,1,0.3,0,0,0,0,4,1.22,2,0.61,0,0,0,0,0,0,7,2.13,57,57,0,0,34,17,5.18,10.37,17,50,50,5.18,64,19.51,19,5.79,54,16.46,2,0.61,0,0,0,0,0,0,4,1.22,0,0,0,0,0,0,0,4,3,0.91,1,0.3,1.22,0,0,0,0,0,0,0,32,17,5.18,9.76,15,4.57,0,0,0,0,0,0,0,0,2,0.61,10,3.05,0,0,0,0,27,8.23,0,2,0.61,76,76,126,38.41,0,0,1,0.3,0,0,0,0,0,0,0,0,0,0,0,0,0,1,0.3,0,32,9.76,15,4.57,0,0,9,4,1.22,2.74,13,3.96,0,0,0,0,37,11.28,0,0,0,0,0,0,0,0,0,0,0,0,0,0,0,0,2,0.61,1,0.3,0,0,3,0.91,0,0,0,0,1,0.3,2,0.61,4,1.22,2,0.61,4,1.22,1,0.3,1,0.3,9,2.74,96,29.27,78,23.78,26,7.93,91,27.74,3,0.91,0,0,0,0,0,0,0,0,10,3.05,0,0,1,0.3,0,0,0,0,0,0,4,1.22,8,2.44,47,14.33,130,39.63,0,0,3,0.91,100,30.49,3,0.91,7,2.13,30,9.15,180,54.88,1,0.3,4,1.22,2,0.61,3,0.91,1,0.3,8,2.44,29,8.84,5,1.52,22,6.71,0,0,0,0,0,0,347,5
15a5ftd3950vodjighjyjyk9g,Marcos Aurelio Maitán Mayo,M. Maitán,Defender,Venezuela Under 17,69sjf8bi2ak0q2058eaz8tqfm,2025-11-17T16:03:21Z,360,4,Center Backs,cb,cb,1,19,7,1.75,4.75,12,3,4,1,0,0,0,0,1,0.25,14,3.5,0,0,6,1.5,70,17.5,0,0,1,0.25,1,0.25,0,0,25,25,0,0,0,0,0,0,0,0,0,0,1,0.25,0,0,0,0,35,16,4,8.75,19,54,54,4.75,15,3.75,20,5,84,21,2,0.5,0,0,8,2,0,0,4,1,0,0,8,2,0,0,1,5,3,0.75,2,0.5,1.25,0,0,1,0.25,0,0,0.25,16,9,2.25,4,7,1.75,0,0,1,0.25,0,0,0,0,5,1.25,1,0.25,0,0,0,0,68,17,360,1,0.25,84,84,186,46.5,0,0,0,0,0,0,1,0.25,0,0,0,0,0,0,0,0,0,1,0.25,0,49,12.25,22,5.5,0,0,4,0,0,1,10,2.5,0,0,0,0,36,9,0,0,0,0,0,0,0,0,0,0,0,0,0,0,0,0,3,0.75,1,0.25,4,4,4,1,0,0,0,0,0,0,0,0,0,0,0,0,0,0,1,0.25,0,0,7,1.75,157,39.25,74,18.5,99,24.75,166,41.5,3,0.75,2,0.5,0,0,0,0,0,0,2,0.5,0,0,1,0.25,0,0,1,0.25,20,5,6,1.5,2,0.5,32,8,202,50.5,0,0,4,1,173,43.25,5,1.25,5,1.25,29,7.25,256,64,0,0,0,0,0,0,1,0.25,2,0.5,8,2,19,4.75,10,2.5,21,5.25,0,0,0,0,2,0.5,349,4
34ree3pvhd5viu20ak6g5s7o,John David Mancilla Figueroa,J. Mancilla,Midfielder,Venezuela Under 17,69sjf8bi2ak0q2058eaz8tqfm,2025-11-17T16:03:21Z,171,1.9,Midfielders,am,am,1,9,4,2.11,4.74,5,2.63,4,2.11,0,0,0,0,0,0,12,6.32,0,0,1,0.53,21,11.05,0,0,0,0,0,0,0,0,50,50,0,0,0,0,0,0,0,0,0,0,3,1.58,0,0,0,0,21,14,7.37,11.05,7,33,33,3.68,29,15.26,13,6.84,26,13.68,4,2.11,1,0.53,0,0,0,0,4,2.11,0,0,0,0,0,0,1,2,1,0.53,1,0.53,1.05,0,0,1,0.53,0,0,0.53,12,10,5.26,6.32,2,1.05,0,0,0,0,0,0,1,0.53,1,0.53,0,0,0,0,0,0,11,5.79,171,0,0,85,85,82,43.16,0,0,0,0,0,0,0,0,0,0,0,0,0,0,1,0.53,1,0,0,0.53,8,4.21,5,2.63,0,0,2,2,1.05,1.05,12,6.32,0,0,1,0.53,33,17.37,0,0,0,0,0,0,0,0,0,0,0,0,0,0,0,0,1,0.53,1,0.53,2,2,1,0.53,0,0,0,0,3,1.58,0,0,0,0,0,0,0,0,0,0,3,1.58,3,1.58,70,36.84,48,25.26,22,11.58,67,35.26,0,0,1,0.53,0,0,0,0,0,0,3,1.58,0,0,0,0,0,0,1,0.53,2,1.05,5,2.63,1,0.53,20,10.53,82,43.16,0,0,2,1.05,70,36.84,1,0.53,4,2.11,12,6.32,109,57.37,0,0,1,0.53,1,0.53,0,0,0,0,2,1.05,11,5.79,2,1.05,10,5.26,0,0,0,0,1,0.53,350,15
nh9p8756ouv0151skz1q0u1g,Williander Emilio Muñoz Pacheco,W. Muñoz,Midfielder,Venezuela Under 17,69sjf8bi2ak0q2058eaz8tqfm,2025-11-17T16:03:21Z,276,3.07,Midfielders,dm,"cm,dm,am",3,4,1,0.33,1.3,3,0.98,4,1.3,0,0,0,0,0,0,13,4.23,1,0.33,1,0.33,27,8.79,0,0,3,0.98,0,0,0,0,0,0,0,0,1,0.33,0,0,0,0,0,0,3,0.98,100,100,0,0,20,9,2.93,6.51,11,55,55,3.58,37,12.05,12,3.91,32,10.42,2,0.65,0,0,0,0,0,0,4,1.3,0,0,0,0,0,0,0,4,2,0.65,2,0.65,1.3,0,0,0,0,0,0,0,16,8,2.61,5.21,8,2.61,0,0,0,0,0,0,0,0,2,0.65,3,0.98,0,0,0,0,22,7.17,0,1,0.33,74,74,89,28.99,0,0,0,0,0,0,0,0,0,0,0,0,0,0,0,0,0,1,0.33,0,12,3.91,3,0.98,0,0,11,6,1.95,3.58,14,4.56,0,0,0,0,22,7.17,0,0,0,0,0,0,0,0,0,0,0,0,0,0,0,0,2,0.65,1,0.33,0,0,4,1.3,0,0,4,1.3,0,0,0,0,1,0.33,1,0.33,3,0.98,0,0,5,1.63,2,0.65,66,21.5,45,14.66,22,7.17,64,20.85,0,0,5,1.63,0,0,0,0,0,0,3,0.98,0,0,0,0,0,0,0,0,3,0.98,3,0.98,0,0,33,10.75,89,28.99,0,0,3,0.98,66,21.5,5,1.63,7,2.28,23,7.49,128,41.69,0,0,1,0.33,1,0.33,0,0,0,0,3,0.98,17,5.54,7,2.28,20,6.51,0,0,0,0,0,0,351,6
52he0i1xt093i6dtzznzfc9hw,Luigi Pagano Montiel,L. Pagano,Defender,Venezuela Under 17,69sjf8bi2ak0q2058eaz8tqfm,2025-11-17T16:03:21Z,246,2.73,Center Backs,cb,"cb,lb",2,8,2,0.73,2.93,6,2.2,3,1.1,0,0,0,0,0,0,4,1.47,1,0.37,0,0,38,13.92,0,0,1,0.37,0,0,0,0,0,0,0,0,0,0,0,0,0,0,0,0,0,0,100,100,0,0,16,6,2.2,5.86,10,62,62,3.66,10,3.66,8,2.93,50,18.32,0,0,0,0,5,1.83,0,0,3,1.1,0,0,5,1.83,0,0,0,3,2,0.73,1,0.37,1.1,0,0,0,0,0,0,0,8,4,1.47,2.93,4,1.47,0,0,0,0,0,0,0,0,1,0.37,1,0.37,0,0,0,0,22,8.06,0,0,0,83,83,114,41.76,0,0,0,0,0,0,0,0,0,0,0,0,0,0,0,0,0,1,0.37,0,24,8.79,7,2.56,0,0,4,2,0.73,1.47,9,3.3,0,0,0,0,54,19.78,0,0,0,0,0,0,0,0,0,0,0,0,0,0,0,0,1,0.37,0,0,0,0,3,1.1,0,0,1,0.37,0,0,0,0,0,0,0,0,1,0.37,2,0.73,0,0,6,2.2,95,34.8,49,17.95,62,22.71,105,38.46,0,0,2,0.73,0,0,1,0.37,3,1.1,0,0,0,0,0,0,0,0,0,0,16,5.86,2,0.73,1,0.37,24,8.79,130,47.62,0,0,1,0.37,111,40.66,2,0.73,5,1.83,19,6.96,164,60.07,0,0,0,0,0,0,0,0,2,0.73,4,1.47,9,3.3,10,3.66,15,5.49,0,0,0,0,2,0.73,352,20
b98lczhldto22k41l3ppe6iok,Ricardo Esteban Rincones Gomez,R. Rincones,Defender,Venezuela Under 17,69sjf8bi2ak0q2058eaz8tqfm,2025-11-17T16:03:21Z,176,1.96,Full Backs,lb,lb,1,8,2,1.02,4.08,6,3.06,2,1.02,1,0.51,0,0,0,0,10,5.1,0,0,1,0.51,12,6.12,0,0,1,0.51,1,0.51,0,0,0,0,0,0,0,0,0,0,0,0,0,0,1,0.51,25,25,0,0,25,10,5.1,12.76,15,60,60,7.65,15,7.65,6,3.06,17,8.67,0,0,0,0,0,0,0,0,2,1.02,1,0.51,0,0,0,0,0,2,1,0.51,1,0.51,1.02,0,0,0,0,0,0,0,17,8,4.08,8.67,9,4.59,0,0,0,0,0,0,0,0,5,2.55,0,0,0,0,0,0,3,1.53,0,0,0,80,80,40,20.41,0,0,0,0,0,0,0,0,0,0,0,0,0,0,0,0,0,0,0,0,5,2.55,4,2.04,0,0,0,0,0,0,5,2.55,0,0,0,0,12,6.12,0,0,0,0,0,0,0,0,0,0,0,0,0,0,0,0,0,0,0,0,0,0,2,1.02,0,0,1,0.51,0,0,0,0,1,0.51,1,0.51,1,0.51,0,0,0,0,0,0,32,16.33,20,10.2,15,7.65,34,17.35,3,1.53,1,0.51,0,0,2,1.02,8,4.08,4,2.04,1,0.51,0,0,0,0,0,0,5,2.55,4,2.04,4,2.04,19,9.69,42,21.43,0,0,0,0,34,17.35,4,2.04,0,0,8,4.08,85,43.37,0,0,1,0.51,1,0.51,3,1.53,0,0,0,0,7,3.57,2,1.02,8,4.08,0,0,0,0,1,0.51,354,2
b0ienhy7olfju34ijcsdtsqhg,Yerwin Antonio Sulbarán López,Y. Sulbarán,Midfielder,Venezuela Under 17,69sjf8bi2ak0q2058eaz8tqfm,2025-11-17T16:03:21Z,285,3.17,Wingers,rm,rm,1,5,4,1.26,1.58,1,0.32,4,1.26,1,0.32,0,0,0,0,12,3.79,1,0.32,1,0.32,48,15.14,0,0,9,2.84,1,0.32,0,0,0,0,5,1.58,4,1.26,0,0,0,0,0,0,4,1.26,78,78,0,0,33,17,5.36,10.41,16,48,48,5.05,92,29.02,5,1.58,20,6.31,2,0.63,0,0,0,0,0,0,4,1.26,2,0.63,0,0,0,0,0,4,3,0.95,1,0.32,1.26,0,0,0,0,0,0,0,28,13,4.1,8.83,15,4.73,0,0,0,0,0,0,0,0,1,0.32,7,2.21,0,0,0,0,26,8.2,0,0,0,73,73,67,21.14,0,0,0,0,0,0,0,0,0,0,0,0,0,0,0,0,0,1,0.32,0,27,8.52,13,4.1,0,0,6,0,0,1.89,11,3.47,0,0,0,0,14,4.42,0,0,0,0,0,0,0,0,0,0,0,0,0,0,0,0,0,0,3,0.95,0,0,3,0.95,0,0,2,0.63,1,0.32,2,0.63,4,1.26,2,0.63,7,2.21,0,0,1,0.32,2,0.63,49,15.46,53,16.72,5,1.58,52,16.4,1,0.32,1,0.32,2,0.63,2,0.63,5,1.58,6,1.89,2,0.63,0,0,0,0,0,0,2,0.63,3,0.95,6,1.89,42,13.25,72,22.71,0,0,3,0.95,54,17.03,2,0.63,11,3.47,18,5.68,135,42.59,1,0.32,7,2.21,3,0.95,2,0.63,0,0,1,0.32,24,7.57,1,0.32,17,5.36,0,0,0,0,1,0.32,355,10
a6a9k45m8chvdx8u5g7a14mxg,Juan Camilo Uribe Salgado,J. Uribe,Forward,Venezuela Under 17,69sjf8bi2ak0q2058eaz8tqfm,2025-11-17T16:03:21Z,196,2.18,Wingers,lm,lm,1,0,0,0,0,0,0,3,1.38,0,0,2,0.92,0,0,10,4.59,0,0,0,0,35,16.06,0,0,1,0.46,0,0,0,0,20,20,3,1.38,1,0.46,0,0,0,0,0,0,2,0.92,40,40,0,0,23,12,5.5,10.55,11,48,48,5.05,55,25.23,8,3.67,33,15.14,2,0.92,0,0,0,0,0,0,3,1.38,0,0,0,0,0,0,1,2,1,0.46,1,0.46,0.92,1,0.46,1,0.46,0,0,0.46,23,12,5.5,10.55,11,5.05,0,0,0,0,0,0,1,0.46,0,0,1,0.46,1,0.46,0,0,2,0.92,196,0,0,70,70,74,33.94,0,0,0,0,0,0,0,0,0,0,0,0,0,0,0,0,0,0,0,0,14,6.42,12,5.5,0,0,8,2,0.92,3.67,10,4.59,0,0,1,0.46,33,15.14,0,0,0,0,0,0,0,0,0,0,0,0,0,0,0,0,2,0.92,3,1.38,5,5,2,0.92,0,0,2,0.92,1,0.46,1,0.46,3,1.38,2,0.92,2,0.92,0,0,0,0,7,3.21,52,23.85,39,17.89,20,9.17,49,22.48,0,0,5,2.29,0,0,4,1.83,9,4.13,5,2.29,0,0,1,0.46,0,0,1,0.46,1,0.46,2,0.92,4,1.83,39,17.89,78,35.78,0,0,5,2.29,56,25.69,5,2.29,4,1.83,22,10.09,130,59.63,1,0.46,4,1.83,1,0.46,3,1.38,2,0.92,5,2.29,22,10.09,4,1.83,17,7.8,0,0,0,0,1,0.46,356,16
a2k2lwf4oqscgvolx9jz7vmdw,Alan Daniel Vázquez Barreto,A. Vázquez,Goalkeeper,Venezuela Under 17,69sjf8bi2ak0q2058eaz8tqfm,2025-11-17T16:03:21Z,270,3,Goalkeepers,gk,gk,1,1,0,0,0.33,1,0.33,3,1,0,0,0,0,0,0,0,0,0,0,0,0,22,7.33,1,0.33,0,0,1,0.33,0,0,0,0,0,0,0,0,0,0,0,0,0,0,0,0,0,0,0,0,1,0,0,0.33,1,100,100,0.33,0,0,0,0,48,16,0,0,0,0,20,6.67,0,0,3,1,0,0,8,2.67,0,0,0,3,2,0.67,1,0.33,1,0,0,0,0,0,0,0,0,0,0,0,0,0,0,0,0,0,0,0,0,0,0,0,0,0,0,0,0,0,26,8.67,0,0,0,80,80,79,26.33,0,0,0,0,0,0,0,0,1,0.33,0,0,0,0,0,0,0,1,0.33,0,17,5.67,6,2,2,0.67,0,0,0,0,29,9.67,0,0,0,0,23,7.67,13,7,2.33,6,2,4.33,0,0,0,0,4,1.33,0,0,0,0,0,0,0,0,0,0,3,1,0,0,0,0,0,0,0,0,0,0,0,0,0,0,2,0.67,0,0,14,4.67,63,21,6,2,71,23.67,63,21,0,0,0,0,0,0,0,0,0,0,0,0,0,0,0,0,3,1,0,0,6,2,0,0,0,0,20,6.67,97,32.33,0,0,0,0,77,25.67,0,0,0,0,20,6.67,129,43,0,0,0,0,0,0,0,0,7,2.33,15,5,10,3.33,10,3.33,5,1.67,0,0,0,0,0,0,357,1
45x1fi7jqz4au3lkjkevwnrbo,Kaden Elliot Braithwaite,K. Braithwaite,Defender,England Under 17,4p54fnh38jynbaf542rfs0146,2025-11-25T16:46:27Z,450,5,Center Backs,cb,"lb,cb",2,7,4,0.8,1.4,3,0.6,5,1,0,0,0,0,0,0,20,4,0,0,4,0.8,93,18.6,0,0,3,0.6,2,0.4,0,0,0,0,0,0,0,0,0,0,0,0,0,0,0,0,50,50,0,0,26,15,3,5.2,11,42,42,2.2,15,3,24,4.8,85,17,2,0.4,0,0,10,2,0,0,5,1,0,0,10,2,0,0,0,8,6,1.2,2,0.4,1.6,0,0,0,0,0,0,0,19,11,2.2,3.8,8,1.6,0,0,0,0,0,0,0,0,4,0.8,3,0.6,0,0,0,0,30,6,0,0,0,88,88,248,49.6,0,0,0,0,0,0,1,0.2,0,0,0,0,0,0,0,0,0,1,0.2,0,58,11.6,10,2,0,0,4,1,0.2,0.8,14,2.8,0,0,0,0,131,26.2,0,0,0,0,0,0,0,0,0,0,0,0,0,0,0,0,0,0,0,0,0,0,5,1,0,0,0,0,0,0,0,0,0,0,0,0,2,0.4,4,0.8,0,0,20,4,217,43.4,82,16.4,153,30.6,215,43,2,0.4,4,0.8,0,0,1,0.2,6,1.2,2,0.4,0,0,0,0,0,0,0,0,26,5.2,4,0.8,0,0,38,7.6,266,53.2,0,0,0,0,235,47,6,1.2,1,0.2,31,6.2,332,66.4,0,0,0,0,0,0,2,0.4,10,2,20,4,20,4,11,2.2,11,2.2,0,0,0,0,0,0,362,15
7t9sy750fvi5vmto3uf4dzyfo,Bradley-Paul Burrowes,B. Burrowes,Midfielder,England Under 17,4p54fnh38jynbaf542rfs0146,2025-11-25T16:46:27Z,405,4.5,Wingers,rm,"rb,rm",2,0,0,0,0,0,0,5,1.11,1,0.22,0,0,0,0,29,6.44,1,0.22,1,0.22,41,9.11,0,0,6,1.33,2,0.44,0,0,0,0,0,0,1,0.22,0,0,0,0,0,0,6,1.33,40,40,0,0,40,21,4.67,8.89,19,48,48,4.22,77,17.11,6,1.33,30,6.67,3,0.67,0,0,0,0,0,0,5,1.11,1,0.22,0,0,0,0,0,7,5,1.11,2,0.44,1.56,0,0,0,0,0,0,0,40,21,4.67,8.89,19,4.22,0,0,0,0,0,0,0,0,1,0.22,5,1.11,0,0,0,0,25,5.56,0,0,0,82,82,90,20,0,0,1,0.22,0,0,0,0,0,0,0,0,0,0,0,0,0,1,0.22,0,29,6.44,12,2.67,0,0,6,4,0.89,1.33,13,2.89,0,0,0,0,7,1.56,0,0,0,0,0,0,0,0,0,0,0,0,0,0,0,0,2,0.44,0,0,0,0,4,0.89,0,0,0,0,1,0.22,0,0,4,0.89,4,0.89,4,0.89,2,0.44,0,0,3,0.67,74,16.44,53,11.78,26,5.78,72,16,2,0.44,5,1.11,0,0,6,1.33,8,1.78,12,2.67,2,0.44,0,0,0,0,0,0,6,1.33,7,1.56,8,1.78,58,12.89,91,20.22,0,0,2,0.44,75,16.67,7,1.56,13,2.89,16,3.56,184,40.89,0,0,13,2.89,13,2.89,6,1.33,0,0,1,0.22,26,5.78,3,0.67,15,3.33,0,0,0,0,1,0.22,363,12
49mpr4p1v68mf42ooylre40lw,Chizaram Nathan-Rowland Ezenwata,C. Ezenwata,Forward,England Under 17,4p54fnh38jynbaf542rfs0146,2025-11-25T16:46:27Z,177,1.97,Strikers,st,st,1,7,4,2.03,3.55,3,1.52,4,2.03,0,0,0,0,0,0,7,3.55,1,0.51,0,0,16,8.12,0,0,3,1.52,0,0,0,0,38,38,0,0,2,1.02,0,0,0,0,0,0,3,1.52,67,67,0,0,26,12,6.09,13.2,14,54,54,7.11,47,23.86,0,0,11,5.58,1,0.51,0,0,0,0,0,0,4,2.03,0,0,0,0,0,0,3,1,1,0.51,0,0,0.51,3,1.52,3,1.52,0,0,1.52,19,8,4.06,9.64,11,5.58,0,0,0,0,0,0,3,1.52,3,1.52,3,1.52,0,0,0,0,9,4.57,59,0,0,68,68,31,15.74,0,0,0,0,0,0,0,0,0,0,0,0,0,0,0,0,0,0,0,0,9,4.57,2,1.02,0,0,1,0,0,0.51,10,5.08,0,0,3,1.52,4,2.03,0,0,0,0,0,0,0,0,0,0,0,0,0,0,0,0,5,2.54,3,1.52,3,3,2,1.02,0,0,2,1.02,2,1.02,0,0,1,0.51,1,0.51,4,2.03,0,0,4,2.03,0,0,21,10.66,20,10.15,2,1.02,21,10.66,0,0,2,1.02,0,0,0,0,1,0.51,5,2.54,0,0,3,1.52,0,0,3,1.52,1,0.51,3,1.52,5,2.54,23,11.68,31,15.74,0,0,8,4.06,21,10.66,2,1.02,12,6.09,10,5.08,76,38.58,0,0,1,0.51,1,0.51,2,1.02,0,0,0,0,11,5.58,0,0,10,5.08,0,0,0,0,1,0.51,370,18
63h9n39ir7zomgxldd4a8rv2s,Malachi John Hardy,M. Hardy,Defender,England Under 17,4p54fnh38jynbaf542rfs0146,2025-11-25T16:46:27Z,103,1.14,Center Backs,cb,cb,1,4,2,1.75,3.51,2,1.75,2,1.75,0,0,0,0,0,0,6,5.26,0,0,0,0,16,14.04,0,0,0,0,0,0,0,0,0,0,0,0,0,0,0,0,0,0,0,0,0,0,0,0,0,0,5,2,1.75,4.39,3,60,60,2.63,0,0,3,2.63,21,18.42,0,0,0,0,0,0,0,0,2,1.75,0,0,0,0,0,0,0,3,1,0.88,2,1.75,2.63,0,0,0,0,0,0,0,1,0,0,0.88,1,0.88,0,0,0,0,0,0,0,0,1,0.88,0,0,0,0,0,0,19,16.67,0,0,0,85,85,52,45.61,0,0,0,0,0,0,0,0,0,0,0,0,0,0,0,0,0,0,0,0,6,5.26,4,3.51,0,0,0,0,0,0,5,4.39,0,0,0,0,7,6.14,0,0,0,0,0,0,0,0,0,0,0,0,0,0,0,0,0,0,0,0,0,0,1,0.88,0,0,0,0,1,0.88,0,0,0,0,0,0,0,0,0,0,0,0,2,1.75,44,38.6,12,10.53,33,28.95,43,37.72,0,0,1,0.88,0,0,0,0,0,0,0,0,0,0,0,0,0,0,0,0,6,5.26,0,0,0,0,8,7.02,53,46.49,0,0,0,0,45,39.47,1,0.88,0,0,8,7.02,62,54.39,0,0,0,0,0,0,0,0,2,1.75,5,4.39,6,5.26,2,1.75,3,2.63,0,0,0,0,0,0,373,3
8bhjh6xeuboo9fz0zq3mzs2dw,Dante Ferdinand Headley,D. Headley,Defender,England Under 17,4p54fnh38jynbaf542rfs0146,2025-11-25T16:46:27Z,330,3.67,Full Backs,rb,rb,1,7,4,1.09,1.91,3,0.82,4,1.09,1,0.27,0,0,0,0,32,8.72,0,0,2,0.54,30,8.17,0,0,3,0.82,2,0.54,0,0,0,0,0,0,0,0,0,0,0,0,0,0,2,0.54,67,67,0,0,26,11,3,7.08,15,58,58,4.09,31,8.45,14,3.81,40,10.9,1,0.27,0,0,0,0,0,0,4,1.09,1,0.27,0,0,0,0,0,2,2,0.54,0,0,0.54,0,0,0,0,0,0,0,19,7,1.91,5.18,12,3.27,0,0,0,0,0,0,0,0,6,1.63,2,0.54,0,0,0,0,51,13.9,0,0,0,84,84,121,32.97,0,0,1,0.27,0,0,0,0,0,0,0,0,0,0,0,0,0,0,0,0,19,5.18,16,4.36,0,0,2,2,0.54,0.54,16,4.36,0,0,0,0,5,1.36,0,0,0,0,0,0,0,0,0,0,0,0,0,0,0,0,0,0,0,0,0,0,4,1.09,0,0,1,0.27,0,0,0,0,2,0.54,2,0.54,2,0.54,0,0,0,0,6,1.63,102,27.79,49,13.35,61,16.62,102,27.79,1,0.27,4,1.09,0,0,10,2.72,15,4.09,3,0.82,2,0.54,0,0,0,0,0,0,11,3,1,0.27,5,1.36,40,10.9,128,34.88,0,0,0,0,108,29.43,5,1.36,0,0,20,5.45,204,55.59,0,0,4,1.09,4,1.09,1,0.27,3,0.82,7,1.91,21,5.72,3,0.82,13,3.54,0,0,0,0,0,0,374,2
3bxaxaw6l2s6nzukgtfup3pqs,Reigan William Stephen Heskey,R. Heskey,Forward,England Under 17,4p54fnh38jynbaf542rfs0146,2025-11-25T16:46:27Z,424,4.71,Wingers,lm,"lw,lm",2,5,5,1.06,1.06,0,0,5,1.06,3,0.64,0,0,3,0.64,20,4.25,4,0.85,0,0,63,13.38,0,0,9,1.91,1,0.21,0,0,27,27,4,0.85,5,1.06,0,0,0,0,0,0,6,1.27,54,54,0,0,62,31,6.58,13.16,31,50,50,6.58,130,27.6,7,1.49,39,8.28,1,0.21,1,0.21,0,0,0,0,5,1.06,3,0.64,0,0,0,0,4,7,5,1.06,2,0.42,1.49,3,0.64,3,0.64,1,0.21,0.85,57,26,5.52,12.1,31,6.58,0,0,1,0.21,0,0,1,0.21,3,0.64,6,1.27,0,0,0,0,5,1.06,106,0,0,71,71,107,22.72,0,0,2,0.42,0,0,0,0,0,0,0,0,0,0,2,0.42,1,1,0.21,0.21,31,6.58,22,4.67,0,0,3,1,0.21,0.64,20,4.25,0,0,3,0.64,44,9.34,0,0,0,0,0,0,0,0,0,0,0,0,0,0,0,0,6,1.27,9,1.91,4,4,5,1.06,0,0,4,0.85,0,0,1,0.21,1,0.21,0,0,14,2.97,0,0,0,0,0,0,76,16.14,65,13.8,13,2.76,77,16.35,2,0.42,6,1.27,2,0.42,0,0,3,0.64,18,3.82,3,0.64,2,0.42,0,0,3,0.64,5,1.06,4,0.85,9,1.91,64,13.59,108,22.93,0,0,15,3.18,77,16.35,8,1.7,36,7.64,31,6.58,211,44.8,2,0.42,5,1.06,3,0.64,12,2.55,1,0.21,4,0.85,32,6.79,4,0.85,27,5.73,1,0.21,2,0.42,0,0,375,14
3wgqz1w42vny9fo4uh3iw0ydw,Bendito Boanova Mantato,B. Mantato,Midfielder,England Under 17,4p54fnh38jynbaf542rfs0146,2025-11-25T16:46:27Z,364,4.04,Full Backs,lb,lb,1,7,2,0.5,1.73,5,1.24,5,1.24,2,0.5,0,0,0,0,27,6.68,0,0,1,0.25,29,7.18,0,0,5,1.24,2,0.5,0,0,0,0,0,0,1,0.25,0,0,0,0,0,0,2,0.5,43,43,0,0,35,17,4.21,8.66,18,51,51,4.46,52,12.87,15,3.71,49,12.13,0,0,0,0,0,0,0,0,5,1.24,2,0.5,0,0,0,0,0,4,4,0.99,0,0,0.99,0,0,0,0,0,0,0,28,15,3.71,6.93,13,3.22,0,0,0,0,0,0,0,0,4,0.99,3,0.74,0,0,0,0,3,0.74,0,0,0,83,83,118,29.21,0,0,0,0,0,0,0,0,0,0,0,0,0,0,0,0,0,1,0.25,0,18,4.46,18,4.46,0,0,6,3,0.74,1.49,14,3.47,0,0,0,0,44,10.89,0,0,0,0,0,0,0,0,0,0,0,0,0,0,0,0,0,0,0,0,0,0,4,0.99,0,0,1,0.25,1,0.25,0,0,3,0.74,3,0.74,3,0.74,0,0,0,0,3,0.74,98,24.26,51,12.62,55,13.61,100,24.75,1,0.25,5,1.24,0,0,0,0,31,7.67,6,1.49,3,0.74,0,0,0,0,0,0,15,3.71,4,0.99,4,0.99,37,9.16,123,30.45,0,0,0,0,103,25.5,6,1.49,2,0.5,20,4.95,216,53.47,0,0,3,0.74,3,0.74,4,0.99,5,1.24,7,1.73,15,3.71,8,1.98,13,3.22,1,0.25,0,0,0,0,380,16
aqvs12aqh0uczvrdi9cn02v4k,Ryan Kelly McAidoo,R. McAidoo,Forward,England Under 17,4p54fnh38jynbaf542rfs0146,2025-11-25T16:46:27Z,153,1.7,Wingers,rw,rw,1,4,3,1.76,2.35,1,0.59,4,2.35,0,0,0,0,0,0,10,5.88,1,0.59,0,0,26,15.29,0,0,2,1.18,0,0,0,0,0,0,4,2.35,2,1.18,0,0,0,0,0,0,4,2.35,83,83,0,0,26,12,7.06,15.29,14,54,54,8.24,33,19.41,6,3.53,10,5.88,1,0.59,0,0,0,0,0,0,4,2.35,0,0,0,0,0,0,0,6,4,2.35,2,1.18,3.53,0,0,0,0,0,0,0,22,9,5.29,12.94,13,7.65,0,0,0,0,0,0,0,0,2,1.18,2,1.18,0,0,0,0,16,9.41,0,0,0,86,86,37,21.76,0,0,0,0,0,0,0,0,0,0,0,0,0,0,0,0,0,0,0,0,13,7.65,4,2.35,0,0,3,2,1.18,1.76,8,4.71,0,0,0,0,1,0.59,0,0,0,0,0,0,0,0,0,0,0,0,0,0,0,0,0,0,1,0.59,0,0,2,1.18,0,0,1,0.59,2,1.18,1,0.59,1,0.59,0,0,5,2.94,0,0,0,0,0,0,32,18.82,22,12.94,11,6.47,32,18.82,2,1.18,1,0.59,0,0,0,0,3,1.76,5,2.94,0,0,0,0,0,0,0,0,2,1.18,3,1.76,5,2.94,22,12.94,37,21.76,0,0,1,0.59,32,18.82,3,1.76,0,0,5,2.94,81,47.65,3,1.76,4,2.35,1,0.59,1,0.59,0,0,1,0.59,6,3.53,3,1.76,4,2.35,0,0,0,0,0,0,381,7
dcjtaiklt5s2jy244gabn0w7o,Harrison Frank Miles,H. Miles,Midfielder,England Under 17,4p54fnh38jynbaf542rfs0146,2025-11-25T16:46:27Z,195,2.17,Midfielders,dm,dm,1,1,0,0,0.46,1,0.46,5,2.3,0,0,0,0,1,0.46,21,9.68,1,0.46,2,0.92,30,13.82,0,0,6,2.76,0,0,0,0,33,33,10,4.61,1,0.46,0,0,0,0,0,0,3,1.38,100,100,0,0,25,9,4.15,11.52,16,64,64,7.37,41,18.89,17,7.83,34,15.67,2,0.92,0,0,0,0,0,0,5,2.3,0,0,0,0,0,0,1,3,1,0.46,2,0.92,1.38,1,0.46,1,0.46,0,0,0.46,24,9,4.15,11.06,15,6.91,0,0,0,0,1,0.46,0,0,0,0,6,2.76,0,0,0,0,28,12.9,195,1,0.46,82,82,113,52.07,0,0,0,0,0,0,0,0,0,0,0,0,0,0,0,0,0,0,0,0,12,5.53,4,1.84,0,0,5,3,1.38,2.3,8,3.69,0,0,1,0.46,39,17.97,0,0,0,0,0,0,0,0,0,0,0,0,0,0,0,0,2,0.92,1,0.46,3,3,2,0.92,0,0,2,0.92,3,1.38,2,0.92,2,0.92,0,0,4,1.84,0,0,2,0.92,6,2.76,93,42.86,53,24.42,49,22.58,94,43.32,4,1.84,4,1.84,0,0,0,0,0,0,3,1.38,1,0.46,0,0,0,0,1,0.46,6,2.76,5,2.3,3,1.38,35,16.13,122,56.22,0,0,3,1.38,100,46.08,8,3.69,4,1.84,22,10.14,170,78.34,4,1.84,7,3.23,0,0,0,0,2,0.92,6,2.76,26,11.98,3,1.38,16,7.37,0,0,0,0,0,0,382,4
522d5pdvtzmtpqaanix9oejh0,Louis Donald Page,L. Page,Midfielder,England Under 17,4p54fnh38jynbaf542rfs0146,2025-11-25T16:46:27Z,291,3.23,Midfielders,dm,"cm,dm",2,3,1,0.31,0.93,2,0.62,4,1.24,0,0,0,0,0,0,15,4.64,1,0.31,2,0.62,27,8.36,0,0,0,0,1,0.31,0,0,0,0,1,0.31,1,0.31,0,0,0,0,0,0,3,0.93,33,33,0,0,23,11,3.41,7.12,12,52,52,3.72,21,6.5,13,4.02,47,14.55,1,0.31,0,0,0,0,0,0,4,1.24,0,0,0,0,0,0,0,5,3,0.93,2,0.62,1.55,0,0,0,0,0,0,0,20,10,3.1,6.19,10,3.1,0,0,0,0,0,0,0,0,2,0.62,0,0,0,0,0,0,21,6.5,0,0,0,75,75,107,33.13,0,0,0,0,0,0,0,0,0,0,0,0,0,0,0,0,0,1,0.31,0,12,3.72,6,1.86,0,0,5,4,1.24,1.55,19,5.88,0,0,0,0,29,8.98,0,0,0,0,0,0,0,0,0,0,0,0,0,0,0,0,1,0.31,2,0.62,0,0,3,0.93,0,0,2,0.62,1,0.31,0,0,0,0,0,0,1,0.31,4,1.24,0,0,6,1.86,80,24.77,50,15.48,35,10.84,79,24.46,2,0.62,5,1.55,1,0.31,0,0,0,0,5,1.55,0,0,1,0.31,0,0,0,0,1,0.31,4,1.24,2,0.62,35,10.84,112,34.67,0,0,3,0.93,85,26.32,7,2.17,2,0.62,27,8.36,149,46.13,1,0.31,2,0.62,0,0,2,0.62,9,2.79,14,4.33,24,7.43,5,1.55,13,4.02,1,0.31,0,0,1,0.31,384,20
m83pclxncibgnpto85y82bdg,Jack Kenny Porter,J. Porter,Goalkeeper,England Under 17,4p54fnh38jynbaf542rfs0146,2025-11-25T16:46:27Z,450,5,Goalkeepers,gk,gk,1,2,0,0,0.4,2,0.4,5,1,0,0,0,0,0,0,0,0,0,0,0,0,21,4.2,1,0.2,0,0,2,0.4,0,0,0,0,0,0,0,0,0,0,0,0,0,0,0,0,0,0,0,0,3,0,0,0.6,3,100,100,0.6,0,0,2,0.4,94,18.8,0,0,0,0,27,5.4,5,1,5,1,0,0,19,3.8,0,0,0,8,6,1.2,2,0.4,1.6,0,0,0,0,0,0,0,1,0,0,0.2,1,0.2,0,0,0,0,0,0,0,0,0,0,0,0,0,0,0,0,42,8.4,0,0,0,80,80,128,25.6,0,0,0,0,0,0,0,0,1,0.2,0,0,0,0,0,0,0,1,0.2,0,11,2.2,11,2.2,2,0.4,0,0,0,0,31,6.2,0,0,0,0,26,5.2,22,11,2.2,11,2.2,4.4,0,0,1,0.2,6,1.2,0,0,0,0,0,0,0,0,0,0,5,1,0,0,0,0,0,0,0,0,0,0,0,0,0,0,14,2.8,0,0,28,5.6,103,20.6,17,3.4,111,22.2,100,20,0,0,0,0,0,0,0,0,0,0,0,0,0,0,0,0,2,0.4,0,0,8,1.6,0,0,1,0.2,34,6.8,162,32.4,0,0,0,0,128,25.6,0,0,0,0,34,6.8,207,41.4,0,0,0,0,0,0,0,0,24,4.8,34,6.8,27,5.4,7,1.4,0,0,0,0,0,0,0,0,385,1
8bb4dcgarub91hlteyqlh0phw,Seth Somapalan Ridgeon,S. Ridgeon,Midfielder,England Under 17,4p54fnh38jynbaf542rfs0146,2025-11-25T16:46:27Z,407,4.52,Midfielders,cm,"cm,dm",2,8,4,0.88,1.77,4,0.88,5,1.11,0,0,0,0,0,0,23,5.09,0,0,2,0.44,42,9.29,0,0,4,0.88,1,0.22,0,0,0,0,0,0,1,0.22,0,0,0,0,0,0,1,0.22,80,80,0,0,41,15,3.32,9.07,26,63,63,5.75,54,11.95,12,2.65,38,8.41,2,0.44,0,0,0,0,0,0,5,1.11,0,0,0,0,0,0,0,8,6,1.33,2,0.44,1.77,0,0,0,0,0,0,0,33,11,2.43,7.3,22,4.87,1,0.22,0,0,1,0.22,0,0,9,1.99,4,0.88,0,0,0,0,27,5.97,0,1,0.22,75,75,116,25.66,0,0,0,0,0,0,0,0,0,0,0,0,0,0,0,0,0,1,0.22,0,21,4.65,8,1.77,0,0,10,6,1.33,2.21,28,6.19,0,0,0,0,34,7.52,0,0,0,0,0,0,0,0,0,0,0,0,0,0,0,0,1,0.22,3,0.66,0,0,5,1.11,0,0,2,0.44,0,0,0,0,0,0,0,0,4,0.88,1,0.22,3,0.66,3,0.66,87,19.25,42,9.29,51,11.28,90,19.91,3,0.66,9,1.99,1,0.22,0,0,1,0.22,2,0.44,1,0.22,2,0.44,0,0,0,0,2,0.44,7,1.55,6,1.33,44,9.73,122,26.99,0,0,4,0.88,93,20.58,12,2.65,11,2.43,29,6.42,191,42.26,0,0,6,1.33,6,1.33,1,0.22,1,0.22,4,0.88,28,6.19,7,1.55,25,5.53,1,0.22,0,0,1,0.22,386,8
baco6bgi0j62n647ics2qr8k4,Alejandro Jesús Gomes Rodri?guez,A. Rodri?guez,Forward,England Under 17,4p54fnh38jynbaf542rfs0146,2025-11-25T16:46:27Z,241,2.68,Strikers,st,st,1,12,9,3.36,4.48,3,1.12,5,1.87,0,0,1,0.37,0,0,14,5.22,1,0.37,0,0,27,10.07,0,0,4,1.49,0,0,0,0,11,11,0,0,5,1.87,0,0,0,0,0,0,6,2.24,50,50,0,0,44,33,12.31,16.42,11,25,25,4.1,52,19.4,1,0.37,5,1.87,5,1.87,0,0,0,0,0,0,5,1.87,0,0,0,0,0,0,1,5,3,1.12,2,0.75,1.87,1,0.37,1,0.37,0,0,0.37,32,24,8.96,11.94,8,2.99,1,0.37,0,0,1,0.37,1,0.37,1,0.37,4,1.49,0,0,0,0,6,2.24,241,1,0.37,86,86,29,10.82,0,0,3,1.12,0,0,0,0,0,0,0,0,0,0,0,0,0,0,0,0,15,5.6,2,0.75,0,0,1,1,0.37,0.37,4,1.49,0,0,1,0.37,11,4.1,0,0,0,0,0,0,0,0,0,0,0,0,0,0,0,0,4,1.49,5,1.87,9,9,3,1.12,1,0.37,1,0.37,2,0.75,0,0,1,0.37,1,0.37,5,1.87,0,0,1,0.37,1,0.37,25,9.33,20,7.46,13,4.85,31,11.57,0,0,1,0.37,0,0,0,0,0,0,11,4.1,0,0,1,0.37,0,0,1,0.37,0,0,12,4.48,2,0.75,31,11.57,36,13.43,1,0.37,9,3.36,32,11.94,1,0.37,17,6.34,4,1.49,95,35.45,0,0,0,0,0,0,5,1.87,0,0,0,0,3,1.12,1,0.37,4,1.49,1,0.37,0,0,1,0.37,387,9
38yuann9trg77mrnj74ygkyz8,Freddie James Simmonds,F. Simmonds,Defender,England Under 17,4p54fnh38jynbaf542rfs0146,2025-11-25T16:46:27Z,416,4.62,Center Backs,cb,cb,1,16,7,1.52,3.46,9,1.95,5,1.08,0,0,0,0,0,0,19,4.11,0,0,7,1.52,80,17.32,0,0,1,0.22,1,0.22,1,0.22,0,0,0,0,0,0,0,0,0,0,0,0,0,0,100,100,0,0,32,14,3.03,6.93,18,56,56,3.9,4,0.87,10,2.16,92,19.91,0,0,0,0,3,0.65,0,0,5,1.08,0,0,3,0.65,0,0,0,7,5,1.08,2,0.43,1.52,0,0,0,0,0,0,0,16,7,1.52,3.46,9,1.95,0,0,0,0,0,0,0,0,3,0.65,1,0.22,0,0,0,0,80,17.32,0,0,0,91,91,223,48.27,0,0,0,0,0,0,0,0,0,0,0,0,0,0,0,0,0,1,0.22,0,25,5.41,10,2.16,0,0,0,0,0,0,11,2.38,0,0,0,0,42,9.09,0,0,0,0,0,0,0,0,0,0,0,0,0,0,0,0,1,0.22,0,0,0,0,5,1.08,0,0,2,0.43,0,0,0,0,0,0,0,0,1,0.22,5,1.08,0,0,8,1.73,203,43.94,61,13.2,152,32.9,205,44.37,1,0.22,4,0.87,0,0,0,0,0,0,0,0,0,0,1,0.22,0,0,0,0,24,5.19,4,0.87,3,0.65,22,4.76,233,50.43,0,0,1,0.22,213,46.1,5,1.08,4,0.87,20,4.33,283,61.26,0,0,0,0,0,0,0,0,5,1.08,8,1.73,15,3.25,5,1.08,12,2.6,0,0,0,0,1,0.22,390,6
el8asgbjqbtvu9dcpyv9d668k,Reggie Spencer Walsh,R. Walsh,Midfielder,England Under 17,4p54fnh38jynbaf542rfs0146,2025-11-25T16:46:27Z,135,1.5,Midfielders,dm,dm,1,0,0,0,0,0,0,4,2.67,1,0.67,1,0.67,0,0,26,17.33,1,0.67,1,0.67,31,20.67,0,0,2,1.33,0,0,0,0,33,33,3,2,2,1.33,0,0,0,0,0,0,1,0.67,33,33,0,0,13,6,4,8.67,7,54,54,4.67,29,19.33,8,5.33,18,12,0,0,0,0,0,0,0,0,4,2.67,1,0.67,0,0,0,0,1,4,4,2.67,0,0,2.67,1,0.67,1,0.67,0,0,0.67,13,6,4,8.67,7,4.67,1,0.67,0,0,0,0,1,0.67,0,0,1,0.67,0,0,1,0.67,21,14,135,0,0,90,90,81,54,0,0,0,0,0,0,0,0,0,0,0,0,0,0,0,0,0,1,0.67,0,14,9.33,4,2.67,0,0,2,0,0,1.33,8,5.33,0,0,0,0,21,14,0,0,0,0,0,0,0,0,0,0,0,0,0,0,0,0,1,0.67,2,1.33,3,3,1,0.67,0,0,0,0,3,2,0,0,0,0,0,0,1,0.67,0,0,5,3.33,4,2.67,73,48.67,38,25.33,40,26.67,74,49.33,2,1.33,1,0.67,1,0.67,0,0,0,0,3,2,2,1.33,0,0,0,0,0,0,0,0,3,2,3,2,14,9.33,86,57.33,0,0,3,2,78,52,3,2,7,4.67,8,5.33,108,72,2,1.33,3,2,0,0,2,1.33,0,0,0,0,9,6,2,1.33,8,5.33,0,0,0,0,0,0,397,19
2wi1g2fjcgxsm2gqkyj6jh9n8,Lucá Jamie Williams-Barnett,L. Williams-Barnett,Midfielder,England Under 17,4p54fnh38jynbaf542rfs0146,2025-11-25T16:46:27Z,309,3.43,Midfielders,cm,"cm,am",2,4,3,0.87,1.17,1,0.29,5,1.46,1,0.29,2,0.58,0,0,16,4.66,1,0.29,1,0.29,51,14.87,0,0,6,1.75,0,0,0,0,17,17,1,0.29,3,0.87,0,0,0,0,0,0,9,2.62,63,63,0,0,62,29,8.45,18.08,33,53,53,9.62,100,29.15,3,0.87,18,5.25,3,0.87,1,0.29,0,0,0,0,5,1.46,1,0.29,0,0,0,0,2,3,3,0.87,0,0,0.87,2,0.58,2,0.58,0,0,0.58,58,26,7.58,16.91,32,9.33,0,0,0,0,0,0,2,0.58,1,0.29,5,1.46,0,0,0,0,12,3.5,154,2,0.58,74,74,68,19.83,0,0,2,0.58,0,0,0,0,0,0,0,0,0,0,0,0,0,0,0,0,30,8.75,9,2.62,0,0,6,3,0.87,1.75,22,6.41,0,0,2,0.58,25,7.29,0,0,0,0,0,0,0,0,0,0,0,0,1,0.29,0,0,8,2.33,4,1.17,6,6,4,1.17,0,0,4,1.17,1,0.29,0,0,0,0,0,0,17,4.96,0,0,4,1.17,5,1.46,50,14.58,40,11.66,13,3.79,48,13.99,3,0.87,3,0.87,2,0.58,0,0,0,0,19,5.54,3,0.87,0,0,0,0,2,0.58,1,0.29,5,1.46,9,2.62,58,16.91,71,20.7,0,0,12,3.5,53,15.45,6,1.75,28,8.16,18,5.25,173,50.44,0,0,4,1.17,1,0.29,10,2.92,0,0,1,0.29,20,5.83,2,0.58,17,4.96,1,0.29,0,0,0,0,400,10
ek6tc73pmwsth1ff2hz5hzqj8,Abdelaziz Ibrahim Abdelaziz A. El Zoghby,Abdelaziz El Zoghbi,Forward,Egypt Under 17,dofxw7aqs1dcxkl8lznyn7dys,2025-11-17T10:37:10Z,281,3.12,Wingers,rm,rm,1,14,11,3.53,4.49,3,0.96,4,1.28,0,0,0,0,1,0.32,16,5.13,1,0.32,0,0,24,7.69,0,0,4,1.28,0,0,0,0,12,12,0,0,2,0.64,0,0,0,0,0,0,4,1.28,54,54,0,0,46,28,8.97,14.74,18,39,39,5.77,62,19.87,2,0.64,13,4.17,2,0.64,0,0,0,0,0,0,4,1.28,0,0,0,0,0,0,1,7,5,1.6,2,0.64,2.24,1,0.32,1,0.32,0,0,0.32,32,17,5.45,10.26,15,4.81,0,0,0,0,0,0,0,0,1,0.32,4,1.28,0,0,1,0.32,9,2.88,281,0,0,65,65,51,16.35,0,0,0,0,0,0,0,0,0,0,0,0,0,0,0,0,0,0,0,0,15,4.81,4,1.28,0,0,5,3,0.96,1.6,8,2.56,0,0,0,0,13,4.17,0,0,0,0,0,0,0,0,0,0,0,0,0,0,0,0,4,1.28,4,1.28,8,8,3,0.96,0,0,3,0.96,1,0.32,0,0,2,0.64,2,0.64,7,2.24,1,0.32,1,0.32,1,0.32,33,10.58,26,8.33,9,2.88,32,10.26,2,0.64,4,1.28,0,0,0,0,0,0,10,3.21,2,0.64,3,0.96,0,0,0,0,2,0.64,3,0.96,2,0.64,43,13.78,51,16.35,0,0,8,2.56,33,10.58,6,1.92,18,5.77,18,5.77,116,37.18,0,0,1,0.32,1,0.32,6,1.92,0,0,0,0,16,5.13,3,0.96,18,5.77,1,0.32,1,0.32,0,0,403,17
83n54whbx09afayjsm5jhwg0k,Adham Farid Magdy Mahmoud El Sayed,Adham Farid,Defender,Egypt Under 17,dofxw7aqs1dcxkl8lznyn7dys,2025-11-17T10:37:10Z,195,2.17,Full Backs,rb,rb,1,4,1,0.46,1.84,3,1.38,3,1.38,1,0.46,0,0,0,0,7,3.23,0,0,1,0.46,12,5.53,0,0,1,0.46,0,0,0,0,0,0,0,0,1,0.46,0,0,0,0,0,0,1,0.46,50,50,0,0,21,9,4.15,9.68,12,57,57,5.53,17,7.83,6,2.76,20,9.22,1,0.46,0,0,0,0,0,0,3,1.38,1,0.46,0,0,0,0,0,3,1,0.46,2,0.92,1.38,0,0,0,0,0,0,0,17,8,3.69,7.83,9,4.15,0,0,0,0,0,0,0,0,1,0.46,0,0,0,0,0,0,15,6.91,0,0,0,60,60,40,18.43,0,0,0,0,0,0,0,0,0,0,0,0,0,0,0,0,0,0,0,0,6,2.76,9,4.15,0,0,3,1,0.46,1.38,7,3.23,0,0,0,0,0,0,0,0,0,0,0,0,0,0,0,0,0,0,1,0.46,0,0,0,0,0,0,0,0,3,1.38,0,0,1,0.46,0,0,0,0,1,0.46,1,0.46,1,0.46,0,0,1,0.46,4,1.84,24,11.06,14,6.45,13,5.99,22,10.14,1,0.46,4,1.84,0,0,4,1.84,6,2.76,2,0.92,0,0,0,0,0,0,0,0,9,4.15,5,2.3,3,1.38,31,14.29,42,19.35,0,0,0,0,26,11.98,5,2.3,1,0.46,16,7.37,92,42.4,0,0,6,2.76,6,2.76,1,0.46,3,1.38,5,2.3,19,8.76,3,1.38,11,5.07,0,0,0,0,0,0,404,6
7cn8it2stgfgeylg258561gyc,Anas Roshdi El Sayed Mohamed Emam Ibrahim,Anas Roshdi,Forward,Egypt Under 17,dofxw7aqs1dcxkl8lznyn7dys,2025-11-17T10:37:10Z,150,1.67,Wingers,lm,lm,1,5,2,1.2,2.99,3,1.8,4,2.4,0,0,0,0,1,0.6,3,1.8,1,0.6,0,0,21,12.57,0,0,3,1.8,0,0,0,0,50,50,1,0.6,1,0.6,0,0,0,0,0,0,5,2.99,57,57,0,0,27,14,8.38,16.17,13,48,48,7.78,36,21.56,3,1.8,9,5.39,3,1.8,0,0,0,0,0,0,4,2.4,0,0,0,0,0,0,1,2,1,0.6,1,0.6,1.2,1,0.6,1,0.6,0,0,0.6,22,12,7.19,13.17,10,5.99,0,0,0,0,0,0,0,0,2,1.2,3,1.8,0,0,1,0.6,9,5.39,150,0,0,57,57,28,16.77,0,0,0,0,0,0,0,0,0,0,0,0,0,0,0,0,0,0,0,0,12,7.19,0,0,0,0,2,1,0.6,1.2,10,5.99,0,0,0,0,7,4.19,0,0,0,0,0,0,0,0,0,0,0,0,0,0,0,0,0,0,2,1.2,2,2,1,0.6,0,0,1,0.6,3,1.8,1,0.6,1,0.6,0,0,4,2.4,0,0,2,1.2,0,0,16,9.58,13,7.78,4,2.4,16,9.58,3,1.8,0,0,0,0,0,0,0,0,8,4.79,1,0.6,0,0,0,0,0,0,1,0.6,4,2.4,3,1.8,35,20.96,28,16.77,0,0,2,1.2,16,9.58,3,1.8,9,5.39,12,7.19,71,42.51,0,0,3,1.8,2,1.2,3,1.8,1,0.6,2,1.2,12,7.19,3,1.8,10,5.99,0,0,0,0,0,0,406,20
7hkwpz8tt1rre0maxwtte0t90,Basel Medhat Mohamed El Sayed Yaqout,Basel Medhat,Midfielder,Egypt Under 17,dofxw7aqs1dcxkl8lznyn7dys,2025-11-17T10:37:10Z,276,3.07,Midfielders,dm,dm,1,6,3,0.98,1.95,3,0.98,4,1.3,0,0,0,0,0,0,13,4.23,2,0.65,1,0.33,18,5.86,0,0,4,1.3,0,0,0,0,0,0,0,0,1,0.33,0,0,0,0,0,0,2,0.65,67,67,0,0,38,19,6.19,12.38,19,50,50,6.19,20,6.51,6,1.95,22,7.17,6,1.95,0,0,0,0,0,0,4,1.3,0,0,0,0,0,0,0,4,2,0.65,2,0.65,1.3,0,0,0,0,0,0,0,32,16,5.21,10.42,16,5.21,0,0,0,0,0,0,0,0,4,1.3,4,1.3,0,0,0,0,11,3.58,0,0,0,74,74,65,21.17,0,0,0,0,0,0,0,0,0,0,0,0,0,0,0,0,0,0,0,0,3,0.98,4,1.3,0,0,6,5,1.63,1.95,15,4.89,0,0,0,0,22,7.17,0,0,0,0,0,0,0,0,0,0,0,0,0,0,0,0,1,0.33,0,0,0,0,3,0.98,0,0,2,0.65,1,0.33,0,0,0,0,0,0,2,0.65,1,0.33,1,0.33,3,0.98,48,15.64,25,8.14,26,8.47,48,15.64,7,2.28,4,1.3,0,0,0,0,0,0,3,0.98,0,0,0,0,0,0,0,0,2,0.65,7,2.28,3,0.98,25,8.14,68,22.15,0,0,1,0.33,51,16.61,11,3.58,0,0,17,5.54,116,37.79,0,0,1,0.33,1,0.33,1,0.33,4,1.3,5,1.63,13,4.23,5,1.63,12,3.91,0,0,0,0,1,0.33,407,7
des2yqnnbmuayxv5rxhetmtxw,Belal Mohamed Ibrahim Attia M. Khalil,Belal Attia,Midfielder,Egypt Under 17,dofxw7aqs1dcxkl8lznyn7dys,2025-11-17T10:37:10Z,352,3.91,Midfielders,am,"lm,am",2,9,6,1.53,2.3,3,0.77,4,1.02,1,0.26,3,0.77,1,0.26,22,5.63,2,0.51,0,0,52,13.3,0,0,6,1.53,0,0,0,0,8,8,12,3.07,3,0.77,0,0,0,0,0,0,6,1.53,12,12,0,0,37,26,6.65,9.46,11,30,30,2.81,85,21.74,21,5.37,46,11.76,1,0.26,0,0,0,0,0,0,4,1.02,1,0.26,0,0,0,0,1,8,5,1.28,3,0.77,2.05,1,0.26,1,0.26,0,0,0.26,28,20,5.12,7.16,8,2.05,1,0.26,0,0,1,0.26,0,0,3,0.77,5,1.28,0,0,0,0,23,5.88,352,0,0,74,74,118,30.18,0,0,0,0,0,0,0,0,0,0,0,0,0,0,0,0,0,0,0,0,27,6.91,5,1.28,0,0,4,1,0.26,1.02,25,6.39,0,0,1,0.26,32,8.18,0,0,0,0,0,0,0,0,0,0,0,0,0,0,0,0,5,1.28,7,1.79,12,12,4,1.02,0,0,2,0.51,0,0,3,0.77,3,0.77,0,0,1,0.26,1,0.26,3,0.77,2,0.51,87,22.25,65,16.62,30,7.67,90,23.02,0,0,3,0.77,0,0,0,0,0,0,13,3.32,2,0.51,1,0.26,0,0,1,0.26,1,0.26,4,1.02,4,1.02,72,18.41,123,31.46,0,0,12,3.07,92,23.53,3,0.77,12,3.07,31,7.93,200,51.15,7,1.79,12,3.07,3,0.77,7,1.79,1,0.26,2,0.51,39,9.97,4,1.02,29,7.42,0,0,0,0,0,0,408,10
1m3kmmbxavzv5ih3t9cwal1qs,Hamza Mohamed Abdelkarim Selim,Hamza Abdel Karim,Forward,Egypt Under 17,dofxw7aqs1dcxkl8lznyn7dys,2025-11-17T10:37:10Z,349,3.88,Strikers,st,st,1,32,15,3.87,8.25,17,4.38,4,1.03,1,0.26,0,0,1,0.26,16,4.12,4,1.03,0,0,20,5.15,0,0,6,1.55,0,0,0,0,18,18,0,0,1,0.26,0,0,0,0,0,0,1,0.26,40,40,0,0,55,28,7.22,14.18,27,49,49,6.96,51,13.14,2,0.52,22,5.67,1,0.26,0,0,0,0,0,0,4,1.03,1,0.26,0,0,0,0,2,8,5,1.29,3,0.77,2.06,2,0.52,2,0.52,0,0,0.52,23,13,3.35,5.93,10,2.58,0,0,1,0.26,0,0,1,0.26,2,0.52,5,1.29,0,0,1,0.26,13,3.35,174,3,0.77,40,40,50,12.89,0,0,0,0,0,0,0,0,0,0,0,0,0,0,0,0,0,0,0,0,9,2.32,3,0.77,0,0,3,1,0.26,0.77,9,2.32,0,0,0,0,11,2.84,0,0,0,0,0,0,0,0,0,0,0,0,0,0,0,0,8,2.06,3,0.77,6,6,4,1.03,0,0,1,0.26,0,0,0,0,0,0,0,0,2,0.52,0,0,1,0.26,2,0.52,20,5.15,17,4.38,15,3.87,30,7.73,2,0.52,1,0.26,0,0,0,0,0,0,4,1.03,3,0.77,0,0,0,0,2,0.52,3,0.77,7,1.8,5,1.29,47,12.11,62,15.98,0,0,11,2.84,32,8.25,3,0.77,12,3.09,30,7.73,115,29.64,0,0,1,0.26,1,0.26,3,0.77,1,0.26,2,0.52,28,7.22,3,0.77,28,7.22,1,0.26,0,0,0,0,410,9
14twwq8hsn6v8vi2cy25wp15g,Hamza Ahmed Abdelaal Anwar Said,Hamza El Degawy,Defender,Egypt Under 17,dofxw7aqs1dcxkl8lznyn7dys,2025-11-17T10:37:10Z,360,4,Center Backs,cb,cb,1,7,3,0.75,1.75,4,1,4,1,0,0,0,0,0,0,18,4.5,0,0,2,0.5,60,15,0,0,1,0.25,0,0,0,0,0,0,0,0,0,0,0,0,0,0,0,0,0,0,0,0,0,0,32,11,2.75,8,21,66,66,5.25,2,0.5,14,3.5,64,16,1,0.25,0,0,0,0,0,0,4,1,0,0,0,0,0,0,0,8,5,1.25,3,0.75,2,0,0,0,0,0,0,0,25,8,2,6.25,17,4.25,0,0,0,0,0,0,0,0,6,1.5,1,0.25,1,0.25,0,0,65,16.25,0,1,0.25,76,76,157,39.25,0,0,1,0.25,0,0,0,0,0,0,0,0,0,0,0,0,0,0,0,0,32,8,11,2.75,0,0,6,3,0.75,1.5,26,6.5,0,0,0,0,20,5,0,0,0,0,0,0,0,0,0,0,0,0,0,0,0,0,0,0,0,0,0,0,4,1,0,0,0,0,0,0,0,0,1,0.25,1,0.25,0,0,6,1.5,0,0,21,5.25,120,30,45,11.25,86,21.5,109,27.25,3,0.75,12,3,0,0,0,0,0,0,0,0,0,0,0,0,0,0,0,0,22,5.5,2,0.5,2,0.5,41,10.25,167,41.75,0,0,0,0,130,32.5,15,3.75,0,0,37,9.25,225,56.25,0,0,1,0.25,1,0.25,0,0,13,3.25,21,5.25,27,6.75,11,2.75,16,4,0,0,0,0,0,0,411,4
89tx1zi98osb98ijpcjfh0efo,Ibrahim Amr Ibrahim El Sayed Zohir Atta,Ibrahim El Nagaawy,Forward,Egypt Under 17,dofxw7aqs1dcxkl8lznyn7dys,2025-11-17T10:37:10Z,216,2.4,Full Backs,rb,"rm,rb",2,11,5,2.08,4.58,6,2.5,4,1.67,0,0,0,0,0,0,7,2.92,1,0.42,0,0,20,8.33,0,0,3,1.25,0,0,0,0,0,0,0,0,2,0.83,0,0,0,0,0,0,0,0,43,43,0,0,38,18,7.5,15.83,20,53,53,8.33,31,12.92,3,1.25,18,7.5,1,0.42,0,0,0,0,0,0,4,1.67,0,0,0,0,0,0,0,6,4,1.67,2,0.83,2.5,0,0,0,0,0,0,0,27,13,5.42,11.25,14,5.83,0,0,0,0,0,0,0,0,1,0.42,3,1.25,0,0,0,0,20,8.33,0,2,0.83,69,69,48,20,0,0,1,0.42,0,0,1,0.42,0,0,0,0,0,0,0,0,0,0,0,0,12,5,8,3.33,0,0,5,1,0.42,2.08,8,3.33,0,0,0,0,4,1.67,0,0,0,0,0,0,0,0,0,0,0,0,0,0,0,0,1,0.42,0,0,0,0,2,0.83,0,0,0,0,2,0.83,0,0,2,0.83,2,0.83,3,1.25,0,0,0,0,0,0,33,13.75,15,6.25,21,8.75,34,14.17,2,0.83,4,1.67,0,0,5,2.08,13,5.42,4,1.67,1,0.42,1,0.42,0,0,0,0,1,0.42,3,1.25,5,2.08,31,12.92,49,20.42,0,0,1,0.42,34,14.17,6,2.5,2,0.83,15,6.25,106,44.17,0,0,5,2.08,5,2.08,4,1.67,2,0.83,3,1.25,16,6.67,4,1.67,12,5,0,0,0,0,0,0,412,19
3traigb5pegdz1u7cqk44ckd0,Mohamed Ahmed Hamad Shehata Hamad,Mohamed Hamad,Midfielder,Egypt Under 17,dofxw7aqs1dcxkl8lznyn7dys,2025-11-17T10:37:10Z,122,1.36,Wingers,lm,"am,lm",2,6,1,0.74,4.41,5,3.68,2,1.47,0,0,0,0,0,0,5,3.68,1,0.74,0,0,26,19.12,0,0,3,2.21,0,0,0,0,0,0,0,0,2,1.47,0,0,0,0,0,0,1,0.74,100,100,0,0,21,7,5.15,15.44,14,67,67,10.29,32,23.53,5,3.68,10,7.35,4,2.94,0,0,0,0,0,0,2,1.47,1,0.74,0,0,0,0,0,2,1,0.74,1,0.74,1.47,0,0,0,0,0,0,0,15,6,4.41,11.03,9,6.62,1,0.74,0,0,0,0,0,0,0,0,2,1.47,0,0,0,0,2,1.47,0,1,0.74,72,72,29,21.32,0,0,0,0,0,0,0,0,0,0,0,0,0,0,0,0,0,0,0,0,13,9.56,3,2.21,0,0,2,1,0.74,1.47,5,3.68,0,0,0,0,12,8.82,0,0,0,0,0,0,0,0,0,0,0,0,0,0,0,0,1,0.74,5,3.68,0,0,2,1.47,1,0.74,1,0.74,0,0,0,0,0,0,0,0,6,4.41,0,0,1,0.74,0,0,21,15.44,11,8.09,10,7.35,21,15.44,1,0.74,0,0,0,0,0,0,0,0,1,0.74,1,0.74,4,2.94,0,0,0,0,1,0.74,5,3.68,2,1.47,17,12.5,29,21.32,1,0.74,6,4.41,21,15.44,1,0.74,9,6.62,8,5.88,59,43.38,0,0,3,2.21,3,2.21,0,0,0,0,0,0,10,7.35,1,0.74,8,5.88,0,0,0,0,0,0,414,8
3sdwbm1x0oj0l7673cua7v11w,Mohanad Aymen Mohamed Roshdi El Shamy,Mohanad El Shamy,Defender,Egypt Under 17,dofxw7aqs1dcxkl8lznyn7dys,2025-11-17T10:37:10Z,360,4,Full Backs,lb,lb,1,6,3,0.75,1.5,3,0.75,4,1,1,0.25,0,0,0,0,33,8.25,0,0,1,0.25,35,8.75,0,0,5,1.25,0,0,0,0,0,0,8,2,4,1,0,0,0,0,0,0,1,0.25,40,40,0,0,39,21,5.25,9.75,18,46,46,4.5,61,15.25,17,4.25,55,13.75,4,1,0,0,0,0,0,0,4,1,1,0.25,0,0,0,0,0,8,5,1.25,3,0.75,2,0,0,0,0,0,0,0,33,18,4.5,8.25,15,3.75,1,0.25,0,0,0,0,0,0,9,2.25,4,1,0,0,0,0,6,1.5,0,0,0,81,81,133,33.25,0,0,1,0.25,0,0,0,0,0,0,0,0,0,0,0,0,0,0,0,0,18,4.5,24,6,0,0,4,1,0.25,1,20,5,0,0,0,0,45,11.25,0,0,0,0,0,0,0,0,0,0,0,0,0,0,0,0,2,0.5,0,0,0,0,4,1,0,0,0,0,0,0,1,0.25,7,1.75,5,1.25,2,0.5,6,1.5,0,0,10,2.5,108,27,65,16.25,55,13.75,103,25.75,3,0.75,8,2,0,0,2,0.5,26,6.5,4,1,1,0.25,0,0,0,0,0,0,9,2.25,7,1.75,2,0.5,53,13.25,139,34.75,0,0,2,0.5,113,28.25,11,2.75,0,0,26,6.5,242,60.5,5,1.25,15,3.75,8,2,3,0.75,4,1,8,2,34,8.5,7,1.75,18,4.5,0,0,0,0,1,0.25,417,5
aak3x1hnm2dqrkckz3wf536s4,Nour Ashraf Hassan Gad Alrab Hassan,Nour Ashraf,Defender,Egypt Under 17,dofxw7aqs1dcxkl8lznyn7dys,2025-11-17T10:37:10Z,360,4,Center Backs,cb,cb,1,9,3,0.75,2.25,6,1.5,4,1,0,0,0,0,0,0,27,6.75,1,0.25,2,0.5,66,16.5,0,0,2,0.5,0,0,1,0.25,0,0,0,0,0,0,0,0,0,0,0,0,1,0.25,50,50,0,0,40,12,3,10,28,70,70,7,7,1.75,10,2.5,69,17.25,2,0.5,0,0,4,1,0,0,4,1,0,0,4,1,0,0,0,8,5,1.25,3,0.75,2,0,0,0,0,0,0,0,31,9,2.25,7.75,22,5.5,0,0,0,0,0,0,0,0,10,2.5,2,0.5,0,0,0,0,42,10.5,0,0,0,82,82,185,46.25,0,0,0,0,0,0,0,0,0,0,0,0,0,0,0,0,0,0,0,0,32,8,12,3,0,0,6,5,1.25,1.5,27,6.75,0,0,0,0,60,15,0,0,0,0,0,0,0,0,0,0,0,0,0,0,0,0,0,0,0,0,0,0,4,1,0,0,0,0,0,0,0,0,1,0.25,1,0.25,1,0.25,4,1,0,0,15,3.75,152,38,50,12.5,115,28.75,149,37.25,7,1.75,8,2,0,0,0,0,0,0,2,0.5,1,0.25,0,0,2,0.5,0,0,21,5.25,5,1.25,6,1.5,38,9.5,198,49.5,0,0,0,0,164,41,15,3.75,3,0.75,34,8.5,270,67.5,0,0,0,0,0,0,1,0.25,10,2.5,24,6,24,6,10,2.5,10,2.5,0,0,0,0,2,0.5,418,3
2w17uhf5g5ryuobcndwhiip78,Omar Abdel Aziz Abdel Mordy Abdel Aziz Sayed,Omar Abdelaziz,Goalkeeper,Egypt Under 17,dofxw7aqs1dcxkl8lznyn7dys,2025-11-17T10:37:10Z,360,4,Goalkeepers,gk,gk,1,2,0,0,0.5,2,0.5,4,1,0,0,0,0,0,0,0,0,0,0,0,0,43,10.75,5,1.25,0,0,0,0,0,0,0,0,0,0,0,0,1,0.25,0,0,0,0,0,0,0,0,0,0,5,1,0.25,1.25,4,80,80,1,0,0,13,3.25,94,23.5,0,0,0,0,15,3.75,9,2.25,4,1,0,0,18,4.5,0,0,0,8,5,1.25,3,0.75,2,0,0,0,0,0,0,0,3,1,0.25,0.75,2,0.5,0,0,0,0,0,0,0,0,0,0,0,0,0,0,0,0,31,7.75,0,0,0,73,73,108,27,0,0,0,0,0,0,0,0,1,0.25,0,0,1,0.25,0,0,0,0,0,0,25,6.25,21,5.25,1,0.25,0,0,0,0,35,8.75,0,0,0,0,29,7.25,17,13,3.25,4,1,4.25,1,0.25,0,0,1,0.25,0,0,0,0,0,0,0,0,0,0,4,1,0,0,0,0,0,0,0,0,0,0,0,0,0,0,8,2,0,0,35,8.75,79,19.75,28,7,72,18,65,16.25,0,0,0,0,0,0,0,0,0,0,0,0,0,0,0,0,3,0.75,0,0,3,0.75,0,0,2,0.5,54,13.5,154,38.5,0,0,0,0,100,25,0,0,0,0,54,13.5,187,46.75,0,0,0,0,0,0,0,0,20,5,53,13.25,50,12.5,4,1,1,0.25,0,0,0,0,0,0,419,1
4zi73h0nlrcpb1ipz0qk2fk7o,Omar Ahmed Mahmoud Mahmoud Taleb,Omar Abou Taleb,Midfielder,Egypt Under 17,dofxw7aqs1dcxkl8lznyn7dys,2025-11-17T10:37:10Z,84,0.93,Midfielders,dm,dm,1,1,0,0,1.08,1,1.08,3,3.23,0,0,0,0,0,0,5,5.38,0,0,0,0,6,6.45,0,0,0,0,0,0,0,0,0,0,0,0,1,1.08,0,0,0,0,0,0,1,1.08,100,100,0,0,14,6,6.45,15.05,8,57,57,8.6,10,10.75,2,2.15,10,10.75,2,2.15,0,0,0,0,0,0,3,3.23,0,0,0,0,0,0,0,4,3,3.23,1,1.08,4.3,0,0,0,0,0,0,0,13,6,6.45,13.98,7,7.53,1,1.08,0,0,0,0,0,0,4,4.3,0,0,0,0,0,0,9,9.68,0,0,0,81,81,27,29.03,0,0,0,0,0,0,0,0,0,0,0,0,0,0,0,0,0,0,0,0,2,2.15,2,2.15,0,0,0,0,0,0,5,5.38,0,0,0,0,4,4.3,0,0,0,0,0,0,0,0,0,0,0,0,0,0,0,0,0,0,1,1.08,0,0,1,1.08,0,0,1,1.08,2,2.15,0,0,0,0,0,0,1,1.08,0,0,0,0,1,1.08,22,23.66,18,19.35,5,5.38,22,23.66,4,4.3,1,1.08,1,1.08,0,0,0,0,1,1.08,0,0,0,0,0,0,0,0,3,3.23,3,3.23,1,1.08,9,9.68,28,30.11,0,0,1,1.08,23,24.73,5,5.38,0,0,5,5.38,48,51.61,0,0,0,0,0,0,0,0,1,1.08,1,1.08,3,3.23,2,2.15,4,4.3,0,0,0,0,0,0,420,12
2f66rz6h2bu9m28wcgoxw7190,Omar Mohamed Kamal Omar Ali,Omar Kamal,Defender,Egypt Under 17,dofxw7aqs1dcxkl8lznyn7dys,2025-11-17T10:37:10Z,351,3.9,Midfielders,dm,dm,1,12,4,1.03,3.08,8,2.05,4,1.03,0,0,0,0,1,0.26,8,2.05,2,0.51,1,0.26,13,3.33,0,0,1,0.26,0,0,0,0,50,50,0,0,2,0.51,0,0,0,0,0,0,2,0.51,33,33,0,0,39,18,4.62,10,21,54,54,5.38,30,7.69,7,1.79,49,12.56,6,1.54,0,0,0,0,0,0,4,1.03,0,0,0,0,0,0,1,8,5,1.28,3,0.77,2.05,0,0,1,0.26,0,0,0.26,27,14,3.59,6.92,13,3.33,1,0.26,0,0,0,0,0,0,1,0.26,1,0.26,0,0,0,0,13,3.33,351,0,0,67,67,92,23.59,1,0.26,0,0,0,0,0,0,0,0,0,0,0,0,0,0,0,0,0,0,6,1.54,6,1.54,0,0,8,6,1.54,2.05,14,3.59,0,0,0,0,23,5.9,0,0,0,0,0,0,0,0,0,0,0,0,0,0,0,0,1,0.26,1,0.26,2,2,4,1.03,0,0,1,0.26,0,0,0,0,0,0,0,0,1,0.26,0,0,0,0,1,0.26,62,15.9,37,9.49,26,6.67,62,15.9,6,1.54,3,0.77,0,0,0,0,1,0.26,4,1.03,0,0,0,0,0,0,1,0.26,5,1.28,10,2.56,3,0.77,43,11.03,93,23.85,0,0,2,0.51,63,16.15,9,2.31,4,1.03,30,7.69,149,38.21,0,0,3,0.77,3,0.77,2,0.51,2,0.51,4,1.03,30,7.69,3,0.77,26,6.67,0,0,0,0,1,0.26,421,14
e5i1w77g3as6ifctc97g1sduc,Marc-Arthur Alcimé,M. Alcimé,Defender,Haiti Under 17,44e5c56ufv162nxx8dygp7sgl,2025-11-13T16:54:10Z,90,1,Full Backs,rb,rb,1,3,0,0,3,3,3,1,1,0,0,0,0,0,0,4,4,0,0,0,0,18,18,0,0,2,2,0,0,0,0,0,0,4,4,0,0,0,0,0,0,0,0,1,1,50,50,0,0,15,4,4,15,11,73,73,11,17,17,7,7,19,19,0,0,0,0,0,0,0,0,1,1,0,0,0,0,0,0,0,4,4,4,0,0,4,0,0,0,0,0,0,0,12,4,4,12,8,8,0,0,0,0,0,0,0,0,1,1,2,2,0,0,0,0,20,20,0,0,0,76,76,41,41,0,0,0,0,0,0,0,0,0,0,0,0,0,0,0,0,0,0,0,0,10,10,13,13,0,0,1,0,0,1,7,7,0,0,0,0,1,1,0,0,0,0,0,0,0,0,0,0,0,0,0,0,0,0,0,0,0,0,0,0,1,1,0,0,0,0,0,0,1,1,2,2,1,1,1,1,0,0,0,0,5,5,31,31,19,19,15,15,27,27,1,1,6,6,0,0,2,2,3,3,2,2,0,0,0,0,0,0,0,0,4,4,0,0,0,0,22,22,44,44,0,0,0,0,32,32,7,7,0,0,12,12,73,73,2,2,4,4,2,2,1,1,4,4,7,7,14,14,2,2,5,5,0,0,0,0,0,0,424,2
escw43ji5h99ds5gcy9gty0wk,Emerson Alexis,E. Alexis,Defender,Haiti Under 17,44e5c56ufv162nxx8dygp7sgl,2025-11-13T16:54:10Z,135,1.5,Full Backs,rb,rb,1,2,0,0,1.33,2,1.33,2,1.33,0,0,0,0,0,0,5,3.33,0,0,0,0,9,6,0,0,0,0,0,0,0,0,0,0,0,0,0,0,0,0,0,0,0,0,0,0,50,50,0,0,14,7,4.67,9.33,7,50,50,4.67,8,5.33,2,1.33,17,11.33,1,0.67,0,0,0,0,0,0,2,1.33,0,0,0,0,0,0,0,7,7,4.67,0,0,4.67,0,0,0,0,0,0,0,12,7,4.67,8,5,3.33,0,0,0,0,0,0,0,0,5,3.33,0,0,0,0,0,0,11,7.33,0,0,0,69,69,32,21.33,0,0,0,0,0,0,1,0.67,0,0,0,0,0,0,0,0,0,3,2,0,7,4.67,2,1.33,0,0,2,2,1.33,1.33,5,3.33,0,0,0,0,0,0,0,0,0,0,0,0,0,0,0,0,0,0,0,0,0,0,0,0,0,0,0,0,2,1.33,0,0,1,0.67,0,0,0,0,0,0,0,0,1,0.67,1,0.67,0,0,2,1.33,22,14.67,7,4.67,16,10.67,21,14,2,1.33,2,1.33,0,0,4,2.67,6,4,1,0.67,0,0,0,0,0,0,0,0,4,2.67,2,1.33,0,0,16,10.67,33,22,0,0,0,0,23,15.33,4,2.67,0,0,10,6.67,62,41.33,0,0,0,0,0,0,1,0.67,1,0.67,2,1.33,7,4.67,3,2,8,5.33,0,0,0,0,0,0,425,16
e3ug0qoag6gizite2t81tmoes,Dave Bernard,D. Bernard,Defender,Haiti Under 17,44e5c56ufv162nxx8dygp7sgl,2025-11-13T16:54:10Z,96,1.07,Center Backs,cb,,0,3,3,2.8,2.8,0,0,2,1.87,0,0,0,0,0,0,1,0.93,0,0,1,0.93,4,3.74,0,0,0,0,0,0,0,0,0,0,0,0,0,0,0,0,0,0,0,0,0,0,0,0,0,0,11,7,6.54,10.28,4,36,36,3.74,1,0.93,2,1.87,11,10.28,0,0,0,0,0,0,0,0,2,1.87,0,0,0,0,0,0,0,4,4,3.74,0,0,3.74,0,0,0,0,0,0,0,8,4,3.74,7.48,4,3.74,0,0,0,0,0,0,0,0,0,0,0,0,0,0,0,0,5,4.67,0,0,0,89,89,18,16.82,0,0,0,0,0,0,0,0,0,0,0,0,0,0,0,0,0,2,1.87,0,2,1.87,0,0,0,0,3,3,2.8,2.8,1,0.93,0,0,0,0,2,1.87,0,0,0,0,0,0,0,0,0,0,0,0,0,0,0,0,0,0,0,0,0,0,1,0.93,0,0,0,0,1,0.93,0,0,0,0,0,0,0,0,0,0,0,0,2,1.87,16,14.95,5,4.67,12,11.21,15,14.02,3,2.8,0,0,0,0,0,0,0,0,0,0,0,0,0,0,0,0,0,0,5,4.67,3,2.8,1,0.93,4,3.74,19,17.76,0,0,0,0,17,15.89,3,2.8,1,0.93,2,1.87,34,31.78,0,0,0,0,0,0,0,0,1,0.93,1,0.93,1,0.93,1,0.93,1,0.93,0,0,0,0,1,0.93,426,13
2zt3qit91owie5ue55e3wt1w,Franco Celestin,F. Celestin,Forward,Haiti Under 17,44e5c56ufv162nxx8dygp7sgl,2025-11-13T16:54:10Z,267,2.97,Wingers,rw,rw,1,5,3,1.01,1.68,2,0.67,3,1.01,0,0,1,0.34,1,0.34,11,3.7,2,0.67,0,0,38,12.79,0,0,8,2.69,0,0,0,0,20,20,1,0.34,3,1.01,0,0,0,0,0,0,6,2.02,64,64,0,0,37,16,5.39,12.46,21,57,57,7.07,59,19.87,6,2.02,17,5.72,0,0,0,0,0,0,0,0,3,1.01,1,0.34,0,0,0,0,1,16,16,5.39,0,0,5.39,1,0.34,1,0.34,0,0,0.34,32,13,4.38,10.77,19,6.4,0,0,1,0.34,0,0,0,0,1,0.34,7,2.36,0,0,0,0,28,9.43,267,0,0,78,78,58,19.53,0,0,0,0,0,0,0,0,0,0,0,0,0,0,0,0,0,3,1.01,0,19,6.4,11,3.7,0,0,4,3,1.01,1.35,14,4.71,0,0,0,0,3,1.01,0,0,0,0,0,0,0,0,0,0,0,0,0,0,0,0,0,0,5,1.68,5,5,3,1.01,0,0,1,0.34,0,0,0,0,0,0,0,0,7,2.36,0,0,0,0,1,0.34,45,15.15,36,12.12,10,3.37,45,15.15,1,0.34,4,1.35,0,0,0,0,0,0,10,3.37,0,0,0,0,0,0,1,0.34,0,0,2,0.67,7,2.36,35,11.78,59,19.87,0,0,5,1.68,46,15.49,5,1.68,8,2.69,13,4.38,122,41.08,0,0,1,0.34,1,0.34,4,1.35,0,0,1,0.34,12,4.04,2,0.67,12,4.04,1,0.34,0,0,0,0,427,11
bfkm87v76mnouymaelnbg9st0,Woodson Félix,W. Félix,Forward,Haiti Under 17,44e5c56ufv162nxx8dygp7sgl,2025-11-13T16:54:10Z,205,2.28,Wingers,lw,lw,1,5,5,2.19,2.19,0,0,3,1.32,1,0.44,0,0,1,0.44,12,5.26,0,0,0,0,44,19.3,0,0,2,0.88,0,0,0,0,33,33,2,0.88,3,1.32,0,0,0,0,0,0,1,0.44,22,22,0,0,24,15,6.58,10.53,9,38,38,3.95,45,19.74,7,3.07,22,9.65,1,0.44,0,0,0,0,0,0,3,1.32,1,0.44,0,0,0,0,1,12,12,5.26,0,0,5.26,1,0.44,1,0.44,0,0,0.44,19,10,4.39,8.33,9,3.95,0,0,0,0,0,0,0,0,1,0.44,1,0.44,0,0,0,0,10,4.39,205,0,0,69,69,65,28.51,0,0,1,0.44,0,0,0,0,0,0,0,0,0,0,0,0,0,3,1.32,0,29,12.72,4,1.75,0,0,1,0,0,0.44,10,4.39,0,0,1,0.44,23,10.09,0,0,0,0,0,0,0,0,0,0,0,0,0,0,0,0,1,0.44,2,0.88,3,3,2,0.88,0,0,1,0.44,1,0.44,0,0,0,0,0,0,2,0.88,0,0,1,0.44,1,0.44,45,19.74,30,13.16,17,7.46,46,20.18,0,0,1,0.44,1,0.44,0,0,1,0.44,8,3.51,0,0,0,0,0,0,1,0.44,0,0,2,0.88,6,2.63,35,15.35,67,29.39,0,0,3,1.32,47,20.61,1,0.44,11,4.82,20,8.77,97,42.54,0,0,2,0.88,2,0.88,7,3.07,0,0,2,0.88,20,8.77,2,0.88,18,7.89,0,0,0,0,0,0,428,7
5jpzkv1jnsauttspjyoo2e8t0,Clifford Gene,C. Gene,Goalkeeper,Haiti Under 17,44e5c56ufv162nxx8dygp7sgl,2025-11-13T16:54:10Z,180,2,Goalkeepers,gk,gk,1,1,0,0,0.5,1,0.5,2,1,0,0,0,0,0,0,0,0,0,0,0,0,2,1,0,0,0,0,0,0,0,0,0,0,0,0,0,0,1,0.5,0,0,0,0,0,0,0,0,0,0,2,1,0.5,1,1,50,50,0.5,0,0,0,0,27,13.5,0,0,0,0,31,15.5,5,2.5,2,1,0,0,21,10.5,0,0,0,12,12,6,0,0,6,0,0,0,0,0,0,0,1,1,0.5,0.5,0,0,0,0,0,0,0,0,0,0,0,0,0,0,0,0,0,0,6,3,0,0,0,75,75,16,8,0,0,0,0,0,0,0,0,1,0.5,0,0,0,0,0,0,0,1,0.5,0,2,1,2,1,0,0,0,0,0,0,19,9.5,0,0,0,0,11,5.5,11,7,3.5,4,2,5.5,0,0,0,0,0,0,0,0,0,0,0,0,0,0,0,0,2,1,0,0,0,0,0,0,0,0,0,0,0,0,0,0,0,0,0,0,3,1.5,12,6,1,0.5,31,15.5,29,14.5,0,0,0,0,0,0,0,0,0,0,0,0,0,0,0,0,5,2.5,0,0,2,1,0,0,0,0,12,6,44,22,0,0,0,0,32,16,0,0,0,0,12,6,72,36,0,0,0,0,0,0,0,0,6,3,11,5.5,9,4.5,3,1.5,1,0.5,0,0,0,0,0,0,429,1
bkdkj8oe2w5y9vitx39exxces,Da-bens Jacquet,D. Jacquet,Forward,Haiti Under 17,44e5c56ufv162nxx8dygp7sgl,2025-11-13T16:54:10Z,104,1.16,Wingers,lw,,0,3,3,2.59,2.59,0,0,3,2.59,0,0,0,0,1,0.86,9,7.76,0,0,0,0,2,1.72,0,0,0,0,0,0,0,0,100,100,0,0,0,0,0,0,0,0,0,0,2,1.72,0,0,0,0,9,6,5.17,7.76,3,33,33,2.59,7,6.03,1,0.86,1,0.86,1,0.86,0,0,0,0,0,0,3,2.59,0,0,0,0,0,0,1,4,4,3.45,0,0,3.45,1,0.86,0,0,1,0.86,0.86,6,3,2.59,5.17,3,2.59,0,0,0,0,0,0,0,0,1,0.86,0,0,0,0,0,0,3,2.59,104,0,0,100,100,15,12.93,0,0,0,0,0,0,0,0,0,0,0,0,0,0,0,0,0,1,0.86,0,1,0.86,0,0,0,0,0,0,0,0,2,1.72,0,0,1,0.86,6,5.17,0,0,0,0,0,0,0,0,0,0,0,0,0,0,0,0,0,0,1,0.86,1,1,1,0.86,0,0,1,0.86,2,1.72,0,0,0,0,0,0,0,0,0,0,1,0.86,0,0,15,12.93,8,6.9,11,9.48,19,16.38,0,0,0,0,0,0,0,0,0,0,2,1.72,0,0,0,0,0,0,0,0,0,0,1,0.86,3,2.59,5,4.31,19,16.38,0,0,1,0.86,19,16.38,0,0,1,0.86,0,0,30,25.86,0,0,0,0,0,0,0,0,0,0,0,0,0,0,0,0,0,0,0,0,0,0,1,0.86,430,19
82ffqaqsxyyiacikrnpdcc26s,Djouby Sainte Jean-Philippe,D. Jean-Philippe,Midfielder,Haiti Under 17,44e5c56ufv162nxx8dygp7sgl,2025-11-13T16:54:10Z,90,1,Midfielders,cm,cm,1,2,2,2,2,0,0,2,2,0,0,0,0,0,0,5,5,0,0,0,0,13,13,0,0,1,1,0,0,0,0,0,0,0,0,0,0,0,0,0,0,0,0,1,1,0,0,0,0,8,7,7,8,1,12,12,1,3,3,5,5,10,10,2,2,0,0,0,0,0,0,2,2,0,0,0,0,0,0,0,8,8,8,0,0,8,0,0,0,0,0,0,0,6,5,5,6,1,1,0,0,0,0,0,0,0,0,0,0,1,1,0,0,0,0,5,5,0,0,0,88,88,32,32,0,0,0,0,0,0,0,0,0,0,0,0,0,0,0,0,0,0,0,0,4,4,2,2,0,0,1,0,0,1,2,2,0,0,0,0,13,13,0,0,0,0,0,0,0,0,0,0,0,0,0,0,0,0,0,0,0,0,0,0,1,1,0,0,1,1,1,1,0,0,0,0,0,0,0,0,0,0,1,1,1,1,28,28,15,15,14,14,28,28,0,0,0,0,0,0,0,0,0,0,1,1,0,0,0,0,0,0,0,0,0,0,3,3,1,1,5,5,33,33,0,0,0,0,29,29,0,0,1,1,4,4,37,37,0,0,0,0,0,0,0,0,0,0,0,0,2,2,2,2,4,4,0,0,0,0,0,0,431,18
6axcezs794ysrjkazkjxrbw2c,Miguel Joseph,M. Joseph,Midfielder,Haiti Under 17,44e5c56ufv162nxx8dygp7sgl,2025-11-13T16:54:10Z,270,3,Midfielders,dm,dm,1,4,2,0.67,1.33,2,0.67,3,1,0,0,0,0,0,0,18,6,1,0.33,1,0.33,46,15.33,0,0,0,0,0,0,0,0,0,0,0,0,0,0,0,0,0,0,0,0,3,1,67,67,0,0,39,17,5.67,13,22,56,56,7.33,15,5,13,4.33,40,13.33,3,1,0,0,0,0,0,0,3,1,0,0,0,0,0,0,0,16,16,5.33,0,0,5.33,0,0,0,0,0,0,0,35,15,5,11.67,20,6.67,0,0,0,0,0,0,0,0,3,1,0,0,0,0,0,0,40,13.33,0,0,0,90,90,133,44.33,0,0,0,0,0,0,0,0,0,0,0,0,0,0,0,0,0,3,1,0,14,4.67,9,3,0,0,4,2,0.67,1.33,16,5.33,0,0,0,0,40,13.33,0,0,0,0,0,0,0,0,0,0,0,0,0,0,0,0,1,0.33,1,0.33,0,0,3,1,0,0,0,0,0,0,0,0,1,0.33,0,0,2,0.67,0,0,3,1,10,3.33,120,40,46,15.33,80,26.67,115,38.33,4,1.33,8,2.67,1,0.33,0,0,0,0,4,1.33,0,0,0,0,0,0,0,0,5,1.67,3,1,6,2,25,8.33,138,46,0,0,2,0.67,125,41.67,12,4,0,0,13,4.33,189,63,0,0,0,0,0,0,1,0.33,1,0.33,2,0.67,9,3,4,1.33,11,3.67,1,0.33,0,0,0,0,432,5
687wo621ozg94q6aww6oxefbo,Theo Benjamin Lacombe,T. Lacombe,Midfielder,Haiti Under 17,44e5c56ufv162nxx8dygp7sgl,2025-11-13T16:54:10Z,144,1.6,Midfielders,cm,cm,1,3,1,0.62,1.88,2,1.25,2,1.25,0,0,0,0,0,0,13,8.12,1,0.62,1,0.62,13,8.12,0,0,0,0,0,0,0,0,0,0,0,0,0,0,0,0,0,0,0,0,1,0.62,0,0,0,0,16,11,6.88,10,5,31,31,3.12,19,11.88,5,3.12,13,8.12,1,0.62,0,0,0,0,0,0,2,1.25,0,0,0,0,0,0,0,9,9,5.62,0,0,5.62,0,0,0,0,0,0,0,13,10,6.25,8.12,3,1.88,0,0,0,0,0,0,0,0,2,1.25,0,0,0,0,0,0,17,10.62,0,0,0,83,83,59,36.88,0,0,0,0,0,0,0,0,0,0,0,0,0,0,0,0,0,1,0.62,0,6,3.75,2,1.25,0,0,2,0,0,1.25,7,4.38,0,0,0,0,16,10,0,0,0,0,0,0,0,0,0,0,0,0,0,0,0,0,1,0.62,1,0.62,0,0,2,1.25,0,0,2,1.25,0,0,0,0,0,0,0,0,0,0,0,0,1,0.62,2,1.25,49,30.62,20,12.5,29,18.12,47,29.38,1,0.62,1,0.62,0,0,0,0,0,0,3,1.88,0,0,0,0,0,0,0,0,0,0,4,2.5,1,0.62,17,10.62,59,36.88,0,0,2,1.25,49,30.62,2,1.25,3,1.88,10,6.25,78,48.75,0,0,1,0.62,0,0,2,1.25,0,0,3,1.88,9,5.62,2,1.25,7,4.38,0,0,0,0,0,0,433,8
21qi8b8cdyzl6ibcdspnyo0es,Emerson George Laïssé,E. Laïssé,Forward,Haiti Under 17,44e5c56ufv162nxx8dygp7sgl,2025-11-13T16:54:10Z,205,2.28,Wingers,lw,lw,1,1,1,0.44,0.44,0,0,3,1.32,1,0.44,0,0,0,0,14,6.14,1,0.44,0,0,38,16.67,0,0,4,1.75,0,0,0,0,0,0,1,0.44,1,0.44,0,0,0,0,0,0,3,1.32,60,60,0,0,21,11,4.82,9.21,10,48,48,4.39,35,15.35,1,0.44,15,6.58,0,0,0,0,0,0,0,0,3,1.32,1,0.44,0,0,0,0,0,10,10,4.39,0,0,4.39,0,0,0,0,0,0,0,20,10,4.39,8.77,10,4.39,0,0,0,0,0,0,0,0,0,0,3,1.32,0,0,0,0,3,1.32,0,0,0,80,80,55,24.12,0,0,0,0,0,0,0,0,0,0,0,0,0,0,0,0,0,1,0.44,0,24,10.53,5,2.19,0,0,2,1,0.44,0.88,7,3.07,0,0,0,0,26,11.4,0,0,0,0,0,0,0,0,0,0,0,0,0,0,0,0,1,0.44,1,0.44,0,0,2,0.88,0,0,2,0.88,1,0.44,0,0,0,0,0,0,3,1.32,0,0,0,0,2,0.88,44,19.3,28,12.28,18,7.89,44,19.3,2,0.88,1,0.44,1,0.44,0,0,4,1.75,5,2.19,1,0.44,0,0,0,0,0,0,1,0.44,1,0.44,4,1.75,26,11.4,58,25.44,0,0,2,0.88,46,20.18,3,1.32,9,3.95,12,5.26,94,41.23,0,0,3,1.32,3,1.32,2,0.88,0,0,0,0,11,4.82,4,1.75,12,5.26,0,0,0,0,0,0,434,10
d98va82lejqtwjdy5lwbbc0t0,Stanley Louis,S. Louis,Defender,Haiti Under 17,44e5c56ufv162nxx8dygp7sgl,2025-11-13T16:54:10Z,90,1,Center Backs,cb,cb,1,4,2,2,4,2,2,2,2,0,0,0,0,0,0,2,2,0,0,0,0,12,12,0,0,2,2,0,0,0,0,0,0,0,0,1,1,0,0,0,0,0,0,0,0,0,0,0,0,10,8,8,10,2,20,20,2,0,0,4,4,23,23,0,0,0,0,0,0,0,0,2,2,0,0,0,0,0,0,0,8,8,8,0,0,8,0,0,0,0,0,0,0,6,6,6,6,0,0,0,0,0,0,0,0,0,0,1,1,2,2,0,0,0,0,14,14,0,0,0,84,84,44,44,0,0,0,0,0,0,0,0,0,0,0,0,0,0,0,0,0,0,0,0,7,7,4,4,0,0,0,0,0,0,2,2,0,0,0,0,6,6,0,0,0,0,0,0,0,0,0,0,0,0,0,0,0,0,0,0,0,0,0,0,1,1,0,0,1,1,1,1,0,0,0,0,0,0,0,0,2,2,0,0,6,6,37,37,9,9,29,29,32,32,0,0,0,0,0,0,2,2,4,4,0,0,0,0,0,0,0,0,0,0,6,6,2,2,0,0,10,10,45,45,0,0,0,0,38,38,0,0,0,0,7,7,61,61,0,0,0,0,0,0,0,0,2,2,3,3,6,6,1,1,4,4,0,0,0,0,1,1,436,14
ab7j7aaxg06kvs5flbf8bqqz8,Rhode Phaden Louissaint,R. Louissaint,Midfielder,Haiti Under 17,44e5c56ufv162nxx8dygp7sgl,2025-11-13T16:54:10Z,55,0.61,Midfielders,cm,cm,1,1,1,1.64,1.64,0,0,3,4.92,0,0,0,0,0,0,3,4.92,1,1.64,0,0,5,8.2,0,0,0,0,0,0,0,0,0,0,0,0,0,0,0,0,0,0,0,0,0,0,0,0,0,0,11,5,8.2,18.03,6,55,55,9.84,4,6.56,2,3.28,5,8.2,1,1.64,0,0,0,0,0,0,3,4.92,0,0,0,0,0,0,0,4,4,6.56,0,0,6.56,0,0,0,0,0,0,0,10,4,6.56,16.39,6,9.84,0,0,0,0,0,0,0,0,1,1.64,0,0,0,0,0,0,4,6.56,0,0,0,88,87,16,26.23,0,0,0,0,0,0,0,0,0,0,0,0,0,0,0,0,0,2,3.28,0,2,3.28,1,1.64,0,0,0,0,0,0,3,4.92,0,0,0,0,4,6.56,0,0,0,0,0,0,0,0,0,0,0,0,0,0,0,0,0,0,0,0,0,0,1,1.64,0,0,1,1.64,2,3.28,0,0,0,0,0,0,0,0,0,0,0,0,2,3.28,14,22.95,8,13.11,6,9.84,12,19.67,1,1.64,3,4.92,0,0,0,0,0,0,0,0,0,0,0,0,0,0,0,0,1,1.64,2,3.28,2,3.28,4,6.56,16,26.23,0,0,0,0,14,22.95,4,6.56,1,1.64,2,3.28,29,47.54,0,0,0,0,0,0,0,0,0,0,0,0,2,3.28,0,0,2,3.28,0,0,0,0,1,1.64,437,15
7fww09e3dpi7o6bharc6xnf9w,Bill Meranvil,B. Meranvil,Midfielder,Haiti Under 17,44e5c56ufv162nxx8dygp7sgl,2025-11-13T16:54:10Z,90,1,Midfielders,cm,,0,1,0,0,1,1,1,1,1,0,0,0,0,0,0,4,4,0,0,0,0,4,4,0,0,0,0,0,0,0,0,0,0,0,0,0,0,0,0,0,0,0,0,2,2,0,0,0,0,7,5,5,7,2,29,29,2,6,6,1,1,6,6,0,0,0,0,0,0,0,0,1,1,0,0,0,0,0,0,0,4,4,4,0,0,4,0,0,0,0,0,0,0,6,5,5,6,1,1,0,0,0,0,0,0,0,0,3,3,0,0,0,0,0,0,5,5,0,0,0,67,67,18,18,0,0,0,0,0,0,0,0,0,0,0,0,0,0,0,0,0,2,2,0,0,0,0,0,0,0,0,0,0,0,2,2,0,0,0,0,4,4,0,0,0,0,0,0,0,0,0,0,0,0,0,0,0,0,1,1,0,0,0,0,1,1,0,0,0,0,0,0,0,0,0,0,0,0,0,0,0,0,1,1,1,1,12,12,5,5,8,8,12,12,0,0,1,1,0,0,0,0,0,0,3,3,0,0,0,0,0,0,0,0,2,2,0,0,0,0,9,9,19,19,0,0,1,1,13,13,1,1,0,0,6,6,35,35,0,0,0,0,0,0,1,1,1,1,1,1,4,4,2,2,5,5,0,0,0,0,0,0,438,6
56rkvbrvmgexqmfuv8ipeyvis,Nikolai Olivier Pierre,N. Pierre,Forward,Haiti Under 17,44e5c56ufv162nxx8dygp7sgl,2025-11-13T16:54:10Z,187,2.08,Strikers,st,st,1,4,3,1.44,1.92,1,0.48,3,1.44,0,0,1,0.48,0,0,19,9.13,0,0,0,0,17,8.17,0,0,3,1.44,0,0,0,0,25,25,0,0,0,0,0,0,0,0,0,0,4,1.92,50,50,0,0,13,10,4.81,6.25,3,23,23,1.44,31,14.9,3,1.44,9,4.33,0,0,0,0,0,0,0,0,3,1.44,0,0,0,0,0,0,1,13,13,6.25,0,0,6.25,1,0.48,0,0,1,0.48,0.48,9,7,3.37,4.33,2,0.96,0,0,0,0,0,0,1,0.48,0,0,3,1.44,0,0,0,0,11,5.29,187,0,0,81,81,31,14.9,0,0,0,0,0,0,0,0,0,0,0,0,0,0,0,0,0,2,0.96,0,5,2.4,1,0.48,0,0,1,0,0,0.48,3,1.44,0,0,1,0.48,6,2.88,0,0,0,0,0,0,0,0,0,0,0,0,0,0,0,0,1,0.48,3,1.44,4,4,2,0.96,0,0,0,0,1,0.48,0,0,0,0,0,0,1,0.48,0,0,4,1.92,2,0.96,25,12.02,19,9.13,19,9.13,36,17.31,0,0,0,0,0,0,0,0,0,0,5,2.4,0,0,0,0,0,0,0,0,1,0.48,1,0.48,1,0.48,26,12.5,45,21.63,0,0,4,1.92,38,18.27,0,0,6,2.88,7,3.37,74,35.58,0,0,0,0,0,0,1,0.48,0,0,0,0,5,2.4,2,0.96,7,3.37,0,0,0,0,0,0,439,9
b2bpp1k6y9pc53ftb3m5t0ahg,Dieuvens Kenson Rezil,D. Rezil,Defender,Haiti Under 17,44e5c56ufv162nxx8dygp7sgl,2025-11-13T16:54:10Z,225,2.5,Center Backs,cb,cb,1,4,1,0.4,1.6,3,1.2,3,1.2,0,0,0,0,0,0,1,0.4,0,0,4,1.6,33,13.2,0,0,0,0,0,0,1,0.4,0,0,0,0,1,0.4,0,0,0,0,0,0,0,0,100,100,0,0,29,15,6,11.6,14,48,48,5.6,3,1.2,2,0.8,47,18.8,2,0.8,0,0,0,0,0,0,3,1.2,0,0,0,0,0,0,0,13,13,5.2,0,0,5.2,0,0,0,0,0,0,0,25,14,5.6,10,11,4.4,0,0,0,0,0,0,0,0,2,0.8,0,0,0,0,0,0,23,9.2,0,0,0,73,73,74,29.6,0,0,0,0,0,0,1,0.4,0,0,0,0,0,0,0,0,0,3,1.2,0,24,9.6,3,1.2,0,0,3,0,0,1.2,6,2.4,0,0,0,0,10,4,0,0,0,0,0,0,0,0,0,0,0,0,0,0,0,0,1,0.4,1,0.4,0,0,2,0.8,0,0,0,0,1,0.4,0,0,0,0,0,0,2,0.8,0,0,0,0,2,0.8,54,21.6,18,7.2,40,16,56,22.4,2,0.8,6,2.4,0,0,0,0,0,0,0,0,0,0,0,0,0,0,0,0,8,3.2,7,2.8,1,0.4,25,10,81,32.4,0,0,2,0.8,58,23.2,8,3.2,1,0.4,23,9.2,114,45.6,0,0,0,0,0,0,0,0,4,1.6,11,4.4,14,5.6,9,3.6,12,4.8,1,0.4,0,0,0,0,441,4
2zjlr4nd0vuhgeuazo0gdd4pg,Wasson Thermoncy,W. Thermoncy,Defender,Haiti Under 17,44e5c56ufv162nxx8dygp7sgl,2025-11-13T16:54:10Z,174,1.93,Center Backs,cb,cb,1,5,4,2.07,2.59,1,0.52,2,1.04,0,0,0,0,0,0,3,1.55,0,0,3,1.55,17,8.81,0,0,0,0,0,0,0,0,0,0,0,0,0,0,0,0,0,0,0,0,0,0,0,0,0,0,11,5,2.59,5.7,6,55,55,3.11,0,0,1,0.52,20,10.36,0,0,0,0,0,0,0,0,2,1.04,0,0,0,0,0,0,0,12,12,6.22,0,0,6.22,0,0,0,0,0,0,0,6,1,0.52,3.11,5,2.59,0,0,0,0,0,0,0,0,0,0,0,0,0,0,0,0,17,8.81,0,0,0,85,85,61,31.61,0,0,0,0,0,0,0,0,0,0,0,0,0,0,0,0,0,1,0.52,0,13,6.74,3,1.55,0,0,2,1,0.52,1.04,4,2.07,0,0,0,0,24,12.44,0,0,0,0,0,0,0,0,0,0,0,0,0,0,0,0,0,0,0,0,0,0,2,1.04,0,0,1,0.52,0,0,0,0,0,0,0,0,0,0,2,1.04,0,0,5,2.59,52,26.94,15,7.77,40,20.73,50,25.91,1,0.52,1,0.52,0,0,0,0,0,0,0,0,0,0,0,0,0,0,0,0,11,5.7,1,0.52,3,1.55,9,4.66,64,33.16,0,0,0,0,55,28.5,2,1.04,0,0,9,4.66,84,43.52,0,0,0,0,0,0,0,0,3,1.55,5,2.59,6,3.11,3,1.55,4,2.07,0,0,0,0,0,0,442,3
dcxl69krf4x3hmzvrrse836z8,Ritchie Kerly Valcourt,R. Valcourt,Goalkeeper,Haiti Under 17,44e5c56ufv162nxx8dygp7sgl,2025-11-13T16:54:10Z,90,1,Goalkeepers,gk,,0,0,0,0,0,0,0,1,1,0,0,0,0,0,0,0,0,0,0,0,0,0,0,0,0,0,0,0,0,0,0,0,0,0,0,0,0,0,0,0,0,0,0,0,0,0,0,1,1,3,0,0,3,3,100,100,3,0,0,0,0,10,10,0,0,0,0,4,4,6,6,1,1,0,0,5,5,0,0,0,4,4,4,0,0,4,0,0,0,0,0,0,0,3,0,0,3,3,3,0,0,0,0,0,0,0,0,0,0,0,0,0,0,0,0,3,3,0,0,0,75,75,4,4,0,0,0,0,0,0,0,0,2,2,0,0,0,0,0,0,0,2,2,0,0,0,1,1,0,0,0,0,0,0,7,7,0,0,0,0,0,0,5,3,3,2,2,5,0,0,0,0,1,1,0,0,0,0,0,0,0,0,0,0,1,1,0,0,0,0,0,0,0,0,0,0,0,0,0,0,1,1,0,0,1,1,3,3,1,1,3,3,3,3,1,1,1,1,0,0,0,0,0,0,0,0,0,0,0,0,2,2,0,0,0,0,0,0,1,1,10,10,13,13,0,0,0,0,4,4,2,2,0,0,9,9,27,27,0,0,0,0,0,0,0,0,2,2,8,8,7,7,2,2,1,1,0,0,0,0,0,0,443,12
1oldpfnzlx27n6mc0l0o25gr8,Medinel Zamor,M. Zamor,Defender,Haiti Under 17,44e5c56ufv162nxx8dygp7sgl,2025-11-13T16:54:10Z,270,3,Full Backs,lb,lb,1,3,3,1,1,0,0,3,1,1,0.33,0,0,0,0,10,3.33,1,0.33,3,1,42,14,0,0,1,0.33,0,0,0,0,0,0,3,1,2,0.67,0,0,0,0,0,0,2,0.67,80,80,0,0,34,14,4.67,11.33,20,59,59,6.67,30,10,4,1.33,39,13,2,0.67,0,0,0,0,0,0,3,1,1,0.33,0,0,0,0,0,16,16,5.33,0,0,5.33,0,0,0,0,0,0,0,31,11,3.67,10.33,20,6.67,0,0,0,0,0,0,0,0,6,2,0,0,0,0,0,0,4,1.33,0,0,0,65,65,78,26,0,0,2,0.67,0,0,1,0.33,0,0,0,0,0,0,0,0,0,3,1,0,24,8,5,1.67,0,0,1,0,0,0.33,16,5.33,0,0,0,0,32,10.67,0,0,0,0,0,0,0,0,0,0,0,0,0,0,0,0,1,0.33,1,0.33,0,0,3,1,0,0,0,0,0,0,0,0,1,0.33,1,0.33,4,1.33,1,0.33,0,0,5,1.67,51,17,19,6.33,39,13,52,17.33,4,1.33,9,3,0,0,7,2.33,15,5,3,1,1,0.33,0,0,0,0,0,0,8,2.67,4,1.33,3,1,54,18,85,28.33,0,0,2,0.67,57,19,13,4.33,3,1,28,9.33,169,56.33,3,1,9,3,5,1.67,1,0.33,4,1.33,14,4.67,29,9.67,8,2.67,14,4.67,0,0,0,0,2,0.67,444,17
4mporzlvy59vw5ww6kzxi4e1g,Noah Elia Brogli,N. Brogli,Goalkeeper,Switzerland Under 17,axvcbpr8yplgnp8jvfo3azt7l,2025-11-22T11:43:44Z,270,3,Goalkeepers,gk,gk,1,1,0,0,0.33,1,0.33,3,1,0,0,0,0,0,0,0,0,0,0,0,0,14,4.67,2,0.67,0,0,0,0,0,0,0,0,0,0,0,0,0,0,0,0,0,0,0,0,0,0,0,0,3,0,0,1,3,100,100,1,0,0,0,0,49,16.33,0,0,0,0,15,5,3,1,3,1,0,0,12,4,0,0,0,4,4,1.33,0,0,1.33,0,0,0,0,0,0,0,2,0,0,0.67,2,0.67,0,0,0,0,0,0,0,0,0,0,0,0,0,0,0,0,15,5,0,0,0,54,54,56,18.67,0,0,0,0,0,0,0,0,0,0,0,0,0,0,0,0,0,0,0,0,3,1,6,2,0,0,0,0,0,0,20,6.67,0,0,0,0,11,3.67,9,4,1.33,5,1.67,3,0,0,0,0,2,0.67,0,0,0,0,0,0,0,0,0,0,3,1,0,0,0,0,0,0,0,0,0,0,0,0,0,0,9,3,0,0,12,4,30,10,7,2.33,36,12,31,10.33,0,0,0,0,0,0,0,0,0,0,0,0,0,0,0,0,2,0.67,0,0,6,2,0,0,2,0.67,32,10.67,75,25,0,0,0,0,43,14.33,0,0,0,0,32,10.67,101,33.67,0,0,0,0,0,0,0,0,26,8.67,32,10.67,30,10,2,0.67,0,0,0,0,0,0,0,0,447,12
doogaqd8kpw43pnfws4ma074k,Ethan Bruchez,E. Bruchez,Midfielder,Switzerland Under 17,axvcbpr8yplgnp8jvfo3azt7l,2025-11-22T11:43:44Z,349,3.88,Midfielders,dm,dm,1,16,10,2.58,4.12,6,1.55,5,1.29,0,0,0,0,0,0,31,7.99,1,0.26,2,0.52,41,10.57,0,0,0,0,1,0.26,0,0,14,14,0,0,0,0,0,0,0,0,0,0,5,1.29,83,83,0,0,48,26,6.7,12.37,22,46,46,5.67,41,10.57,16,4.12,46,11.86,3,0.77,0,0,0,0,0,0,5,1.29,0,0,0,0,0,0,1,3,3,0.77,0,0,0.77,1,0.26,1,0.26,0,0,0.26,32,16,4.12,8.25,16,4.12,0,0,0,0,0,0,1,0.26,8,2.06,0,0,0,0,0,0,42,10.82,349,0,0,85,85,161,41.49,0,0,0,0,0,0,0,0,0,0,0,0,0,0,0,0,0,0,0,0,12,3.09,9,2.32,0,0,6,4,1.03,1.55,28,7.22,0,0,1,0.26,46,11.86,0,0,0,0,0,0,0,0,0,0,0,0,0,0,0,0,5,1.29,2,0.52,7,7,4,1.03,0,0,3,0.77,1,0.26,0,0,0,0,0,0,5,1.29,0,0,0,0,16,4.12,137,35.31,71,18.3,70,18.04,125,32.22,4,1.03,6,1.55,0,0,0,0,1,0.26,6,1.55,0,0,0,0,0,0,1,0.26,15,3.87,5,1.29,1,0.26,36,9.28,165,42.53,0,0,7,1.8,141,36.34,10,2.58,2,0.52,24,6.19,247,63.66,0,0,1,0.26,1,0.26,1,0.26,2,0.52,4,1.03,18,4.64,7,1.8,20,5.15,0,0,1,0.26,0,0,448,17
cxd0mnxrb4rowxsfqgddxgopg,Marco Correia Lópes Lebre,M. Correia Lópes Lebre,Midfielder,Switzerland Under 17,axvcbpr8yplgnp8jvfo3azt7l,2025-11-22T11:43:44Z,536,5.96,Full Backs,rb,rb,1,12,4,0.67,2.01,8,1.34,6,1.01,0,0,0,0,0,0,22,3.69,1,0.17,4,0.67,61,10.23,0,0,4,0.67,1,0.17,0,0,0,0,0,0,0,0,0,0,0,0,0,0,4,0.67,73,73,0,0,52,17,2.85,8.72,35,67,67,5.87,69,11.58,21,3.52,94,15.77,0,0,0,0,0,0,0,0,6,1.01,0,0,0,0,0,0,0,6,5,0.84,1,0.17,1.01,0,0,0,0,0,0,0,40,13,2.18,6.71,27,4.53,0,0,0,0,0,0,0,0,10,1.68,4,0.67,0,0,0,0,90,15.1,0,1,0.17,74,74,204,34.23,0,0,1,0.17,0,0,0,0,0,0,0,0,0,0,0,0,0,0,0,0,44,7.38,50,8.39,0,0,5,1,0.17,0.84,27,4.53,0,0,0,0,8,1.34,0,0,0,0,0,0,0,0,0,0,0,0,0,0,0,0,0,0,0,0,0,0,6,1.01,0,0,1,0.17,0,0,0,0,3,0.5,3,0.5,11,1.85,3,0.5,0,0,8,1.34,151,25.34,67,11.24,97,16.28,153,25.67,1,0.17,13,2.18,0,0,21,3.52,40,6.71,8,1.34,1,0.17,0,0,0,0,0,0,30,5.03,1,0.17,2,0.34,109,18.29,214,35.91,0,0,0,0,161,27.01,14,2.35,1,0.17,53,8.89,405,67.95,0,0,13,2.18,13,2.18,4,0.67,5,0.84,16,2.68,43,7.21,23,3.86,37,6.21,0,0,0,0,0,0,450,16
70kdxr0aur2eq02sd2l6l2olw,Giacomo Koloto,G. Koloto,Forward,Switzerland Under 17,axvcbpr8yplgnp8jvfo3azt7l,2025-11-22T11:43:44Z,512,5.69,Wingers,rm,"rm,lm,st",3,21,11,1.93,3.69,10,1.76,6,1.05,0,0,0,0,1,0.18,39,6.85,5,0.88,0,0,35,6.15,0,0,5,0.88,1,0.18,0,0,11,11,0,0,4,0.7,0,0,0,0,0,0,8,1.41,67,67,0,0,75,40,7.03,13.18,35,47,47,6.15,72,12.65,9,1.58,33,5.8,7,1.23,0,0,0,0,0,0,6,1.05,0,0,0,0,0,0,1,6,5,0.88,1,0.18,1.05,1,0.18,1,0.18,0,0,0.18,54,29,5.1,9.49,25,4.39,0,0,0,0,1,0.18,0,0,2,0.35,5,0.88,0,0,0,0,26,4.57,512,0,0,74,74,129,22.67,0,0,0,0,0,0,0,0,0,0,0,0,0,0,0,0,0,0,0,0,18,3.16,5,0.88,0,0,7,2,0.35,1.23,25,4.39,0,0,1,0.18,34,5.98,0,0,0,0,0,0,0,0,0,0,0,0,0,0,0,0,5,0.88,4,0.7,9,9,6,1.05,0,0,1,0.18,0,0,0,0,0,0,0,0,8,1.41,0,0,3,0.53,1,0.18,95,16.7,58,10.19,40,7.03,97,17.05,8,1.41,2,0.35,1,0.18,0,0,0,0,12,2.11,1,0.18,2,0.35,0,0,1,0.18,6,1.05,12,2.11,8,1.41,69,12.13,132,23.2,0,0,9,1.58,98,17.22,10,1.76,22,3.87,34,5.98,226,39.72,0,0,2,0.35,2,0.35,4,0.7,0,0,2,0.35,28,4.92,8,1.41,32,5.62,1,0.18,0,0,1,0.18,454,7
6uxknkru4ptps4f6r9wy6cljo,Nico Lazri,N. Lazri,Midfielder,Switzerland Under 17,axvcbpr8yplgnp8jvfo3azt7l,2025-11-22T11:43:44Z,206,2.29,Midfielders,dm,dm,1,6,6,2.62,2.62,0,0,3,1.31,0,0,0,0,0,0,24,10.48,0,0,1,0.44,32,13.97,0,0,1,0.44,0,0,0,0,0,0,2,0.87,0,0,0,0,0,0,0,0,0,0,50,50,0,0,19,11,4.8,8.3,8,42,42,3.49,21,9.17,7,3.06,17,7.42,1,0.44,0,0,0,0,0,0,3,1.31,1,0.44,0,0,0,0,0,1,0,0,1,0.44,0.44,0,0,0,0,0,0,0,13,5,2.18,5.68,8,3.49,0,0,0,0,1,0.44,0,0,1,0.44,0,0,0,0,0,0,21,9.17,0,0,0,88,88,82,35.81,0,0,1,0.44,0,0,0,0,0,0,1,0.44,0,0,1,0.44,0,0,0,0,21,9.17,2,0.87,0,0,1,1,0.44,0.44,9,3.93,0,0,0,0,25,10.92,0,0,0,0,0,0,0,0,0,0,0,0,0,0,0,0,2,0.87,0,0,0,0,3,1.31,0,0,2,0.87,0,0,0,0,0,0,0,0,2,0.87,0,0,0,0,3,1.31,72,31.44,35,15.28,41,17.9,73,31.88,2,0.87,3,1.31,0,0,0,0,1,0.44,2,0.87,0,0,1,0.44,0,0,0,0,3,1.31,1,0.44,1,0.44,21,9.17,87,37.99,0,0,2,0.87,76,33.19,5,2.18,1,0.44,11,4.8,119,51.97,2,0.87,3,1.31,0,0,2,0.87,0,0,1,0.44,11,4.8,3,1.31,10,4.37,0,0,0,0,0,0,455,8
2gcdbekdku9rg41j9o3zwnxn8,Adrien Llukes,A. Llukes,Midfielder,Switzerland Under 17,axvcbpr8yplgnp8jvfo3azt7l,2025-11-22T11:43:44Z,397,4.41,Wingers,lm,lm,1,5,3,0.68,1.13,2,0.45,5,1.13,0,0,1,0.23,1,0.23,13,2.95,2,0.45,0,0,59,13.38,0,0,12,2.72,1,0.23,0,0,25,25,0,0,3,0.68,0,0,0,0,0,0,8,1.81,50,50,0,0,72,40,9.07,16.33,32,44,44,7.26,126,28.57,11,2.49,63,14.29,4,0.91,0,0,1,0.23,0,0,5,1.13,0,0,1,0.23,0,0,2,3,3,0.68,0,0,0.68,1,0.23,2,0.45,0,0,0.45,67,37,8.39,15.19,30,6.8,1,0.23,0,0,0,0,1,0.23,1,0.23,12,2.72,0,0,1,0.23,21,4.76,198,0,0,64,64,139,31.52,0,0,4,0.91,0,0,0,0,0,0,0,0,0,0,1,0.23,0,0,0,0,36,8.16,18,4.08,0,0,13,6,1.36,2.95,22,4.99,0,0,1,0.23,46,10.43,0,0,0,0,0,0,0,0,0,0,0,0,1,0.23,0,0,3,0.68,5,1.13,4,4,5,1.13,0,0,4,0.91,0,0,0,0,1,0.23,1,0.23,12,2.72,0,0,3,0.68,10,2.27,89,20.18,72,16.33,21,4.76,82,18.59,2,0.45,4,0.91,2,0.45,0,0,3,0.68,20,4.54,1,0.23,2,0.45,0,0,2,0.45,3,0.68,8,1.81,12,2.72,95,21.54,143,32.43,0,0,8,1.81,92,20.86,6,1.36,18,4.08,51,11.56,248,56.24,0,0,3,0.68,2,0.45,12,2.72,0,0,4,0.91,46,10.43,8,1.81,47,10.66,2,0.45,1,0.23,1,0.23,456,18
blgy8rpn31ugf1g8i27qsx3x0,Olivier Mambwa,O. Mambwa,Defender,Switzerland Under 17,axvcbpr8yplgnp8jvfo3azt7l,2025-11-22T11:43:44Z,540,6,Full Backs,lb,lb,1,9,4,0.67,1.5,5,0.83,6,1,0,0,0,0,0,0,36,6,2,0.33,3,0.5,64,10.67,0,0,6,1,1,0.17,2,0.33,0,0,0,0,3,0.5,0,0,0,0,0,0,11,1.83,45,45,0,0,53,35,5.83,8.83,18,34,34,3,69,11.5,14,2.33,57,9.5,3,0.5,0,0,0,0,0,0,6,1,0,0,0,0,0,0,0,6,5,0.83,1,0.17,1,0,0,0,0,0,0,0,44,31,5.17,7.33,13,2.17,1,0.17,0,0,0,0,0,0,5,0.83,6,1,0,0,0,0,6,1,0,0,0,85,85,137,22.83,0,0,1,0.17,0,0,0,0,0,0,0,0,0,0,0,0,0,0,0,0,48,8,18,3,0,0,2,1,0.17,0.33,20,3.33,0,0,0,0,40,6.67,0,0,0,0,0,0,0,0,0,0,0,0,0,0,0,0,2,0.33,0,0,0,0,6,1,0,0,0,0,0,0,0,0,2,0.33,2,0.33,5,0.83,0,0,0,0,4,0.67,117,19.5,53,8.83,68,11.33,115,19.17,3,0.5,4,0.67,1,0.17,8,1.33,47,7.83,17,2.83,0,0,0,0,2,0.33,0,0,18,3,12,2,1,0.17,66,11,139,23.17,0,0,2,0.33,119,19.83,7,1.17,4,0.67,20,3.33,290,48.33,0,0,10,1.67,10,1.67,6,1,6,1,11,1.83,23,3.83,7,1.17,9,1.5,0,0,0,0,2,0.33,457,3
9albwz5s5lga5uokre0d8b47o,Mladen Mijajlovic,M. Mijajlovic,Midfielder,Switzerland Under 17,axvcbpr8yplgnp8jvfo3azt7l,2025-11-22T11:43:44Z,436,4.84,Midfielders,am,am,1,4,2,0.41,0.83,2,0.41,6,1.24,1,0.21,0,0,0,0,28,5.79,1,0.21,0,0,69,14.26,0,0,14,2.89,0,0,0,0,30,30,6,1.24,2,0.41,0,0,0,0,0,0,9,1.86,48,48,0,0,72,34,7.02,14.88,38,53,53,7.85,102,21.07,9,1.86,37,7.64,2,0.41,0,0,0,0,0,0,6,1.24,1,0.21,0,0,0,0,3,4,4,0.83,0,0,0.83,3,0.62,3,0.62,0,0,0.62,68,32,6.61,14.05,36,7.44,0,0,0,0,0,0,3,0.62,0,0,13,2.69,0,0,3,0.62,42,8.68,145,0,0,73,73,122,25.21,0,0,2,0.41,0,0,0,0,0,0,0,0,0,0,0,0,0,0,0,0,35,7.23,15,3.1,0,0,9,4,0.83,1.86,17,3.51,0,0,0,0,24,4.96,0,0,0,0,0,0,0,0,0,0,0,0,0,0,0,0,2,0.41,8,1.65,3,3,6,1.24,0,0,5,1.03,0,0,4,0.83,6,1.24,2,0.41,15,3.1,0,0,3,0.62,3,0.62,89,18.39,62,12.81,41,8.47,94,19.42,5,1.03,7,1.45,0,0,0,0,0,0,25,5.17,6,1.24,1,0.21,0,0,1,0.21,0,0,2,0.41,9,1.86,86,17.77,131,27.07,0,0,10,2.07,97,20.04,12,2.48,27,5.58,34,7.02,248,51.24,2,0.41,6,1.24,3,0.62,16,3.31,0,0,2,0.41,30,6.2,10,2.07,32,6.61,0,0,0,0,0,0,458,10
acowi1ak24a0zc6spf532su8k,Théodore Mike Novick Pizarro,T. Pizarro,Goalkeeper,Switzerland Under 17,axvcbpr8yplgnp8jvfo3azt7l,2025-11-22T11:43:44Z,270,3,Goalkeepers,gk,gk,1,2,0,0,0.67,2,0.67,3,1,0,0,0,0,0,0,0,0,0,0,0,0,1,0.33,0,0,0,0,1,0.33,0,0,0,0,0,0,0,0,0,0,0,0,0,0,0,0,100,100,2,0.67,3,0,0,1,3,100,100,1,0,0,2,0.67,51,17,0,0,0,0,29,9.67,6,2,3,1,0,0,20,6.67,0,0,0,2,1,0.33,1,0.33,0.67,0,0,0,0,0,0,0,1,0,0,0.33,1,0.33,0,0,0,0,0,0,0,0,0,0,0,0,0,0,0,0,19,6.33,0,0,0,71,71,56,18.67,0,0,0,0,0,0,0,0,0,0,0,0,0,0,0,0,0,0,0,0,1,0.33,11,3.67,1,0.33,1,0,0,0.33,26,8.67,0,0,0,0,11,3.67,8,5,1.67,3,1,2.67,0,0,2,0.67,1,0.33,0,0,0,0,0,0,0,0,0,0,3,1,0,0,0,0,0,0,0,0,0,0,0,0,1,0.33,8,2.67,0,0,17,5.67,40,13.33,13,4.33,43,14.33,39,13,0,0,0,0,0,0,0,0,0,0,0,0,0,0,0,0,4,1.33,0,0,3,1,0,0,1,0.33,26,8.67,81,27,0,0,0,0,56,18.67,0,0,0,0,25,8.33,112,37.33,0,0,0,0,0,0,0,0,10,3.33,23,7.67,17,5.67,8,2.67,2,0.67,0,0,0,0,0,0,459,1
vbn0ij9ljlgjk2cdy4q1uj9w,Erblin Sadikaj,E. Sadikaj,Defender,Switzerland Under 17,axvcbpr8yplgnp8jvfo3azt7l,2025-11-22T11:43:44Z,495,5.5,Center Backs,cb,cb,1,14,8,1.45,2.55,6,1.09,6,1.09,0,0,0,0,0,0,17,3.09,1,0.18,12,2.18,66,12,0,0,3,0.55,1,0.18,0,0,0,0,0,0,0,0,0,0,0,0,0,0,2,0.36,0,0,0,0,33,14,2.55,6,19,58,58,3.45,3,0.55,10,1.82,81,14.73,0,0,0,0,4,0.73,0,0,6,1.09,2,0.36,4,0.73,0,0,0,5,4,0.73,1,0.18,0.91,0,0,0,0,0,0,0,19,6,1.09,3.45,13,2.36,0,0,0,0,0,0,0,0,5,0.91,1,0.18,2,0.36,0,0,127,23.09,0,0,0,89,89,263,47.82,0,0,0,0,0,0,0,0,0,0,0,0,0,0,0,0,0,0,0,0,34,6.18,8,1.45,0,0,3,2,0.36,0.55,21,3.82,0,0,0,0,51,9.27,0,0,0,0,0,0,0,0,0,0,0,0,0,0,0,0,0,0,0,0,0,0,6,1.09,0,0,1,0.18,0,0,0,0,0,0,0,0,0,0,1,0.18,0,0,9,1.64,233,42.36,65,11.82,178,32.36,234,42.55,3,0.55,7,1.27,0,0,0,0,0,0,3,0.55,0,0,0,0,1,0.18,0,0,37,6.73,1,0.18,3,0.55,39,7.09,276,50.18,0,0,0,0,243,44.18,10,1.82,1,0.18,33,6,365,66.36,0,0,0,0,0,0,1,0.18,6,1.09,16,2.91,20,3.64,13,2.36,17,3.09,0,0,0,0,0,0,460,14
2dwb36l3c83msll70wyl16exg,Nevio Scherrer,N. Scherrer,Forward,Switzerland Under 17,axvcbpr8yplgnp8jvfo3azt7l,2025-11-22T11:43:44Z,349,3.88,Strikers,st,st,1,26,7,1.8,6.7,19,4.9,6,1.55,2,0.52,0,0,0,0,26,6.7,1,0.26,1,0.26,18,4.64,0,0,7,1.8,0,0,0,0,8,8,0,0,1,0.26,0,0,0,0,0,0,5,1.29,100,100,0,0,52,20,5.15,13.4,32,62,62,8.25,67,17.27,6,1.55,12,3.09,5,1.29,2,0.52,0,0,0,0,6,1.55,2,0.52,0,0,0,0,1,1,1,0.26,0,0,0.26,1,0.26,1,0.26,0,0,0.26,26,13,3.35,6.7,13,3.35,0,0,0,0,1,0.26,1,0.26,1,0.26,5,1.29,0,0,1,0.26,11,2.84,349,5,1.29,71,71,73,18.81,0,0,1,0.26,0,0,0,0,0,0,0,0,0,0,0,0,0,0,0,0,10,2.58,7,1.8,0,0,5,1,0.26,1.29,9,2.32,0,0,0,0,25,6.44,1,0,0,0,0,0.26,0,0,0,0,0,0,0,0,0,0,7,1.8,5,1.29,12,12,5,1.29,0,0,4,1.03,1,0.26,0,0,0,0,0,0,2,0.52,0,0,6,1.55,0,0,52,13.4,39,10.05,14,3.61,53,13.66,2,0.52,2,0.52,0,0,0,0,2,0.52,5,1.29,2,0.52,4,1.03,0,0,1,0.26,11,2.84,7,1.8,7,1.8,46,11.86,74,19.07,0,0,12,3.09,53,13.66,4,1.03,28,7.22,21,5.41,153,39.43,0,0,3,0.77,3,0.77,0,0,0,0,0,0,20,5.15,4,1.03,21,5.41,1,0.26,0,0,1,0.26,461,11
1x6yenwfythiwj47vdkhvnpxw,Jill Stiel,J. Stiel,Midfielder,Switzerland Under 17,axvcbpr8yplgnp8jvfo3azt7l,2025-11-22T11:43:44Z,447,4.97,Midfielders,dm,dm,1,6,2,0.4,1.21,4,0.8,6,1.21,2,0.4,0,0,1,0.2,38,7.65,2,0.4,3,0.6,48,9.66,0,0,7,1.41,0,0,0,0,50,50,8,1.61,0,0,0,0,0,0,0,0,3,0.6,50,50,0,0,42,19,3.82,8.45,23,55,55,4.63,61,12.27,26,5.23,66,13.28,5,1.01,0,0,0,0,0,0,6,1.21,4,0.8,0,0,0,0,2,6,5,1.01,1,0.2,1.21,2,0.4,0,0,2,0.4,0.4,36,17,3.42,7.24,19,3.82,0,0,0,0,0,0,1,0.2,3,0.6,3,0.6,0,0,0,0,52,10.46,224,0,0,83,83,203,40.85,0,0,0,0,0,0,0,0,0,0,0,0,0,0,0,0,0,0,0,0,28,5.63,11,2.21,0,0,8,5,1.01,1.61,22,4.43,0,0,2,0.4,59,11.87,0,0,0,0,0,0,0,0,0,0,0,0,0,0,0,0,1,0.2,3,0.6,2,2,5,1.01,0,0,4,0.8,1,0.2,0,0,1,0.2,0,0,2,0.4,1,0.2,2,0.4,8,1.61,169,34,92,18.51,89,17.91,172,34.61,2,0.4,8,1.61,1,0.2,0,0,0,0,5,1.01,2,0.4,1,0.2,0,0,0,0,5,1.01,7,1.41,7,1.41,51,10.26,215,43.26,0,0,4,0.8,180,36.22,10,2.01,9,1.81,35,7.04,286,57.55,5,1.01,5,1.01,0,0,2,0.4,5,1.01,7,1.41,32,6.44,8,1.61,28,5.63,0,0,0,0,1,0.2,465,20
8v0e1x2y1a269sok1y7lz3bx0,Sandro Wyss,S. Wyss,Forward,Switzerland Under 17,axvcbpr8yplgnp8jvfo3azt7l,2025-11-22T11:43:44Z,309,3.43,Wingers,rm,rm,1,1,1,0.29,0.29,0,0,6,1.75,0,0,0,0,0,0,16,4.66,0,0,0,0,38,11.08,0,0,3,0.87,0,0,0,0,14,14,0,0,0,0,0,0,0,0,0,0,8,2.33,50,50,0,0,48,29,8.45,13.99,19,40,40,5.54,54,15.74,9,2.62,28,8.16,2,0.58,0,0,0,0,0,0,6,1.75,0,0,0,0,0,0,1,6,5,1.46,1,0.29,1.75,1,0.29,0,0,1,0.29,0.29,47,28,8.16,13.7,19,5.54,0,0,0,0,1,0.29,1,0.29,5,1.46,3,0.87,0,0,1,0.29,29,8.45,309,0,0,72,72,76,22.16,0,0,0,0,0,0,0,0,0,0,0,0,0,0,0,0,0,0,0,0,25,7.29,8,2.33,0,0,5,5,1.46,1.46,23,6.71,0,0,0,0,4,1.17,0,0,0,0,0,0,0,0,0,0,0,0,0,0,0,0,5,1.46,2,0.58,7,7,2,0.58,0,0,0,0,4,1.17,0,0,1,0.29,1,0.29,6,1.75,0,0,3,0.87,2,0.58,55,16.03,41,11.95,16,4.66,54,15.74,7,2.04,3,0.87,0,0,0,0,1,0.29,14,4.08,0,0,1,0.29,0,0,0,0,11,3.21,4,1.17,3,0.87,46,13.41,77,22.45,0,0,7,2.04,56,16.33,10,2.92,12,3.5,21,6.12,164,47.81,0,0,4,1.17,4,1.17,6,1.75,1,0.29,5,1.46,19,5.54,6,1.75,16,4.66,1,0.29,1,0.29,0,0,466,19
2ddk0esiijtupz3mtm6mcftas,Gil Zufferey,G. Zufferey,Defender,Switzerland Under 17,axvcbpr8yplgnp8jvfo3azt7l,2025-11-22T11:43:44Z,540,6,Center Backs,cb,cb,1,13,5,0.83,2.17,8,1.33,6,1,0,0,0,0,1,0.17,37,6.17,1,0.17,2,0.33,102,17,0,0,1,0.17,1,0.17,0,0,50,50,0,0,3,0.5,0,0,0,0,0,0,2,0.33,100,100,0,0,24,10,1.67,4,14,58,58,2.33,10,1.67,25,4.17,112,18.67,1,0.17,0,0,18,3,3,0.5,6,1,0,0,21,3.5,0,0,1,6,5,0.83,1,0.17,1,1,0.17,0,0,1,0.17,0.17,11,5,0.83,1.83,6,1,0,0,0,0,0,0,0,0,1,0.17,1,0.17,0,0,1,0.17,80,13.33,540,0,0,90,90,325,54.17,0,0,0,0,0,0,0,0,0,0,0,0,0,0,0,0,0,0,0,0,52,8.67,15,2.5,0,0,1,1,0.17,0.17,18,3,0,0,0,0,127,21.17,0,0,0,0,0,0,0,0,0,0,0,0,0,0,0,0,1,0.17,1,0.17,2,2,6,1,0,0,0,0,0,0,0,0,1,0.17,1,0.17,1,0.17,7,1.17,0,0,23,3.83,292,48.67,91,15.17,228,38,295,49.17,3,0.5,0,0,0,0,0,0,0,0,2,0.33,1,0.17,0,0,0,0,0,0,45,7.5,2,0.33,3,0.5,44,7.33,356,59.33,0,0,2,0.33,318,53,3,0.5,2,0.33,38,6.33,432,72,0,0,0,0,0,0,0,0,10,1.67,23,3.83,30,5,8,1.33,15,2.5,0,0,0,0,0,0,467,5
bti8de2ju7fsjlxp47ke20ro4,Hui-Seop Jung,Jung Hui-Seop,Defender,Korea Republic Under 17,6moqfjnemr86amj2gnqzxiipb,2025-11-25T16:46:27Z,360,4,Center Backs,cb,cb,1,12,5,1.25,3,7,1.75,4,1,0,0,0,0,0,0,8,2,0,0,3,0.75,31,7.75,0,0,0,0,1,0.25,0,0,0,0,0,0,0,0,0,0,0,0,0,0,0,0,0,0,0,0,31,9,2.25,7.75,22,71,71,5.5,0,0,2,0.5,68,17,2,0.5,0,0,4,1,1,0.25,4,1,0,0,5,1.25,0,0,0,4,4,1,0,0,1,0,0,0,0,0,0,0,19,4,1,4.75,15,3.75,0,0,0,0,0,0,0,0,5,1.25,0,0,0,0,0,0,69,17.25,0,1,0.25,86,86,153,38.25,0,0,0,0,1,0.25,0,0,0,0,0,0,0,0,0,0,0,0,0,0,15,3.75,6,1.5,0,0,4,3,0.75,1,11,2.75,0,0,0,0,17,4.25,0,0,0,0,0,0,0,0,0,0,0,0,0,0,0,0,0,0,0,0,0,0,4,1,0,0,0,0,0,0,0,0,0,0,0,0,0,0,0,0,0,0,4,1,131,32.75,24,6,115,28.75,135,33.75,7,1.75,4,1,0,0,0,0,0,0,0,0,0,0,0,0,0,0,0,0,32,8,2,0.5,4,1,23,5.75,162,40.5,0,0,0,0,139,34.75,11,2.75,0,0,23,5.75,229,57.25,0,0,0,0,0,0,0,0,6,1.5,11,2.75,9,2.25,14,3.5,12,3,0,0,0,0,2,0.5,472,4
3lqydnz4nrgly8goxr48ywoic,Do-Min Kim,Kim Do-Min,Midfielder,Korea Republic Under 17,6moqfjnemr86amj2gnqzxiipb,2025-11-25T16:46:27Z,357,3.97,Midfielders,cm,cm,1,3,2,0.5,0.76,1,0.25,4,1.01,1,0.25,1,0.25,0,0,25,6.3,0,0,2,0.5,45,11.34,0,0,6,1.51,1,0.25,0,0,0,0,7,1.76,1,0.25,0,0,0,0,0,0,10,2.52,45,45,0,0,49,27,6.8,12.34,22,45,45,5.54,42,10.58,7,1.76,58,14.61,0,0,0,0,0,0,0,0,4,1.01,1,0.25,0,0,0,0,0,4,4,1.01,0,0,1.01,0,0,0,0,0,0,0,46,25,6.3,11.59,21,5.29,0,0,0,0,0,0,0,0,2,0.5,5,1.26,0,0,0,0,42,10.58,0,0,0,78,78,147,37.03,0,0,0,0,0,0,0,0,0,0,0,0,0,0,0,0,0,0,0,0,21,5.29,5,1.26,0,0,7,3,0.76,1.76,26,6.55,0,0,0,0,27,6.8,0,0,0,0,0,0,0,0,0,0,0,0,0,0,0,0,3,0.76,0,0,0,0,4,1.01,0,0,2,0.5,0,0,0,0,1,0.25,1,0.25,5,1.26,2,0.5,1,0.25,5,1.26,115,28.97,46,11.59,75,18.89,115,28.97,4,1.01,6,1.51,0,0,0,0,0,0,16,4.03,1,0.25,0,0,0,0,0,0,5,1.26,0,0,6,1.51,63,15.87,152,38.29,0,0,3,0.76,120,30.23,10,2.52,5,1.26,32,8.06,228,57.43,5,1.26,9,2.27,4,1.01,6,1.51,2,0.5,5,1.26,29,7.3,12,3.02,27,6.8,0,0,0,0,0,0,473,7
6uvdf3yg7097jzq463d11ck5w,Do-Yeon Kim,Kim Do-Yeon,Defender,Korea Republic Under 17,6moqfjnemr86amj2gnqzxiipb,2025-11-25T16:46:27Z,165,1.83,Full Backs,lb,"lb,lm",2,4,3,1.64,2.19,1,0.55,3,1.64,1,0.55,0,0,0,0,19,10.38,0,0,0,0,14,7.65,0,0,1,0.55,0,0,0,0,0,0,0,0,0,0,0,0,0,0,0,0,1,0.55,0,0,0,0,9,6,3.28,4.92,3,33,33,1.64,19,10.38,4,2.19,22,12.02,0,0,0,0,0,0,0,0,3,1.64,1,0.55,0,0,0,0,0,3,3,1.64,0,0,1.64,0,0,0,0,0,0,0,5,3,1.64,2.73,2,1.09,0,0,0,0,0,0,0,0,0,0,0,0,0,0,0,0,0,0,0,0,0,81,81,59,32.24,0,0,0,0,0,0,0,0,0,0,0,0,0,0,0,0,0,0,0,0,9,4.92,5,2.73,0,0,2,0,0,1.09,7,3.83,0,0,0,0,19,10.38,0,0,0,0,0,0,0,0,0,0,0,0,0,0,0,0,1,0.55,0,0,0,0,2,1.09,0,0,1,0.55,1,0.55,0,0,0,0,0,0,0,0,0,0,1,0.55,1,0.55,48,26.23,20,10.93,29,15.85,48,26.23,0,0,2,1.09,0,0,1,0.55,7,3.83,1,0.55,0,0,0,0,0,0,0,0,5,2.73,1,0.55,0,0,23,12.57,60,32.79,0,0,1,0.55,49,26.78,2,1.09,2,1.09,11,6.01,88,48.09,0,0,5,2.73,5,2.73,0,0,2,1.09,3,1.64,12,6.56,4,2.19,8,4.37,0,0,0,0,0,0,474,3
2yrh42wdkn63l3o740b7i60ic,Ji-Sung Kim,Kim Ji-Sung,Midfielder,Korea Republic Under 17,6moqfjnemr86amj2gnqzxiipb,2025-11-25T16:46:27Z,305,3.39,Strikers,st,st,1,7,4,1.18,2.06,3,0.88,4,1.18,0,0,0,0,0,0,32,9.44,2,0.59,0,0,41,12.09,0,0,3,0.88,0,0,0,0,33,33,1,0.29,0,0,0,0,0,0,0,0,8,2.36,45,45,0,0,42,22,6.49,12.39,20,48,48,5.9,53,15.63,8,2.36,37,10.91,1,0.29,0,0,0,0,0,0,4,1.18,0,0,0,0,0,0,1,4,4,1.18,0,0,1.18,1,0.29,0,0,1,0.29,0.29,35,18,5.31,10.32,17,5.01,0,0,0,0,0,0,1,0.29,0,0,3,0.88,0,0,0,0,16,4.72,305,1,0.29,84,84,109,32.15,0,0,1,0.29,0,0,0,0,0,0,0,0,0,0,0,0,0,0,0,0,25,7.37,7,2.06,0,0,3,1,0.29,0.88,17,5.01,0,0,1,0.29,26,7.67,0,0,0,0,0,0,0,0,0,0,0,0,0,0,0,0,1,0.29,2,0.59,3,3,4,1.18,0,0,3,0.88,0,0,0,0,0,0,0,0,5,1.47,0,0,6,1.77,2,0.59,92,27.14,43,12.68,51,15.04,92,27.14,0,0,5,1.47,1,0.29,0,0,1,0.29,14,4.13,0,0,0,0,0,0,0,0,1,0.29,2,0.59,7,2.06,49,14.45,111,32.74,0,0,3,0.88,94,27.73,5,1.47,9,2.65,17,5.01,175,51.62,1,0.29,4,1.18,2,0.59,6,1.77,0,0,3,0.88,14,4.13,7,2.06,14,4.13,0,0,0,0,0,0,477,8
czt4d6hwe328hlkx9ccv9ssus,Min-Chan Kim,Kim Min-Chan,Defender,Korea Republic Under 17,6moqfjnemr86amj2gnqzxiipb,2025-11-25T16:46:27Z,270,3,Full Backs,lb,lb,1,4,1,0.33,1.33,3,1,3,1,0,0,0,0,0,0,20,6.67,0,0,1,0.33,17,5.67,0,0,2,0.67,1,0.33,0,0,0,0,1,0.33,2,0.67,0,0,0,0,0,0,0,0,0,0,0,0,15,5,1.67,5,10,67,67,3.33,37,12.33,7,2.33,44,14.67,2,0.67,0,0,0,0,0,0,3,1,0,0,0,0,0,0,0,3,3,1,0,0,1,0,0,0,0,0,0,0,11,4,1.33,3.67,7,2.33,0,0,0,0,0,0,0,0,2,0.67,2,0.67,1,0.33,0,0,3,1,0,1,0.33,71,71,107,35.67,0,0,1,0.33,0,0,0,0,0,0,0,0,0,0,0,0,0,0,0,0,10,3.33,5,1.67,0,0,8,1,0.33,2.67,8,2.67,0,0,0,0,42,14,0,0,0,0,0,0,0,0,0,0,0,0,0,0,0,0,0,0,0,0,0,0,3,1,0,0,0,0,0,0,1,0.33,1,0.33,0,0,0,0,4,1.33,0,0,4,1.33,76,25.33,28,9.33,51,17,74,24.67,1,0.33,3,1,0,0,14,4.67,28,9.33,1,0.33,0,0,0,0,0,0,0,0,14,4.67,2,0.67,4,1.33,55,18.33,109,36.33,0,0,0,0,78,26,4,1.33,0,0,31,10.33,195,65,0,0,4,1.33,4,1.33,1,0.33,9,3,12,4,19,6.33,16,5.33,19,6.33,0,0,0,0,0,0,479,19
2kgwlm7xzw7rkqmf5pky0u6tw,Ye-Geon Kim,Kim Ye-Geon,Midfielder,Korea Republic Under 17,6moqfjnemr86amj2gnqzxiipb,2025-11-25T16:46:27Z,342,3.8,Wingers,lm,"lm,rm",2,7,3,0.79,1.84,4,1.05,4,1.05,0,0,0,0,0,0,16,4.21,1,0.26,0,0,54,14.21,0,0,8,2.11,1,0.26,0,0,0,0,4,1.05,2,0.53,0,0,0,0,0,0,5,1.32,33,33,0,0,50,29,7.63,13.16,21,42,42,5.53,72,18.95,5,1.32,27,7.11,1,0.26,0,0,0,0,0,0,4,1.05,0,0,0,0,0,0,0,4,4,1.05,0,0,1.05,0,0,0,0,0,0,0,43,26,6.84,11.32,17,4.47,1,0.26,0,0,0,0,0,0,1,0.26,8,2.11,0,0,0,0,21,5.53,0,1,0.26,69,69,77,20.26,0,0,6,1.58,0,0,0,0,0,0,0,0,0,0,0,0,0,0,0,0,34,8.95,10,2.63,0,0,6,4,1.05,1.58,17,4.47,0,0,0,0,15,3.95,0,0,0,0,0,0,0,0,0,0,0,0,0,0,0,0,1,0.26,5,1.32,0,0,4,1.05,0,0,1,0.26,0,0,1,0.26,4,1.05,2,0.53,5,1.32,0,0,1,0.26,1,0.26,53,13.95,33,8.68,26,6.84,54,14.21,2,0.53,3,0.79,0,0,1,0.26,0,0,15,3.95,1,0.26,2,0.53,0,0,0,0,3,0.79,4,1.05,7,1.84,61,16.05,79,20.79,0,0,6,1.58,55,14.47,5,1.32,13,3.42,24,6.32,158,41.58,2,0.53,8,2.11,6,1.58,10,2.63,2,0.53,5,1.32,26,6.84,6,1.58,19,5,0,0,0,0,1,0.26,480,10
4u4eocfantmnyfzxp9fel4sgk,Hyeon-Bin Koo,Koo Hyeon-Bin,Defender,Korea Republic Under 17,6moqfjnemr86amj2gnqzxiipb,2025-11-25T16:46:27Z,360,4,Center Backs,cb,cb,1,15,6,1.5,3.75,9,2.25,4,1,0,0,0,0,1,0.25,16,4,0,0,5,1.25,55,13.75,0,0,0,0,1,0.25,0,0,100,100,0,0,0,0,0,0,0,0,0,0,0,0,0,0,0,0,21,9,2.25,5.25,12,57,57,3,3,0.75,7,1.75,67,16.75,1,0.25,0,0,20,5,0,0,4,1,0,0,20,5,0,0,1,4,4,1,0,0,1,0,0,1,0.25,0,0,0.25,6,3,0.75,1.5,3,0.75,0,0,1,0.25,0,0,0,0,4,1,0,0,0,0,0,0,54,13.5,360,0,0,86,86,198,49.5,0,0,0,0,0,0,0,0,0,0,0,0,0,0,0,0,0,0,0,0,28,7,7,1.75,0,0,4,2,0.5,1,6,1.5,0,0,0,0,90,22.5,0,0,0,0,0,0,0,0,0,0,0,0,0,0,0,0,0,0,1,0.25,1,1,4,1,0,0,0,0,0,0,0,0,0,0,0,0,0,0,0,0,0,0,9,2.25,171,42.75,35,8.75,164,41,190,47.5,1,0.25,1,0.25,0,0,0,0,0,0,0,0,0,0,0,0,0,0,1,0.25,40,10,2,0.5,1,0.25,32,8,227,56.75,0,0,1,0.25,199,49.75,2,0.5,1,0.25,28,7,297,74.25,0,0,0,0,0,0,0,0,3,0.75,8,2,15,3.75,13,3.25,20,5,0,0,0,0,1,0.25,481,5
b31dy0l2ipmd5ks6rrx7hkro4,Ye-Chan Lim,Lim Ye-Chan,Defender,Korea Republic Under 17,6moqfjnemr86amj2gnqzxiipb,2025-11-25T16:46:27Z,358,3.98,Full Backs,rb,rb,1,9,6,1.51,2.26,3,0.75,4,1.01,0,0,0,0,0,0,22,5.53,0,0,1,0.25,29,7.29,0,0,1,0.25,1,0.25,0,0,0,0,0,0,0,0,0,0,0,0,0,0,1,0.25,33,33,0,0,29,15,3.77,7.29,14,48,48,3.52,31,7.79,9,2.26,67,16.83,0,0,0,0,0,0,0,0,4,1.01,1,0.25,0,0,0,0,0,4,4,1.01,0,0,1.01,0,0,0,0,0,0,0,20,9,2.26,5.03,11,2.76,1,0.25,0,0,0,0,0,0,5,1.26,0,0,0,0,0,0,41,10.3,0,0,0,80,80,132,33.17,0,0,1,0.25,0,0,0,0,0,0,0,0,0,0,0,0,0,0,0,0,18,4.52,14,3.52,0,0,4,0,0,1.01,25,6.28,0,0,0,0,7,1.76,0,0,0,0,0,0,0,0,0,0,0,0,0,0,0,0,0,0,0,0,0,0,4,1.01,0,0,2,0.5,0,0,0,0,0,0,0,0,1,0.25,1,0.25,1,0.25,4,1.01,106,26.63,43,10.8,67,16.83,106,26.63,2,0.5,4,1.01,0,0,5,1.26,26,6.53,3,0.75,0,0,0,0,0,0,0,0,11,2.76,3,0.75,5,1.26,47,11.81,137,34.42,0,0,0,0,110,27.64,6,1.51,2,0.5,27,6.78,218,54.77,0,0,0,0,0,0,2,0.5,2,0.5,6,1.51,15,3.77,12,3.02,21,5.28,0,0,0,0,0,0,482,6
47jf33u5te5labay2qbyf7jmc,Ian Nam,Nam Ian,Forward,Korea Republic Under 17,6moqfjnemr86amj2gnqzxiipb,2025-11-25T16:46:27Z,271,3.01,Strikers,st,st,1,14,9,2.99,4.65,5,1.66,4,1.33,0,0,0,0,1,0.33,18,5.98,1,0.33,0,0,8,2.66,0,0,1,0.33,0,0,0,0,33,33,0,0,2,0.66,0,0,0,0,0,0,4,1.33,50,50,0,0,35,23,7.64,11.63,12,34,34,3.99,30,9.97,2,0.66,6,1.99,2,0.66,0,0,0,0,0,0,4,1.33,0,0,0,0,0,0,1,4,4,1.33,0,0,1.33,1,0.33,1,0.33,0,0,0.33,21,14,4.65,6.98,7,2.33,0,0,1,0.33,0,0,0,0,0,0,1,0.33,0,0,0,0,9,2.99,271,1,0.33,70,70,33,10.96,0,0,2,0.66,0,0,0,0,0,0,0,0,0,0,0,0,0,0,0,0,6,1.99,0,0,0,0,1,0,0,0.33,1,0.33,0,0,0,0,7,2.33,0,0,0,0,0,0,0,0,0,0,0,0,0,0,0,0,2,0.66,1,0.33,3,3,4,1.33,0,0,4,1.33,0,0,0,0,0,0,0,0,2,0.66,0,0,4,1.33,0,0,23,7.64,11,3.65,19,6.31,30,9.97,3,1,0,0,0,0,0,0,0,0,6,1.99,0,0,0,0,0,0,1,0.33,0,0,6,1.99,2,0.66,21,6.98,40,13.29,0,0,3,1,30,9.97,3,1,12,3.99,10,3.32,69,22.92,0,0,0,0,0,0,2,0.66,0,0,0,0,5,1.66,5,1.66,10,3.32,3,1,1,0.33,0,0,483,20
d3j4u9901eg34eefqsh4030no,Ha-Ram Oh,Oh Ha-Ram,Forward,Korea Republic Under 17,6moqfjnemr86amj2gnqzxiipb,2025-11-25T16:46:27Z,163,1.81,Wingers,rm,rm,1,4,4,2.21,2.21,0,0,3,1.66,0,0,0,0,0,0,7,3.87,0,0,0,0,11,6.08,0,0,0,0,0,0,0,0,0,0,0,0,1,0.55,0,0,0,0,0,0,0,0,33,33,0,0,23,13,7.18,12.71,10,43,43,5.52,18,9.94,1,0.55,13,7.18,2,1.1,0,0,0,0,0,0,3,1.66,0,0,0,0,0,0,0,2,2,1.1,0,0,1.1,0,0,0,0,0,0,0,19,9,4.97,10.5,10,5.52,0,0,0,0,0,0,0,0,1,0.55,0,0,0,0,0,0,7,3.87,0,0,0,71,71,28,15.47,0,0,0,0,0,0,0,0,0,0,0,0,0,0,0,0,0,0,0,0,7,3.87,2,1.1,0,0,4,1,0.55,2.21,10,5.52,0,0,0,0,2,1.1,0,0,0,0,0,0,0,0,0,0,0,0,0,0,0,0,0,0,0,0,0,0,3,1.66,0,0,3,1.66,0,0,0,0,0,0,0,0,1,0.55,0,0,3,1.66,0,0,20,11.05,11,6.08,10,5.52,21,11.6,2,1.1,6,3.31,0,0,0,0,0,0,2,1.1,0,0,0,0,0,0,0,0,2,1.1,3,1.66,1,0.55,16,8.84,29,16.02,0,0,0,0,21,11.6,8,4.42,0,0,8,4.42,56,30.94,0,0,3,1.66,3,1.66,2,1.1,0,0,0,0,9,4.97,2,1.1,8,4.42,0,0,0,0,0,0,484,17
babv1c3wp62ph7qrsl4kt8qok,Do-Hun Park,Park Do-Hun,Goalkeeper,Korea Republic Under 17,6moqfjnemr86amj2gnqzxiipb,2025-11-25T16:46:27Z,360,4,Goalkeepers,gk,gk,1,1,0,0,0.25,1,0.25,4,1,0,0,0,0,0,0,0,0,0,0,0,0,33,8.25,4,1,0,0,1,0.25,0,0,0,0,0,0,0,0,0,0,0,0,0,0,0,0,0,0,0,0,1,0,0,0.25,1,100,100,0.25,0,0,5,1.25,100,25,0,0,0,0,19,4.75,8,2,4,1,0,0,23,5.75,3,0.75,0,4,4,1,0,0,1,0,0,0,0,0,0,0,0,0,0,0,0,0,0,0,0,0,0,0,0,0,0,0,0,0,0,0,0,0,70,17.5,0,0,0,80,80,161,40.25,0,0,0,0,0,0,0,0,0,0,0,0,0,0,0,0,0,0,0,0,12,3,10,2.5,0,0,0,0,0,0,34,8.5,0,0,0,0,42,10.5,15,7,1.75,8,2,3.75,0,0,1,0.25,5,1.25,0,0,0,0,0,0,0,0,0,0,4,1,0,0,0,0,0,0,0,0,0,0,0,0,0,0,9,2.25,0,0,27,6.75,129,32.25,10,2.5,144,36,127,31.75,0,0,0,0,0,0,0,0,0,0,0,0,0,0,0,0,4,1,0,0,2,0.5,0,0,1,0.25,59,14.75,212,53,0,0,0,0,154,38.5,0,0,0,0,58,14.5,242,60.5,0,0,0,0,0,0,0,0,31,7.75,56,14,48,12,10,2.5,2,0.5,0,0,0,0,0,0,485,1
3j0bppasjcqct2buo0z2qqmfo,Hyun-Su Park,Park Hyun-Su,Midfielder,Korea Republic Under 17,6moqfjnemr86amj2gnqzxiipb,2025-11-25T16:46:27Z,360,4,Midfielders,cm,cm,1,10,4,1,2.5,6,1.5,4,1,0,0,0,0,0,0,34,8.5,2,0.5,0,0,47,11.75,0,0,2,0.5,1,0.25,0,0,0,0,0,0,1,0.25,0,0,0,0,0,0,2,0.5,100,100,0,0,32,12,3,8,20,62,62,5,29,7.25,10,2.5,65,16.25,0,0,0,0,0,0,0,0,4,1,0,0,0,0,0,0,0,4,4,1,0,0,1,0,0,0,0,0,0,0,22,8,2,5.5,14,3.5,0,0,0,0,0,0,0,0,5,1.25,2,0.5,0,0,0,0,44,11,0,0,0,79,79,182,45.5,0,0,0,0,0,0,0,0,0,0,0,0,0,0,0,0,0,0,0,0,19,4.75,7,1.75,0,0,9,3,0.75,2.25,18,4.5,0,0,0,0,43,10.75,0,0,0,0,0,0,0,0,0,0,0,0,0,0,0,0,0,0,0,0,0,0,4,1,0,0,0,0,0,0,0,0,0,0,0,0,4,1,0,0,4,1,8,2,143,35.75,60,15,87,21.75,139,34.75,2,0.5,2,0.5,1,0.25,0,0,1,0.25,2,0.5,1,0.25,0,0,0,0,0,0,12,3,3,0.75,6,1.5,43,10.75,186,46.5,0,0,0,0,147,36.75,4,1,2,0.5,39,9.75,234,58.5,0,0,0,0,0,0,0,0,7,1.75,15,3.75,28,7,11,2.75,24,6,1,0.25,0,0,0,0,486,14
8e6fu6wugcfubbm0sqze17pjo,Íñigo Borgio Cibrián,Í. Borgio,Midfielder,Mexico Under 17,c2h1764uyxuem405l4s2tipeg,2025-11-19T08:14:13Z,312,3.47,Midfielders,cm,"cm,lm,am",3,3,1,0.29,0.86,2,0.58,5,1.44,0,0,0,0,0,0,30,8.65,1,0.29,1,0.29,28,8.07,0,0,1,0.29,1,0.29,0,0,0,0,0,0,1,0.29,0,0,0,0,0,0,1,0.29,24,24,0,0,40,22,6.34,11.53,18,45,45,5.19,60,17.29,5,1.44,18,5.19,2,0.58,0,0,0,0,0,0,5,1.44,0,0,0,0,0,0,0,6,6,1.73,0,0,1.73,0,0,0,0,0,0,0,37,21,6.05,10.66,16,4.61,0,0,0,0,0,0,0,0,4,1.15,1,0.29,0,0,0,0,12,3.46,0,0,0,83,83,82,23.63,0,0,0,0,0,0,0,0,0,0,0,0,0,0,0,0,0,1,0.29,0,10,2.88,7,2.02,0,0,5,4,1.15,1.44,11,3.17,0,0,0,0,23,6.63,0,0,0,0,0,0,0,0,0,0,0,0,0,0,0,0,2,0.58,0,0,0,0,5,1.44,0,0,4,1.15,0,0,0,0,0,0,0,0,4,1.15,0,0,1,0.29,0,0,68,19.6,36,10.37,33,9.51,69,19.88,4,1.15,6,1.73,0,0,0,0,2,0.58,14,4.03,0,0,0,0,0,0,0,0,6,1.73,3,0.86,2,0.58,39,11.24,83,23.92,0,0,2,0.58,69,19.88,10,2.88,4,1.15,14,4.03,153,44.09,0,0,1,0.29,1,0.29,13,3.75,4,1.15,4,1.15,10,2.88,5,1.44,10,2.88,1,0.29,0,0,0,0,489,16
9e1tzwpkth6bsrlvuqha1o4k4,Felix Contreras,F. Contreras,Defender,Mexico Under 17,c2h1764uyxuem405l4s2tipeg,2025-11-19T08:14:13Z,360,4,Center Backs,cb,cb,1,16,8,2,4,8,2,4,1,1,0.25,0,0,0,0,7,1.75,1,0.25,6,1.5,55,13.75,0,0,1,0.25,1,0.25,1,0.25,0,0,0,0,0,0,0,0,0,0,0,0,0,0,0,0,0,0,34,18,4.5,8.5,16,47,47,4,8,2,8,2,58,14.5,6,1.5,0,0,0,0,0,0,4,1,1,0.25,0,0,0,0,0,7,7,1.75,0,0,1.75,0,0,0,0,0,0,0,18,10,2.5,4.5,8,2,0,0,0,0,0,0,0,0,8,2,0,0,0,0,0,0,92,23,0,0,0,84,84,190,47.5,0,0,0,0,1,0.25,0,0,0,0,0,0,0,0,0,0,0,0,0,0,36,9,3,0.75,0,0,1,0,0,0.25,16,4,0,0,0,0,42,10.5,0,0,0,0,0,0,0,0,0,0,0,0,0,0,0,0,2,0.5,1,0.25,0,0,4,1,0,0,0,0,0,0,0,0,0,0,0,0,0,0,1,0.25,0,0,14,3.5,160,40,33,8.25,134,33.5,153,38.25,3,0.75,1,0.25,0,0,0,0,0,0,0,0,1,0.25,0,0,1,0.25,0,0,28,7,8,2,4,1,34,8.5,199,49.75,0,0,3,0.75,167,41.75,4,1,5,1.25,32,8,261,65.25,0,0,0,0,0,0,0,0,8,2,18,4.5,25,6.25,7,1.75,14,3.5,0,0,0,0,2,0.5,490,3
f5bctghghss1tsntg40spe7f8,Michael Daniel Corona Ojeda,M. Corona,Defender,Mexico Under 17,c2h1764uyxuem405l4s2tipeg,2025-11-19T08:14:13Z,450,5,Center Backs,cb,cb,1,12,6,1.2,2.4,6,1.2,5,1,0,0,0,0,0,0,11,2.2,0,0,2,0.4,53,10.6,0,0,0,0,1,0.2,1,0.2,0,0,0,0,0,0,0,0,0,0,0,0,0,0,0,0,0,0,21,11,2.2,4.2,10,48,48,2,3,0.6,5,1,43,8.6,3,0.6,0,0,7,1.4,0,0,5,1,0,0,7,1.4,0,0,0,12,12,2.4,0,0,2.4,0,0,0,0,0,0,0,9,5,1,1.8,4,0.8,0,0,0,0,0,0,0,0,2,0.4,0,0,0,0,0,0,85,17,0,0,0,91,91,242,48.4,0,0,0,0,0,0,0,0,0,0,0,0,0,0,0,0,0,1,0.2,0,27,5.4,5,1,0,0,2,0,0,0.4,12,2.4,0,0,0,0,121,24.2,0,0,0,0,0,0,0,0,0,0,0,0,0,0,0,0,1,0.2,0,0,0,0,5,1,0,0,0,0,0,0,0,0,0,0,0,0,0,0,2,0.4,0,0,11,2.2,221,44.2,38,7.6,200,40,227,45.4,2,0.4,2,0.4,0,0,0,0,0,0,0,0,0,0,1,0.2,1,0.2,0,0,29,5.8,4,0.8,0,0,24,4.8,260,52,0,0,1,0.2,238,47.6,4,0.8,1,0.2,22,4.4,305,61,0,0,0,0,0,0,0,0,4,0.8,7,1.4,13,2.6,9,1.8,15,3,0,0,0,0,1,0.2,491,4
87ol1pdn8h3qa8zxas4i9pr10,Luis Mario Gamboa Carrillo,L. Gamboa,Forward,Mexico Under 17,c2h1764uyxuem405l4s2tipeg,2025-11-19T08:14:13Z,365,4.06,Strikers,st,"st,rm",2,18,13,3.2,4.43,5,1.23,5,1.23,1,0.25,0,0,2,0.49,13,3.2,3,0.74,1,0.25,34,8.37,0,0,2,0.49,0,0,0,0,22,22,1,0.25,6,1.48,0,0,0,0,0,0,3,0.74,53,53,0,0,54,29,7.14,13.3,25,46,46,6.16,89,21.92,0,0,13,3.2,2,0.49,0,0,0,0,0,0,5,1.23,1,0.25,0,0,0,0,2,9,9,2.22,0,0,2.22,1,0.25,2,0.49,0,0,0.49,36,16,3.94,8.87,20,4.93,0,0,1,0.25,0,0,0,0,3,0.74,1,0.25,0,0,1,0.25,16,3.94,182,4,0.99,65,65,54,13.3,0,0,2,0.49,0,0,0,0,0,0,0,0,0,0,0,0,0,1,0.25,0,22,5.42,7,1.72,0,0,2,0,0,0.49,10,2.46,0,0,0,0,13,3.2,0,0,0,0,0,0,0,0,0,0,0,0,0,0,0,0,3,0.74,6,1.48,4,4,4,0.99,0,0,4,0.99,1,0.25,0,0,3,0.74,3,0.74,10,2.46,0,0,4,0.99,2,0.49,35,8.62,31,7.64,8,1.97,34,8.37,1,0.25,6,1.48,0,0,0,0,0,0,12,2.96,1,0.25,1,0.25,0,0,2,0.49,2,0.49,3,0.74,3,0.74,64,15.76,55,13.55,0,0,9,2.22,36,8.87,7,1.72,20,4.93,19,4.68,151,37.19,0,0,18,4.43,15,3.69,9,2.22,2,0.49,3,0.74,32,7.88,5,1.23,16,3.94,0,0,0,0,1,0.25,492,7
e7f09939bfd38eu9sbwu20ro4,Gael Alejandro García Ortega,G. García,Midfielder,Mexico Under 17,c2h1764uyxuem405l4s2tipeg,2025-11-19T08:14:13Z,338,3.76,Midfielders,am,am,1,8,4,1.06,2.13,4,1.06,4,1.06,1,0.27,2,0.53,0,0,9,2.39,1,0.27,0,0,47,12.5,0,0,11,2.93,0,0,0,0,0,0,12,3.19,3,0.8,0,0,0,0,0,0,7,1.86,31,31,0,0,62,31,8.24,16.49,31,50,50,8.24,82,21.81,14,3.72,35,9.31,1,0.27,0,0,0,0,0,0,4,1.06,1,0.27,0,0,0,0,0,6,6,1.6,0,0,1.6,0,0,0,0,0,0,0,54,27,7.18,14.36,27,7.18,1,0.27,0,0,0,0,0,0,1,0.27,10,2.66,0,0,0,0,24,6.38,0,0,0,71,71,76,20.21,0,0,1,0.27,0,0,0,0,0,0,0,0,0,0,0,0,0,0,0,0,24,6.38,9,2.39,0,0,6,2,0.53,1.6,27,7.18,0,0,0,0,14,3.72,0,0,0,0,0,0,0,0,0,0,0,0,1,0.27,0,0,2,0.53,4,1.06,0,0,4,1.06,0,0,2,0.53,0,0,5,1.33,9,2.39,1,0.27,5,1.33,1,0.27,0,0,6,1.6,54,14.36,51,13.56,17,4.52,53,14.1,2,0.53,7,1.86,0,0,0,0,0,0,18,4.79,4,1.06,2,0.53,0,0,0,0,4,1.06,4,1.06,15,3.99,74,19.68,82,21.81,0,0,6,1.6,59,15.69,9,2.39,5,1.33,23,6.12,197,52.39,5,1.33,17,4.52,7,1.86,11,2.93,4,1.06,7,1.86,36,9.57,4,1.06,16,4.26,0,0,0,0,2,0.53,493,8
11f122a1wc55cm467nk5m6nf8,Jhonnatan Tadeo Grajales D'Gómez,J. Grajales,Midfielder,Mexico Under 17,c2h1764uyxuem405l4s2tipeg,2025-11-19T08:14:13Z,315,3.5,Full Backs,rb,rb,1,8,4,1.14,2.29,4,1.14,4,1.14,0,0,0,0,0,0,7,2,0,0,2,0.57,17,4.86,0,0,1,0.29,0,0,0,0,0,0,0,0,1,0.29,0,0,0,0,0,0,0,0,0,0,0,0,27,11,3.14,7.71,16,59,59,4.57,26,7.43,14,4,54,15.43,2,0.57,0,0,0,0,0,0,4,1.14,0,0,0,0,0,0,0,9,9,2.57,0,0,2.57,0,0,0,0,0,0,0,19,7,2,5.43,12,3.43,0,0,0,0,0,0,0,0,1,0.29,1,0.29,0,0,0,0,27,7.71,0,0,0,56,56,90,25.71,0,0,0,0,0,0,0,0,0,0,0,0,0,0,0,0,0,1,0.29,0,9,2.57,19,5.43,0,0,5,3,0.86,1.43,5,1.43,0,0,0,0,2,0.57,0,0,0,0,0,0,0,0,0,0,0,0,0,0,0,0,0,0,0,0,0,0,4,1.14,0,0,1,0.29,0,0,0,0,1,0.29,1,0.29,0,0,4,1.14,0,0,9,2.57,50,14.29,27,7.71,24,6.86,41,11.71,2,0.57,6,1.71,0,0,27,7.71,8,2.29,2,0.57,0,0,0,0,0,0,0,0,24,6.86,3,0.86,4,1.14,79,22.57,90,25.71,0,0,0,0,50,14.29,8,2.29,1,0.29,40,11.43,189,54,0,0,3,0.86,3,0.86,2,0.57,8,2.29,15,4.29,32,9.14,11,3.14,25,7.14,0,0,0,0,1,0.29,494,18
e18m5gehmgwyw0am5duczw8ic,Karin Alexander Hernández Luna,K. Hernández,Midfielder,Mexico Under 17,c2h1764uyxuem405l4s2tipeg,2025-11-19T08:14:13Z,139,1.54,Midfielders,cm,cm,1,5,1,0.65,3.25,4,2.6,4,2.6,0,0,0,0,0,0,4,2.6,0,0,1,0.65,17,11.04,0,0,3,1.95,0,0,0,0,0,0,2,1.3,1,0.65,0,0,0,0,0,0,3,1.95,0,0,0,0,17,8,5.19,11.04,9,53,53,5.84,20,12.99,3,1.95,23,14.94,2,1.3,0,0,0,0,0,0,4,2.6,0,0,0,0,0,0,0,3,3,1.95,0,0,1.95,0,0,0,0,0,0,0,12,7,4.55,7.79,5,3.25,0,0,0,0,0,0,0,0,3,1.95,3,1.95,0,0,0,0,12,7.79,0,0,0,59,59,44,28.57,0,0,1,0.65,0,0,0,0,0,0,0,0,0,0,0,0,0,0,0,0,6,3.9,0,0,0,0,7,3,1.95,4.55,10,6.49,0,0,0,0,7,4.55,0,0,0,0,0,0,0,0,0,0,0,0,0,0,0,0,0,0,0,0,0,0,1,0.65,0,0,1,0.65,3,1.95,1,0.65,1,0.65,0,0,0,0,0,0,0,0,3,1.95,26,16.88,18,11.69,11,7.14,25,16.23,0,0,4,2.6,0,0,0,0,0,0,3,1.95,1,0.65,0,0,0,0,0,0,4,2.6,3,1.95,1,0.65,28,18.18,46,29.87,0,0,0,0,28,18.18,4,2.6,2,1.3,18,11.69,78,50.65,1,0.65,4,2.6,3,1.95,0,0,4,2.6,6,3.9,17,11.04,5,3.25,12,7.79,0,0,0,0,2,1.3,495,20
bn2uq2094rjubyiicw6ofga38,José Humberto Mancilla López,H. Mancilla,Forward,Mexico Under 17,c2h1764uyxuem405l4s2tipeg,2025-11-19T08:14:13Z,150,1.67,Midfielders,cm,cm,1,4,3,1.8,2.4,1,0.6,4,2.4,0,0,0,0,0,0,7,4.19,0,0,1,0.6,8,4.79,0,0,0,0,0,0,0,0,0,0,0,0,0,0,0,0,0,0,0,0,1,0.6,50,50,0,0,20,12,7.19,11.98,8,40,40,4.79,22,13.17,0,0,13,7.78,3,1.8,0,0,0,0,0,0,4,2.4,0,0,0,0,0,0,0,4,4,2.4,0,0,2.4,0,0,0,0,0,0,0,16,9,5.39,9.58,7,4.19,0,0,0,0,0,0,0,0,1,0.6,0,0,0,0,0,0,6,3.59,0,1,0.6,76,76,33,19.76,0,0,0,0,0,0,0,0,0,0,0,0,0,0,0,0,0,0,0,0,5,2.99,2,1.2,0,0,3,1,0.6,1.8,3,1.8,0,0,0,0,7,4.19,0,0,0,0,0,0,0,0,0,0,0,0,0,0,0,0,1,0.6,0,0,0,0,2,1.2,0,0,2,1.2,2,1.2,0,0,0,0,0,0,1,0.6,0,0,0,0,1,0.6,25,14.97,12,7.19,13,7.78,24,14.37,2,1.2,4,2.4,0,0,0,0,1,0.6,2,1.2,0,0,0,0,0,0,0,0,0,0,6,3.59,0,0,16,9.58,33,19.76,0,0,1,0.6,25,14.97,6,3.59,3,1.8,8,4.79,55,32.93,0,0,3,1.8,3,1.8,1,0.6,0,0,1,0.6,10,5.99,1,0.6,7,4.19,0,0,0,0,2,1.2,497,14
33fq51ts09wjaxmp5w4710kr8,Kenneth Martínez Esquivel,K. Martínez,Midfielder,Mexico Under 17,c2h1764uyxuem405l4s2tipeg,2025-11-19T08:14:13Z,152,1.69,Midfielders,dm,dm,1,3,3,1.78,1.78,0,0,4,2.37,0,0,0,0,0,0,5,2.96,0,0,0,0,14,8.28,0,0,0,0,0,0,0,0,0,0,0,0,0,0,0,0,0,0,0,0,0,0,100,100,0,0,17,11,6.51,10.06,6,35,35,3.55,5,2.96,6,3.55,19,11.24,1,0.59,0,0,0,0,0,0,4,2.37,0,0,0,0,0,0,0,6,6,3.55,0,0,3.55,0,0,0,0,0,0,0,14,8,4.73,8.28,6,3.55,0,0,0,0,0,0,0,0,1,0.59,0,0,0,0,0,0,27,15.98,0,0,0,84,84,61,36.09,0,0,0,0,0,0,0,0,0,0,0,0,0,0,0,0,0,0,0,0,9,5.33,4,2.37,0,0,2,2,1.18,1.18,5,2.96,0,0,0,0,13,7.69,0,0,0,0,0,0,0,0,0,0,0,0,0,0,0,0,0,0,0,0,0,0,1,0.59,0,0,1,0.59,3,1.78,0,0,0,0,0,0,1,0.59,2,1.18,2,1.18,4,2.37,51,30.18,18,10.65,35,20.71,49,28.99,2,1.18,3,1.78,0,0,0,0,1,0.59,0,0,0,0,0,0,0,0,0,0,6,3.55,4,2.37,0,0,16,9.47,64,37.87,0,0,0,0,53,31.36,5,2.96,1,0.59,11,6.51,87,51.48,0,0,0,0,0,0,0,0,2,1.18,4,2.37,7,4.14,4,2.37,7,4.14,0,0,0,0,1,0.59,498,6
7acgv7vtkcjszunh1cea06b6c,Ian Fernando Olvera Chavarría,I. Olvera,Defender,Mexico Under 17,c2h1764uyxuem405l4s2tipeg,2025-11-19T08:14:13Z,450,5,Full Backs,lb,lb,1,15,8,1.6,3,7,1.4,5,1,2,0.4,0,0,0,0,44,8.8,0,0,2,0.4,52,10.4,0,0,3,0.6,1,0.2,0,0,33,33,0,0,1,0.2,0,0,0,0,0,0,4,0.8,47,47,0,0,64,31,6.2,12.8,33,52,52,6.6,70,14,23,4.6,84,16.8,1,0.2,0,0,0,0,0,0,5,1,2,0.4,0,0,0,0,1,12,12,2.4,0,0,2.4,0,0,1,0.2,0,0,0.2,49,23,4.6,9.8,26,5.2,0,0,1,0.2,2,0.4,1,0.2,6,1.2,1,0.2,0,0,0,0,4,0.8,450,0,0,75,75,185,37,0,0,2,0.4,0,0,0,0,0,0,0,0,0,0,0,0,0,1,0.2,0,25,5,35,7,0,0,5,3,0.6,1,21,4.2,0,0,0,0,62,12.4,0,0,0,0,0,0,0,0,0,0,0,0,0,0,0,0,1,0.2,2,0.4,3,3,5,1,0,0,0,0,0,0,0,0,4,0.8,4,0.8,9,1.8,3,0.6,0,0,9,1.8,139,27.8,56,11.2,96,19.2,139,27.8,3,0.6,5,1,0,0,19,3.8,36,7.2,14,2.8,2,0.4,2,0.4,0,0,1,0.2,21,4.2,4,0.8,9,1.8,100,20,194,38.8,0,0,3,0.6,148,29.6,8,1.6,3,0.6,46,9.2,364,72.8,0,0,11,2.2,11,2.2,10,2,6,1.2,19,3.8,46,9.2,11,2.2,27,5.4,0,0,1,0.2,0,0,500,5
99b7bo7vkfhvkni6wlkfef95g,Oscar Rafino Pineda Torres,O. Pineda,Midfielder,Mexico Under 17,c2h1764uyxuem405l4s2tipeg,2025-11-19T08:14:13Z,431,4.79,Midfielders,cm,"cm,dm",2,6,1,0.21,1.25,5,1.04,5,1.04,0,0,0,0,0,0,18,3.76,0,0,4,0.84,36,7.52,0,0,1,0.21,1,0.21,0,0,0,0,0,0,0,0,0,0,0,0,0,0,4,0.84,67,67,0,0,44,24,5.01,9.19,20,45,45,4.18,16,3.34,8,1.67,29,6.05,3,0.63,0,0,0,0,0,0,5,1.04,0,0,0,0,0,0,0,12,12,2.51,0,0,2.51,0,0,0,0,0,0,0,38,23,4.8,7.93,15,3.13,1,0.21,0,0,0,0,0,0,2,0.42,1,0.21,0,0,0,0,50,10.44,0,0,0,81,81,129,26.93,0,0,0,0,0,0,0,0,0,0,0,0,0,0,0,0,0,1,0.21,0,19,3.97,8,1.67,0,0,6,5,1.04,1.25,17,3.55,0,0,0,0,40,8.35,0,0,0,0,0,0,0,0,0,0,0,0,0,0,0,0,2,0.42,0,0,0,0,5,1.04,0,0,1,0.21,0,0,0,0,0,0,0,0,4,0.84,1,0.21,0,0,8,1.67,105,21.92,43,8.98,69,14.41,104,21.71,3,0.63,8,1.67,0,0,0,0,0,0,6,1.25,0,0,0,0,0,0,0,0,7,1.46,10,2.09,0,0,34,7.1,137,28.6,0,0,2,0.42,112,23.38,11,2.3,0,0,25,5.22,191,39.87,0,0,0,0,0,0,2,0.42,4,0.84,7,1.46,16,3.34,9,1.88,18,3.76,1,0.21,0,0,0,0,501,15
36ry63nnh916exka27vmzuvis,Máximo Reyes Nájera,M. Reyes,Forward,Mexico Under 17,c2h1764uyxuem405l4s2tipeg,2025-11-19T08:14:13Z,113,1.26,Strikers,st,st,1,13,8,6.35,10.32,5,3.97,4,3.17,0,0,1,0.79,0,0,9,7.14,0,0,0,0,16,12.7,0,0,1,0.79,0,0,0,0,0,0,0,0,0,0,0,0,0,0,0,0,1,0.79,83,83,0,0,28,10,7.94,22.22,18,64,64,14.29,36,28.57,2,1.59,6,4.76,0,0,0,0,0,0,0,0,4,3.17,0,0,0,0,0,0,0,5,5,3.97,0,0,3.97,0,0,0,0,0,0,0,15,2,1.59,11.9,13,10.32,0,0,0,0,0,0,0,0,0,0,1,0.79,0,0,0,0,0,0,0,0,0,68,68,22,17.46,0,0,1,0.79,0,0,0,0,0,0,0,0,0,0,0,0,0,0,0,0,10,7.94,2,1.59,0,0,2,1,0.79,1.59,6,4.76,0,0,0,0,7,5.56,0,0,0,0,0,0,0,0,0,0,0,0,0,0,0,0,1,0.79,3,2.38,0,0,1,0.79,0,0,1,0.79,3,2.38,0,0,1,0.79,1,0.79,5,3.97,1,0.79,0,0,1,0.79,15,11.9,10,7.94,6,4.76,14,11.11,3,2.38,4,3.17,0,0,0,0,0,0,2,1.59,0,0,1,0.79,0,0,0,0,0,0,1,0.79,1,0.79,18,14.29,22,17.46,0,0,4,3.17,15,11.9,7,5.56,3,2.38,7,5.56,57,45.24,0,0,3,2.38,3,2.38,1,0.79,0,0,1,0.79,10,7.94,0,0,6,4.76,0,0,0,0,0,0,502,10
6jz7tez3ak2tyia4la0tcv40k,Santiago López Rodríguez,S. López,Goalkeeper,Mexico Under 17,c2h1764uyxuem405l4s2tipeg,2025-11-19T08:14:13Z,448,4.98,Goalkeepers,gk,gk,1,2,0,0,0.4,2,0.4,5,1,0,0,0,0,0,0,0,0,0,0,0,0,21,4.22,5,1,0,0,1,0.2,0,0,0,0,0,0,0,0,1,0.2,0,0,0,0,0,0,0,0,1,0.2,9,4,0.8,1.81,5,56,56,1,0,0,7,1.41,80,16.06,2,0.4,0,0,30,6.02,13,2.61,5,1,0,0,33,6.63,0,0,0,12,12,2.41,0,0,2.41,0,0,0,0,0,0,0,7,4,0.8,1.41,3,0.6,0,0,0,0,0,0,0,0,0,0,0,0,0,0,0,0,28,5.62,0,0,0,83,83,82,16.47,0,0,0,0,0,0,1,0.2,2,0.4,0,0,0,0,0,0,0,1,0.2,0,16,3.21,17,3.41,1,0.2,0,0,0,0,40,8.03,0,0,0,0,31,6.22,9,7,1.41,2,0.4,1.81,0,0,0,0,3,0.6,0,0,0,0,0,0,0,0,0,0,5,1,1,0.2,0,0,0,0,0,0,0,0,0,0,0,0,7,1.41,0,0,32,6.43,68,13.65,23,4.62,78,15.66,69,13.86,0,0,0,0,0,0,0,0,0,0,0,0,0,0,0,0,1,0.2,0,0,5,1,2,0.4,4,0.8,38,7.63,139,27.91,1,0.2,0,0,101,20.28,0,0,0,0,38,7.63,173,34.74,0,0,0,0,0,0,0,0,20,4.02,37,7.43,30,6.02,8,1.61,1,0.2,0,0,1,0.2,0,0,503,1
6zbh113s6ptjof2wruzj6bfo4,Jorge Sánchez Ramos,J. Sánchez,Midfielder,Mexico Under 17,c2h1764uyxuem405l4s2tipeg,2025-11-19T08:14:13Z,84,0.93,Wingers,lm,lm,1,1,1,1.08,1.08,0,0,3,3.23,0,0,0,0,0,0,4,4.3,0,0,0,0,9,9.68,0,0,0,0,0,0,0,0,0,0,0,0,0,0,0,0,0,0,0,0,3,3.23,67,67,0,0,22,11,11.83,23.66,11,50,50,11.83,8,8.6,0,0,5,5.38,0,0,0,0,0,0,0,0,3,3.23,0,0,0,0,0,0,0,3,3,3.23,0,0,3.23,0,0,0,0,0,0,0,21,10,10.75,22.58,11,11.83,0,0,0,0,0,0,0,0,2,2.15,0,0,0,0,0,0,0,0,0,0,0,67,67,9,9.68,0,0,1,1.08,0,0,0,0,0,0,0,0,0,0,0,0,0,1,1.08,0,3,3.23,1,1.08,0,0,3,3,3.23,3.23,3,3.23,0,0,0,0,0,0,0,0,0,0,0,0,0,0,0,0,0,0,0,0,0,0,1,1.08,0,0,0,0,1,1.08,0,0,1,1.08,2,2.15,0,0,0,0,0,0,2,2.15,0,0,0,0,0,0,6,6.45,3,3.23,3,3.23,6,6.45,1,1.08,6,6.45,0,0,0,0,0,0,4,4.3,0,0,0,0,0,0,0,0,0,0,0,0,2,2.15,12,12.9,9,9.68,0,0,1,1.08,6,6.45,7,7.53,2,2.15,3,3.23,35,37.63,0,0,1,1.08,1,1.08,1,1.08,0,0,0,0,3,3.23,1,1.08,3,3.23,0,0,0,0,0,0,504,17
epprtndgljyo4k1xv5syljd3o,Adrián Itzani Villa Zárate,A. Villa,Defender,Mexico Under 17,c2h1764uyxuem405l4s2tipeg,2025-11-19T08:14:13Z,257,2.86,Full Backs,rb,"rb,dm",2,12,4,1.4,4.2,8,2.8,4,1.4,0,0,0,0,0,0,9,3.15,1,0.35,1,0.35,16,5.59,0,0,1,0.35,0,0,0,0,0,0,0,0,1,0.35,0,0,0,0,0,0,2,0.7,25,25,0,0,34,16,5.59,11.89,18,53,53,6.29,41,14.34,9,3.15,37,12.94,4,1.4,0,0,0,0,0,0,4,1.4,0,0,0,0,0,0,0,9,9,3.15,0,0,3.15,0,0,0,0,0,0,0,22,12,4.2,7.69,10,3.5,0,0,0,0,0,0,0,0,4,1.4,1,0.35,0,0,0,0,20,6.99,0,0,0,73,73,70,24.48,0,0,1,0.35,0,0,0,0,0,0,0,0,0,0,0,0,0,1,0.35,0,11,3.85,12,4.2,0,0,4,2,0.7,1.4,7,2.45,0,0,0,0,6,2.1,0,0,0,0,0,0,0,0,0,0,0,0,0,0,0,0,1,0.35,0,0,0,0,2,0.7,0,0,0,0,2,0.7,0,0,3,1.05,3,1.05,1,0.35,2,0.7,0,0,4,1.4,51,17.83,33,11.54,23,8.04,49,17.13,2,0.7,1,0.35,0,0,5,1.75,6,2.1,5,1.75,1,0.35,0,0,0,0,0,0,11,3.85,4,1.4,6,2.1,38,13.29,72,25.17,0,0,1,0.35,53,18.53,3,1.05,0,0,19,6.64,138,48.25,0,0,4,1.4,4,1.4,3,1.05,2,0.7,5,1.75,21,7.34,2,0.7,14,4.9,0,0,0,0,0,0,507,2
dtjam32y7cacqmmry5pxwng9g,Lucca Joel Vuoso Ramos,L. Vuoso,Forward,Mexico Under 17,c2h1764uyxuem405l4s2tipeg,2025-11-19T08:14:13Z,112,1.24,Strikers,st,st,1,3,2,1.61,2.42,1,0.81,3,2.42,0,0,0,0,0,0,9,7.26,0,0,0,0,12,9.68,0,0,2,1.61,0,0,0,0,0,0,0,0,1,0.81,0,0,0,0,0,0,4,3.23,60,60,0,0,20,13,10.48,16.13,7,35,35,5.65,31,25,1,0.81,5,4.03,2,1.61,0,0,0,0,0,0,3,2.42,0,0,0,0,0,0,0,5,5,4.03,0,0,4.03,0,0,0,0,0,0,0,17,11,8.87,13.71,6,4.84,0,0,0,0,0,0,0,0,0,0,2,1.61,0,0,0,0,5,4.03,0,0,0,74,74,19,15.32,0,0,0,0,0,0,0,0,0,0,0,0,0,0,0,0,0,0,0,0,5,4.03,1,0.81,0,0,0,0,0,0,2,1.61,0,0,0,0,5,4.03,0,0,0,0,0,0,0,0,0,0,0,0,0,0,0,0,2,1.61,0,0,0,0,1,0.81,0,0,1,0.81,2,1.61,0,0,0,0,0,0,3,2.42,1,0.81,2,1.61,1,0.81,14,11.29,10,8.06,9,7.26,18,14.52,1,0.81,1,0.81,0,0,0,0,0,0,6,4.84,0,0,0,0,0,0,0,0,0,0,3,2.42,1,0.81,20,16.13,24,19.35,0,0,2,1.61,19,15.32,2,1.61,6,4.84,5,4.03,53,42.74,0,0,1,0.81,1,0.81,2,1.61,0,0,0,0,5,4.03,1,0.81,5,4.03,0,0,0,0,2,1.61,508,19
4fu382i630gurj7nxs329hrf8,Aldo Patricio de Nigris González,A. de Nigris,Forward,Mexico Under 17,c2h1764uyxuem405l4s2tipeg,2025-11-19T08:14:13Z,309,3.43,Strikers,st,st,1,22,11,3.21,6.41,11,3.21,5,1.46,0,0,0,0,1,0.29,20,5.83,0,0,0,0,3,0.87,0,0,1,0.29,0,0,0,0,50,50,0,0,0,0,0,0,0,0,0,0,2,0.58,0,0,0,0,39,23,6.71,11.37,16,41,41,4.66,33,9.62,3,0.87,10,2.92,1,0.29,0,0,0,0,0,0,5,1.46,0,0,0,0,0,0,2,6,6,1.75,0,0,1.75,1,0.29,2,0.58,0,0,0.58,17,12,3.5,4.96,5,1.46,1,0.29,2,0.58,0,0,1,0.29,0,0,1,0.29,0,0,0,0,10,2.92,154,1,0.29,58,58,38,11.08,0,0,0,0,0,0,0,0,0,0,0,0,0,0,0,0,0,1,0.29,0,1,0.29,0,0,0,0,5,2,0.58,1.46,1,0.29,0,0,0,0,8,2.33,0,0,0,0,0,0,0,0,0,0,0,0,0,0,0,0,1,0.29,3,0.87,2,2,4,1.17,0,0,4,1.17,1,0.29,0,0,0,0,0,0,0,0,0,0,6,1.75,0,0,22,6.41,19,5.54,13,3.79,32,9.33,0,0,0,0,0,0,0,0,0,0,2,0.58,0,0,0,0,0,0,2,0.58,5,1.46,10,2.92,6,1.75,25,7.29,48,13.99,0,0,4,1.17,32,9.33,0,0,10,2.92,16,4.66,81,23.62,0,0,0,0,0,0,0,0,0,0,1,0.29,13,3.79,3,0.87,15,4.37,2,0.58,0,0,0,0,509,9
eetekbuak21g1q2rcl514pd04,Assabie Marc-Orel Eric Ahui,A. Ahui,Defender,Côte d'Ivoire Under 17,6hm120t3jihvar6y99hv5f3wl,2025-11-13T11:41:37Z,45,0.5,Full Backs,rb,rb,1,0,0,0,0,0,0,1,2,0,0,0,0,0,0,3,6,0,0,0,0,3,6,0,0,1,2,0,0,0,0,0,0,0,0,0,0,0,0,0,0,0,0,0,0,0,0,0,0,1,1,2,2,0,0,0,0,5,10,1,2,9,18,1,2,0,0,0,0,0,0,1,2,0,0,0,0,0,0,0,2,1,2,1,2,4,0,0,0,0,0,0,0,1,1,2,2,0,0,0,0,0,0,0,0,0,0,0,0,1,2,0,0,0,0,9,18,0,0,0,90,90,20,40,0,0,0,0,0,0,0,0,0,0,0,0,0,0,0,0,0,0,0,0,2,4,0,0,0,0,1,1,2,2,4,8,0,0,0,0,0,0,0,0,0,0,0,0,0,0,0,0,0,0,0,0,0,0,0,0,0,0,0,0,1,2,0,0,1,2,0,0,0,0,0,0,0,0,0,0,0,0,0,0,1,2,18,36,6,12,13,26,18,36,0,0,0,0,0,0,0,0,4,8,0,0,0,0,0,0,0,0,0,0,0,0,1,2,0,0,5,10,21,42,0,0,0,0,19,38,0,0,0,0,2,4,31,62,0,0,1,2,1,2,0,0,0,0,2,4,3,6,0,0,0,0,0,0,0,0,0,0,510,12
b93x01jyhcpjvd4fhb94iyivo,Youbah Coulibaly,Y. Coulibaly,Forward,Côte d'Ivoire Under 17,6hm120t3jihvar6y99hv5f3wl,2025-11-13T11:41:37Z,57,0.63,Strikers,st,st,1,1,1,1.59,1.59,0,0,2,3.17,0,0,0,0,0,0,5,7.94,0,0,0,0,6,9.52,0,0,1,1.59,0,0,0,0,0,0,0,0,1,1.59,0,0,0,0,0,0,1,1.59,0,0,0,0,3,2,3.17,4.76,1,33,33,1.59,5,7.94,2,3.17,3,4.76,0,0,0,0,0,0,0,0,2,3.17,0,0,0,0,0,0,0,3,2,3.17,1,1.59,4.76,0,0,0,0,0,0,0,2,1,1.59,3.17,1,1.59,0,0,0,0,0,0,0,0,0,0,1,1.59,0,0,0,0,1,1.59,0,0,0,100,100,8,12.7,0,0,0,0,0,0,0,0,0,0,0,0,0,0,0,0,0,1,1.59,0,4,6.35,0,0,0,0,1,0,0,1.59,2,3.17,0,0,0,0,1,1.59,0,0,0,0,0,0,0,0,0,0,0,0,0,0,0,0,0,0,0,0,0,0,1,1.59,0,0,1,1.59,1,1.59,0,0,0,0,0,0,0,0,0,0,0,0,0,0,8,12.7,5,7.94,5,7.94,10,15.87,0,0,1,1.59,0,0,0,0,2,3.17,1,1.59,0,0,0,0,0,0,0,0,0,0,0,0,0,0,4,6.35,10,15.87,0,0,0,0,10,15.87,1,1.59,0,0,0,0,19,30.16,0,0,1,1.59,1,1.59,0,0,0,0,0,0,1,1.59,0,0,0,0,0,0,0,0,0,0,512,15
99jk545rn2lv4a7i2wxh8hyqc,Vaboué Doumbia,V. Doumbia,Defender,Côte d'Ivoire Under 17,6hm120t3jihvar6y99hv5f3wl,2025-11-13T11:41:37Z,224,2.49,Full Backs,rb,rb,1,3,1,0.4,1.2,2,0.8,3,1.2,0,0,0,0,0,0,14,5.62,2,0.8,0,0,35,14.06,0,0,4,1.61,0,0,0,0,0,0,0,0,2,0.8,0,0,0,0,0,0,3,1.2,22,22,0,0,26,15,6.02,10.44,11,42,42,4.42,53,21.29,12,4.82,25,10.04,3,1.2,0,0,0,0,0,0,3,1.2,0,0,0,0,0,0,0,6,4,1.61,2,0.8,2.41,0,0,0,0,0,0,0,23,14,5.62,9.24,9,3.61,1,0.4,0,0,0,0,0,0,6,2.41,4,1.61,0,0,0,0,27,10.84,0,0,0,83,83,64,25.7,0,0,0,0,0,0,0,0,0,0,0,0,0,0,0,0,0,1,0.4,0,25,10.04,19,7.63,0,0,3,3,1.2,1.2,12,4.82,0,0,0,0,2,0.8,0,0,0,0,0,0,0,0,0,0,0,0,0,0,0,0,1,0.4,0,0,0,0,2,0.8,0,0,1,0.4,1,0.4,0,0,5,2.01,5,2.01,2,0.8,0,0,0,0,4,1.61,53,21.29,35,14.06,25,10.04,51,20.48,1,0.4,2,0.8,1,0.4,7,2.81,13,5.22,10,4.02,1,0.4,0,0,0,0,0,0,4,1.61,4,1.61,4,1.61,50,20.08,68,27.31,0,0,1,0.4,55,22.09,3,1.2,5,2.01,13,5.22,153,61.45,0,0,9,3.61,9,3.61,7,2.81,1,0.4,4,1.61,21,8.43,1,0.4,9,3.61,0,0,0,0,1,0.4,513,13
4mgxpv4o6b2h2vbvsqaigwduc,Alynho Haïdara,A. Haïdara,Forward,Côte d'Ivoire Under 17,6hm120t3jihvar6y99hv5f3wl,2025-11-13T11:41:37Z,193,2.14,Strikers,st,st,1,13,5,2.34,6.07,8,3.74,3,1.4,0,0,1,0.47,0,0,11,5.14,3,1.4,0,0,13,6.07,0,0,4,1.87,0,0,0,0,0,0,0,0,1,0.47,0,0,0,0,0,0,4,1.87,60,60,0,0,27,15,7.01,12.62,12,44,44,5.61,79,36.92,3,1.4,11,5.14,3,1.4,0,0,0,0,0,0,3,1.4,0,0,0,0,0,0,0,5,3,1.4,2,0.93,2.34,0,0,0,0,0,0,0,14,10,4.67,6.54,4,1.87,0,0,0,0,0,0,0,0,0,0,4,1.87,0,0,0,0,14,6.54,0,5,2.34,71,71,48,22.43,0,0,1,0.47,0,0,0,0,0,0,0,0,0,0,0,0,0,0,0,0,8,3.74,3,1.4,0,0,4,3,1.4,1.87,3,1.4,0,0,0,0,19,8.88,0,0,0,0,0,0,0,0,0,0,0,0,0,0,0,0,11,5.14,2,0.93,0,0,2,0.93,0,0,1,0.47,1,0.47,0,0,0,0,0,0,3,1.4,0,0,5,2.34,5,2.34,34,15.89,30,14.02,11,5.14,36,16.82,0,0,0,0,0,0,0,0,0,0,6,2.8,0,0,3,1.4,0,0,0,0,0,0,4,1.87,1,0.47,44,20.56,55,25.7,0,0,13,6.07,41,19.16,0,0,22,10.28,14,6.54,115,53.74,0,0,5,2.34,4,1.87,2,0.93,0,0,1,0.47,19,8.88,0,0,13,6.07,0,0,0,0,1,0.47,514,9
eqthk6uk9irf27274tahh7gus,Kouadio Achille Koffi,K. Koffi,Defender,Côte d'Ivoire Under 17,6hm120t3jihvar6y99hv5f3wl,2025-11-13T11:41:37Z,270,3,Center Backs,cb,cb,1,10,6,2,3.33,4,1.33,3,1,0,0,0,0,0,0,3,1,0,0,2,0.67,21,7,0,0,2,0.67,0,0,0,0,0,0,0,0,0,0,0,0,0,0,0,0,0,0,0,0,0,0,21,10,3.33,7,11,52,52,3.67,4,1.33,6,2,28,9.33,1,0.33,0,0,0,0,0,0,3,1,0,0,0,0,0,0,0,8,5,1.67,3,1,2.67,0,0,0,0,0,0,0,11,4,1.33,3.67,7,2.33,0,0,0,0,0,0,0,0,6,2,2,0.67,1,0.33,0,0,28,9.33,0,0,0,84,84,92,30.67,0,0,0,0,0,0,1,0.33,0,0,0,0,0,0,0,0,0,1,0.33,0,5,1.67,5,1.67,0,0,0,0,0,0,14,4.67,0,0,0,0,35,11.67,0,0,0,0,0,0,0,0,0,0,0,0,0,0,0,0,0,0,0,0,0,0,3,1,0,0,0,0,0,0,0,0,1,0.33,1,0.33,0,0,1,0.33,0,0,7,2.33,77,25.67,16,5.33,63,21,71,23.67,1,0.33,2,0.67,0,0,0,0,0,0,0,0,0,0,0,0,0,0,0,0,16,5.33,2,0.67,4,1.33,20,6.67,94,31.33,0,0,0,0,78,26,3,1,0,0,16,5.33,137,45.67,0,0,0,0,0,0,0,0,6,2,8,2.67,11,3.67,5,1.67,8,2.67,0,0,0,0,1,0.33,516,3
dnmufd8nbt8djqzb3t30uwys4,Kouassi Emmanuel Achille Kouadio,K. Kouadio,Forward,Côte d'Ivoire Under 17,6hm120t3jihvar6y99hv5f3wl,2025-11-13T11:41:37Z,93,1.03,Wingers,rm,rm,1,3,1,0.97,2.91,2,1.94,2,1.94,0,0,0,0,0,0,6,5.83,1,0.97,0,0,16,15.53,0,0,1,0.97,0,0,0,0,0,0,0,0,0,0,0,0,0,0,0,0,1,0.97,60,60,0,0,12,6,5.83,11.65,6,50,50,5.83,30,29.13,2,1.94,8,7.77,0,0,0,0,0,0,0,0,2,1.94,0,0,0,0,0,0,0,4,2,1.94,2,1.94,3.88,0,0,0,0,0,0,0,9,5,4.85,8.74,4,3.88,0,0,0,0,0,0,0,0,1,0.97,1,0.97,0,0,0,0,12,11.65,0,0,0,80,80,30,29.13,0,0,0,0,0,0,0,0,0,0,0,0,0,0,0,0,0,0,0,0,9,8.74,4,3.88,0,0,1,0,0,0.97,2,1.94,0,0,0,0,4,3.88,0,0,0,0,0,0,0,0,0,0,0,0,0,0,0,0,1,0.97,1,0.97,0,0,1,0.97,0,0,2,1.94,1,0.97,0,0,0,0,0,0,3,2.91,0,0,0,0,0,0,24,23.3,18,17.48,6,5.83,24,23.3,0,0,1,0.97,0,0,0,0,0,0,3,2.91,0,0,0,0,0,0,0,0,0,0,0,0,0,0,19,18.45,30,29.13,0,0,2,1.94,24,23.3,1,0.97,3,2.91,6,5.83,53,51.46,0,0,3,2.91,3,2.91,2,1.94,0,0,0,0,9,8.74,0,0,6,5.83,0,0,0,0,0,0,519,17
9kea3fzdxqgd5oyn5yf7jci6s,Christ Yannick Kouassi,C. Kouassi,Goalkeeper,Côte d'Ivoire Under 17,6hm120t3jihvar6y99hv5f3wl,2025-11-13T11:41:37Z,270,3,Goalkeepers,gk,gk,1,1,0,0,0.33,1,0.33,3,1,0,0,0,0,0,0,0,0,0,0,0,0,11,3.67,3,1,0,0,0,0,0,0,0,0,0,0,0,0,0,0,0,0,0,0,0,0,0,0,0,0,1,0,0,0.33,1,100,100,0.33,0,0,2,0.67,34,11.33,0,0,0,0,16,5.33,3,1,3,1,0,0,10,3.33,1,0.33,0,8,5,1.67,3,1,2.67,0,0,0,0,0,0,0,0,0,0,0,0,0,0,0,0,0,0,0,0,0,0,0,0,0,0,0,0,0,12,4,0,0,0,70,70,33,11,0,0,0,0,0,0,0,0,2,0.67,0,0,1,0.33,0,0,0,1,0.33,0,8,2.67,6,2,0,0,0,0,0,0,25,8.33,0,0,0,0,10,3.33,10,6,2,4,1.33,3.33,1,0.33,0,0,2,0.67,0,0,0,0,0,0,0,0,0,0,3,1,0,0,0,0,0,0,0,0,0,0,0,0,0,0,3,1,0,0,13,4.33,23,7.67,9,3,23,7.67,19,6.33,0,0,0,0,0,0,0,0,0,0,0,0,0,0,0,0,2,0.67,0,0,2,0.67,0,0,0,0,25,8.33,56,18.67,0,0,0,0,32,10.67,0,0,0,0,24,8,82,27.33,0,0,0,0,0,0,0,0,10,3.33,24,8,20,6.67,4,1.33,0,0,0,0,0,0,0,0,520,1
amh14jytitbh8iro4wifgi87o,Cheick Ahmed Tijane Malo,C. Malo,Midfielder,Côte d'Ivoire Under 17,6hm120t3jihvar6y99hv5f3wl,2025-11-13T11:41:37Z,73,0.81,Midfielders,cm,cm,1,2,0,0,2.47,2,2.47,1,1.23,0,0,0,0,0,0,9,11.11,0,0,0,0,12,14.81,0,0,1,1.23,0,0,0,0,0,0,0,0,0,0,0,0,0,0,0,0,0,0,75,75,0,0,11,4,4.94,13.58,7,64,64,8.64,12,14.81,4,4.94,9,11.11,0,0,0,0,0,0,0,0,1,1.23,0,0,0,0,0,0,0,4,2,2.47,2,2.47,4.94,0,0,0,0,0,0,0,9,4,4.94,11.11,5,6.17,0,0,0,0,0,0,0,0,1,1.23,1,1.23,0,0,0,0,7,8.64,0,0,0,89,89,37,45.68,0,0,1,1.23,0,0,0,0,0,0,0,0,0,0,0,0,0,0,0,0,5,6.17,3,3.7,0,0,1,1,1.23,1.23,5,6.17,0,0,0,0,13,16.05,0,0,0,0,0,0,0,0,0,0,0,0,0,0,0,0,1,1.23,0,0,0,0,1,1.23,0,0,1,1.23,0,0,0,0,0,0,0,0,3,3.7,1,1.23,3,3.7,5,6.17,33,40.74,15,18.52,19,23.46,29,35.8,1,1.23,1,1.23,0,0,0,0,0,0,1,1.23,0,0,0,0,0,0,0,0,1,1.23,0,0,0,0,9,11.11,38,46.91,0,0,1,1.23,34,41.98,2,2.47,1,1.23,4,4.94,53,65.43,0,0,2,2.47,2,2.47,1,1.23,0,0,1,1.23,3,3.7,3,3.7,3,3.7,1,1.23,0,0,0,0,521,14
4vxwp5cbdzifbak18i15vvmdw,Aboubacar Sidick Meite,A. Meite,Defender,Côte d'Ivoire Under 17,6hm120t3jihvar6y99hv5f3wl,2025-11-13T11:41:37Z,270,3,Full Backs,lb,lb,1,9,3,1,3,6,2,3,1,0,0,1,0.33,0,0,10,3.33,0,0,0,0,41,13.67,0,0,5,1.67,0,0,0,0,0,0,5,1.67,0,0,0,0,0,0,0,0,1,0.33,29,29,0,0,29,13,4.33,9.67,16,55,55,5.33,59,19.67,14,4.67,62,20.67,1,0.33,0,0,0,0,0,0,3,1,0,0,0,0,0,0,0,8,5,1.67,3,1,2.67,0,0,0,0,0,0,0,20,10,3.33,6.67,10,3.33,0,0,0,0,0,0,0,0,6,2,5,1.67,0,0,0,0,4,1.33,0,0,0,83,83,105,35,0,0,1,0.33,0,0,0,0,0,0,0,0,0,0,0,0,0,1,0.33,0,24,8,21,7,0,0,5,3,1,1.67,11,3.67,0,0,0,0,33,11,0,0,0,0,0,0,0,0,0,0,0,0,0,0,0,0,2,0.67,0,0,0,0,3,1,0,0,0,0,0,0,1,0.33,6,2,4,1.33,2,0.67,0,0,0,0,3,1,87,29,56,18.67,41,13.67,88,29.33,0,0,3,1,0,0,8,2.67,21,7,6,2,0,0,0,0,0,0,0,0,7,2.33,1,0.33,5,1.67,53,17.67,109,36.33,0,0,2,0.67,91,30.33,3,1,2,0.67,18,6,204,68,3,1,18,6,14,4.67,5,1.67,2,0.67,8,2.67,31,10.33,5,1.67,10,3.33,0,0,0,0,0,0,522,18
4d7ungh31vu1sruvnuyndo7pw,Kouamé Jean Mederic Obli,K. Obli,Defender,Côte d'Ivoire Under 17,6hm120t3jihvar6y99hv5f3wl,2025-11-13T11:41:37Z,270,3,Center Backs,cb,cb,1,9,4,1.33,3,5,1.67,3,1,0,0,0,0,0,0,2,0.67,1,0.33,2,0.67,31,10.33,0,0,0,0,0,0,0,0,0,0,0,0,1,0.33,0,0,0,0,0,0,0,0,100,100,0,0,31,9,3,10.33,22,71,71,7.33,4,1.33,10,3.33,80,26.67,0,0,0,0,0,0,0,0,3,1,0,0,0,0,0,0,0,8,5,1.67,3,1,2.67,0,0,0,0,0,0,0,22,5,1.67,7.33,17,5.67,0,0,0,0,0,0,0,0,1,0.33,0,0,0,0,0,0,37,12.33,0,0,0,80,80,134,44.67,0,0,0,0,0,0,1,0.33,0,0,0,0,0,0,0,0,0,1,0.33,0,20,6.67,10,3.33,0,0,1,0,0,0.33,26,8.67,0,0,0,0,21,7,0,0,0,0,0,0,0,0,0,0,0,0,0,0,0,0,4,1.33,0,0,0,0,3,1,0,0,0,0,0,0,0,0,0,0,0,0,2,0.67,4,1.33,0,0,24,8,107,35.67,41,13.67,72,24,89,29.67,4,1.33,6,2,0,0,0,0,1,0.33,0,0,0,0,0,0,0,0,0,0,19,6.33,2,0.67,5,1.67,32,10.67,140,46.67,0,0,4,1.33,113,37.67,10,3.33,4,1.33,27,9,193,64.33,0,0,0,0,0,0,0,0,3,1,17,5.67,21,7,6,2,10,3.33,0,0,0,0,1,0.33,523,5
czy4c104sv7qrbmyhf9rwbaj8,Habib Isaac Soumahoro,H. Soumahoro,Midfielder,Côte d'Ivoire Under 17,6hm120t3jihvar6y99hv5f3wl,2025-11-13T11:41:37Z,180,2,Midfielders,dm,dm,1,1,1,0.5,0.5,0,0,2,1,0,0,0,0,0,0,11,5.5,1,0.5,0,0,18,9,0,0,4,2,0,0,0,0,0,0,4,2,1,0.5,0,0,0,0,0,0,2,1,50,50,0,0,20,13,6.5,10,7,35,35,3.5,27,13.5,6,3,21,10.5,3,1.5,0,0,0,0,0,0,2,1,0,0,0,0,0,0,0,4,3,1.5,1,0.5,2,0,0,0,0,0,0,0,19,12,6,9.5,7,3.5,0,0,0,0,0,0,0,0,1,0.5,4,2,0,0,0,0,27,13.5,0,0,0,86,86,79,39.5,0,0,0,0,0,0,0,0,0,0,0,0,0,0,0,0,0,1,0.5,0,6,3,3,1.5,0,0,4,3,1.5,2,15,7.5,0,0,0,0,21,10.5,0,0,0,0,0,0,0,0,0,0,0,0,0,0,0,0,0,0,1,0.5,0,0,2,1,0,0,0,0,0,0,2,1,3,1.5,1,0.5,1,0.5,1,0.5,2,1,10,5,68,34,33,16.5,39,19.5,59,29.5,0,0,4,2,0,0,0,0,0,0,3,1.5,0,0,0,0,0,0,0,0,0,0,5,2.5,2,1,21,10.5,80,40,0,0,1,0.5,69,34.5,4,2,2,1,11,5.5,111,55.5,2,1,4,2,1,0.5,1,0.5,0,0,4,2,14,7,1,0.5,7,3.5,0,0,0,0,0,0,524,6
bv5m55f6dbw40ca0w91smt250,Tape Yannis Emmanuel Touali,T. Touali,Midfielder,Côte d'Ivoire Under 17,6hm120t3jihvar6y99hv5f3wl,2025-11-13T11:41:37Z,154,1.71,Wingers,rm,"cm,rm",2,2,2,1.17,1.17,0,0,3,1.75,0,0,0,0,0,0,2,1.17,2,1.17,0,0,13,7.6,0,0,1,0.58,0,0,0,0,0,0,0,0,1,0.58,0,0,0,0,0,0,3,1.75,50,50,0,0,24,11,6.43,14.04,13,54,54,7.6,23,13.45,0,0,7,4.09,1,0.58,0,0,0,0,0,0,3,1.75,0,0,0,0,0,0,0,4,3,1.75,1,0.58,2.34,0,0,0,0,0,0,0,22,9,5.26,12.87,13,7.6,0,0,0,0,0,0,0,0,1,0.58,1,0.58,0,0,0,0,4,2.34,0,0,0,83,83,18,10.53,0,0,0,0,0,0,0,0,0,0,0,0,0,0,0,0,0,1,0.58,0,9,5.26,1,0.58,0,0,1,1,0.58,0.58,3,1.75,0,0,0,0,6,3.51,0,0,0,0,0,0,0,0,0,0,0,0,0,0,0,0,2,1.17,0,0,0,0,2,1.17,0,0,2,1.17,1,0.58,0,0,0,0,0,0,2,1.17,1,0.58,0,0,1,0.58,15,8.77,7,4.09,8,4.68,14,8.19,3,1.75,6,3.51,0,0,0,0,1,0.58,5,2.92,0,0,0,0,0,0,0,0,2,1.17,2,1.17,2,1.17,16,9.36,19,11.11,0,0,2,1.17,15,8.77,9,5.26,6,3.51,4,2.34,59,34.5,0,0,1,0.58,1,0.58,2,1.17,0,0,1,0.58,5,2.92,0,0,3,1.75,0,0,0,0,0,0,526,19
3ek4569kqvrye4rjwqkbirlzo,Allassane Toure,A. Toure,Forward,Côte d'Ivoire Under 17,6hm120t3jihvar6y99hv5f3wl,2025-11-13T11:41:37Z,92,1.02,Wingers,rm,rm,1,5,3,2.94,4.9,2,1.96,2,1.96,0,0,0,0,1,0.98,8,7.84,1,0.98,0,0,4,3.92,0,0,3,2.94,0,0,0,0,33,33,0,0,2,1.96,0,0,0,0,0,0,0,0,0,0,0,0,11,9,8.82,10.78,2,18,18,1.96,27,26.47,2,1.96,8,7.84,1,0.98,0,0,0,0,0,0,2,1.96,0,0,0,0,0,0,1,2,1,0.98,1,0.98,1.96,1,0.98,1,0.98,0,0,0.98,6,6,5.88,5.88,0,0,0,0,0,0,0,0,0,0,1,0.98,3,2.94,0,0,1,0.98,6,5.88,92,4,3.92,78,78,23,22.55,0,0,0,0,0,0,0,0,0,0,0,0,0,0,0,0,0,0,0,0,2,1.96,4,3.92,0,0,3,1,0.98,2.94,8,7.84,0,0,0,0,2,1.96,0,0,0,0,0,0,0,0,0,0,0,0,0,0,0,0,2,1.96,1,0.98,3,3,1,0.98,0,0,1,0.98,1,0.98,0,0,1,0.98,1,0.98,0,0,0,0,2,1.96,0,0,18,17.65,17,16.67,3,2.94,19,18.63,0,0,0,0,0,0,0,0,1,0.98,0,0,0,0,0,0,0,0,1,0.98,0,0,5,4.9,0,0,12,11.76,24,23.53,0,0,3,2.94,19,18.63,0,0,6,5.88,5,4.9,40,39.22,0,0,1,0.98,1,0.98,0,0,0,0,0,0,6,5.88,0,0,5,4.9,0,0,0,0,0,0,527,11
c5mru3wj4giiud44pwj2t8is4,Ismael Toure,I. Toure,Midfielder,Côte d'Ivoire Under 17,6hm120t3jihvar6y99hv5f3wl,2025-11-13T11:41:37Z,183,2.03,Midfielders,am,am,1,4,4,1.97,1.97,0,0,3,1.48,0,0,0,0,0,0,18,8.87,4,1.97,0,0,23,11.33,0,0,4,1.97,0,0,0,0,0,0,5,2.46,2,0.99,0,0,0,0,0,0,2,0.99,40,40,0,0,29,12,5.91,14.29,17,59,59,8.37,33,16.26,7,3.45,18,8.87,2,0.99,0,0,0,0,0,0,3,1.48,0,0,0,0,0,0,0,5,3,1.48,2,0.99,2.46,0,0,0,0,0,0,0,25,8,3.94,12.32,17,8.37,2,0.99,0,0,0,0,0,0,1,0.49,4,1.97,0,0,0,0,14,6.9,0,0,0,86,86,73,35.96,0,0,0,0,0,0,0,0,0,0,0,0,0,0,0,0,0,0,0,0,7,3.45,2,0.99,0,0,2,0,0,0.99,11,5.42,0,0,0,0,24,11.82,0,0,0,0,0,0,0,0,0,0,0,0,0,0,0,0,0,0,0,0,0,0,2,0.99,0,0,2,0.99,1,0.49,1,0.49,2,0.99,1,0.49,2,0.99,0,0,4,1.97,4,1.97,63,31.03,35,17.24,31,15.27,60,29.56,1,0.49,7,3.45,0,0,0,0,0,0,5,2.46,1,0.49,0,0,0,0,0,0,0,0,5,2.46,7,3.45,25,12.32,74,36.45,0,0,0,0,64,31.53,8,3.94,4,1.97,10,4.93,119,58.62,3,1.48,4,1.97,0,0,3,1.48,0,0,3,1.48,12,5.91,2,0.99,7,3.45,0,0,0,0,0,0,528,10
a91tqmtri5ho3iww76xgw874k,Hubert Yao,H. Yao,Forward,Côte d'Ivoire Under 17,6hm120t3jihvar6y99hv5f3wl,2025-11-13T11:41:37Z,238,2.64,Wingers,lm,lm,1,8,3,1.14,3.03,5,1.89,3,1.14,1,0.38,0,0,0,0,24,9.09,1,0.38,0,0,44,16.67,0,0,8,3.03,0,0,0,0,11,11,0,0,4,1.52,0,0,0,0,0,0,1,0.38,70,70,0,0,26,12,4.55,9.85,14,54,54,5.3,85,32.2,3,1.14,26,9.85,1,0.38,0,0,0,0,0,0,3,1.14,1,0.38,0,0,0,0,1,7,4,1.52,3,1.14,2.65,1,0.38,0,0,1,0.38,0.38,18,9,3.41,6.82,9,3.41,0,0,0,0,1,0.38,1,0.38,0,0,7,2.65,0,0,0,0,1,0.38,238,1,0.38,73,73,82,31.06,0,0,0,0,0,0,0,0,0,0,0,0,0,0,0,0,0,0,0,0,26,9.85,9,3.41,0,0,8,4,1.52,3.03,10,3.79,0,0,1,0.38,31,11.74,0,0,0,0,0,0,0,0,0,0,0,0,0,0,0,0,4,1.52,5,1.89,9,9,3,1.14,0,0,1,0.38,0,0,0,0,0,0,0,0,7,2.65,1,0.38,0,0,1,0.38,60,22.73,47,17.8,13,4.92,59,22.35,0,0,1,0.38,2,0.76,0,0,1,0.38,4,1.52,2,0.76,3,1.14,0,0,0,0,1,0.38,3,1.14,1,0.38,37,14.02,82,31.06,0,0,9,3.41,60,22.73,1,0.38,16,6.06,22,8.33,131,49.62,0,0,3,1.14,3,1.14,3,1.14,0,0,1,0.38,22,8.33,3,1.14,21,7.95,0,0,0,0,0,0,529,20
chd2j3rykk62dsqp1davqc7bo,Daan Dos Millos Yeboue,D. Yeboue,Midfielder,Côte d'Ivoire Under 17,6hm120t3jihvar6y99hv5f3wl,2025-11-13T11:41:37Z,270,3,Midfielders,dm,dm,1,12,2,0.67,4,10,3.33,3,1,0,0,1,0.33,0,0,9,3,2,0.67,0,0,26,8.67,0,0,4,1.33,0,0,0,0,0,0,2,0.67,1,0.33,0,0,0,0,0,0,2,0.67,100,100,0,0,34,11,3.67,11.33,23,68,68,7.67,38,12.67,21,7,43,14.33,2,0.67,0,0,0,0,0,0,3,1,0,0,0,0,0,0,0,8,5,1.67,3,1,2.67,0,0,0,0,0,0,0,22,9,3,7.33,13,4.33,0,0,0,0,0,0,0,0,5,1.67,4,1.33,0,0,0,0,38,12.67,0,0,0,75,75,123,41,0,0,0,0,0,0,0,0,0,0,0,0,0,0,0,0,0,1,0.33,0,13,4.33,3,1,0,0,3,3,1,1,14,4.67,0,0,0,0,41,13.67,0,0,0,0,0,0,0,0,0,0,0,0,0,0,0,0,3,1,2,0.67,0,0,3,1,0,0,0,0,0,0,0,0,0,0,0,0,5,1.67,0,0,0,0,9,3,92,30.67,55,18.33,45,15,91,30.33,3,1,4,1.33,1,0.33,1,0.33,0,0,2,0.67,1,0.33,0,0,0,0,0,0,3,1,3,1,1,0.33,41,13.67,131,43.67,0,0,5,1.67,100,33.33,7,2.33,5,1.67,31,10.33,175,58.33,2,0.67,4,1.33,1,0.33,0,0,3,1,4,1.33,26,8.67,9,3,27,9,0,0,0,0,1,0.33,530,8
41tq7z69buhqxnt75yh3qp72s,Maik Nelson Afri Akumu,M. Akumu,Forward,Germany Under 17,3y95bau6y29yjq9lwc2ij50ws,2025-11-24T16:06:46Z,134,1.49,Wingers,rw,rw,1,4,2,1.34,2.68,2,1.34,3,2.01,1,0.67,0,0,0,0,15,10.07,2,1.34,0,0,24,16.11,0,0,5,3.36,0,0,0,0,0,0,0,0,2,1.34,0,0,0,0,0,0,1,0.67,45,45,0,0,28,15,10.07,18.79,13,46,46,8.72,53,35.57,1,0.67,7,4.7,2,1.34,0,0,0,0,0,0,3,2.01,1,0.67,0,0,0,0,0,2,2,1.34,0,0,1.34,0,0,0,0,0,0,0,24,13,8.72,16.11,11,7.38,0,0,0,0,0,0,0,0,0,0,4,2.68,0,0,0,0,21,14.09,0,2,1.34,79,79,43,28.86,0,0,2,1.34,0,0,0,0,0,0,0,0,0,0,0,0,0,0,0,0,9,6.04,5,3.36,0,0,6,0,0,4.03,3,2.01,0,0,0,0,0,0,0,0,0,0,0,0,0,0,0,0,0,0,0,0,0,0,0,0,0,0,0,0,2,1.34,0,0,2,1.34,1,0.67,0,0,1,0.67,1,0.67,5,3.36,0,0,0,0,0,0,34,22.82,28,18.79,7,4.7,34,22.82,0,0,5,3.36,0,0,0,0,0,0,7,4.7,1,0.67,0,0,0,0,0,0,0,0,4,2.68,1,0.67,29,19.46,43,28.86,0,0,0,0,34,22.82,5,3.36,5,3.36,9,6.04,81,54.36,0,0,5,3.36,5,3.36,6,4.03,0,0,0,0,14,9.4,0,0,9,6.04,0,0,0,0,0,0,531,17
7s3nbwjeeocgkcn5db8n6ia6s,Abdul Baki Al Khalaf,Abdul Al Khalaf,Forward,Germany Under 17,3y95bau6y29yjq9lwc2ij50ws,2025-11-24T16:06:46Z,54,0.6,Strikers,st,st,1,3,3,5,5,0,0,1,1.67,0,0,0,0,0,0,2,3.33,0,0,0,0,2,3.33,0,0,1,1.67,0,0,0,0,0,0,0,0,1,1.67,0,0,0,0,0,0,0,0,0,0,0,0,8,6,10,13.33,2,25,25,3.33,6,10,1,1.67,4,6.67,0,0,0,0,0,0,0,0,1,1.67,0,0,0,0,0,0,0,0,0,0,0,0,0,0,0,0,0,0,0,0,5,3,5,8.33,2,3.33,1,1.67,0,0,0,0,0,0,0,0,1,1.67,0,0,0,0,3,5,0,0,0,50,50,12,20,0,0,0,0,0,0,0,0,0,0,0,0,0,0,0,0,0,0,0,0,0,0,0,0,0,0,2,0,0,3.33,2,3.33,0,0,0,0,4,6.67,0,0,0,0,0,0,0,0,0,0,0,0,0,0,0,0,0,0,0,0,0,0,1,1.67,0,0,1,1.67,0,0,0,0,0,0,0,0,0,0,0,0,1,1.67,0,0,6,10,3,5,4,6.67,7,11.67,1,1.67,0,0,0,0,0,0,0,0,1,1.67,0,0,0,0,0,0,0,0,0,0,2,3.33,1,1.67,8,13.33,13,21.67,0,0,0,0,7,11.67,1,1.67,1,1.67,6,10,19,31.67,0,0,0,0,0,0,1,1.67,2,3.33,2,3.33,3,5,3,5,4,6.67,0,0,0,0,0,0,532,13
aa66u87i2gpn66k1exh54glw,Nebe-Sirak Domni?,N. Domni?,Defender,Germany Under 17,3y95bau6y29yjq9lwc2ij50ws,2025-11-24T16:06:46Z,270,3,Full Backs,rb,rb,1,9,5,1.67,3,4,1.33,3,1,0,0,0,0,0,0,12,4,0,0,0,0,40,13.33,0,0,4,1.33,0,0,0,0,0,0,0,0,2,0.67,0,0,0,0,0,0,7,2.33,67,67,0,0,47,24,8,15.67,23,49,49,7.67,71,23.67,16,5.33,39,13,1,0.33,0,0,0,0,0,0,3,1,0,0,0,0,0,0,0,3,2,0.67,1,0.33,1,0,0,0,0,0,0,0,38,19,6.33,12.67,19,6.33,0,0,0,0,0,0,0,0,4,1.33,4,1.33,0,0,0,0,57,19,0,0,0,82,82,104,34.67,0,0,2,0.67,0,0,0,0,0,0,0,0,0,0,0,0,0,0,0,0,28,9.33,20,6.67,0,0,8,3,1,2.67,13,4.33,0,0,0,0,2,0.67,0,0,0,0,0,0,0,0,0,0,0,0,0,0,0,0,2,0.67,1,0.33,0,0,3,1,0,0,0,0,0,0,0,0,2,0.67,2,0.67,8,2.67,0,0,0,0,6,2,85,28.33,52,17.33,41,13.67,85,28.33,0,0,3,1,0,0,7,2.33,22,7.33,11,3.67,1,0.33,0,0,0,0,0,0,7,2.33,4,1.33,8,2.67,55,18.33,110,36.67,0,0,3,1,91,30.33,3,1,4,1.33,19,6.33,216,72,0,0,7,2.33,7,2.33,4,1.33,2,0.67,3,1,23,7.67,3,1,16,5.33,0,0,0,0,0,0,533,2
7n8114rvz0d2ainbgzvcvurkk,Ben Hawighorst,B. Hawighorst,Defender,Germany Under 17,3y95bau6y29yjq9lwc2ij50ws,2025-11-24T16:06:46Z,342,3.8,Center Backs,cb,cb,1,9,5,1.32,2.37,4,1.05,4,1.05,0,0,0,0,0,0,23,6.05,0,0,3,0.79,114,30,0,0,0,0,0,0,0,0,0,0,0,0,0,0,0,0,0,0,0,0,0,0,0,0,0,0,19,7,1.84,5,12,63,63,3.16,16,4.21,31,8.16,126,33.16,2,0.53,0,0,3,0.79,0,0,4,1.05,0,0,3,0.79,0,0,0,3,2,0.53,1,0.26,0.79,0,0,0,0,0,0,0,10,2,0.53,2.63,8,2.11,0,0,0,0,0,0,0,0,2,0.53,0,0,1,0.26,0,0,49,12.89,0,0,0,87,87,329,86.58,0,0,0,0,0,0,0,0,0,0,0,0,0,0,0,0,0,0,0,0,80,21.05,22,5.79,0,0,3,0,0,0.79,9,2.37,0,0,0,0,143,37.63,0,0,0,0,0,0,0,0,0,0,0,0,0,0,0,0,0,0,0,0,0,0,4,1.05,0,0,1,0.26,0,0,0,0,0,0,0,0,0,0,2,0.53,0,0,33,8.68,286,75.26,130,34.21,166,43.68,263,69.21,1,0.26,4,1.05,0,0,0,0,3,0.79,0,0,0,0,0,0,0,0,0,0,17,4.47,2,0.53,3,0.79,50,13.16,341,89.74,0,0,0,0,296,77.89,5,1.32,1,0.26,45,11.84,384,101.05,0,0,3,0.79,3,0.79,0,0,12,3.16,28,7.37,35,9.21,13,3.42,17,4.47,0,0,0,0,1,0.26,535,5
4pjixcphpm71ow48l0uz2o6qc,Eba Bekir ??,E. ??,Midfielder,Germany Under 17,3y95bau6y29yjq9lwc2ij50ws,2025-11-24T16:06:46Z,297,3.3,Midfielders,dm,"cm,dm",2,8,3,0.91,2.42,5,1.52,4,1.21,1,0.3,0,0,0,0,27,8.18,1,0.3,0,0,58,17.58,0,0,8,2.42,1,0.3,0,0,0,0,10,3.03,1,0.3,0,0,0,0,0,0,4,1.21,36,36,0,0,45,20,6.06,13.64,25,56,56,7.58,73,22.12,35,10.61,76,23.03,1,0.3,0,0,0,0,0,0,4,1.21,1,0.3,0,0,0,0,0,3,2,0.61,1,0.3,0.91,0,0,0,0,0,0,0,37,17,5.15,11.21,20,6.06,0,0,0,0,0,0,0,0,2,0.61,7,2.12,0,0,0,0,79,23.94,0,0,0,81,81,212,64.24,0,0,2,0.61,0,0,0,0,0,0,0,0,0,0,0,0,0,0,0,0,33,10,11,3.33,0,0,10,9,2.73,3.03,23,6.97,0,0,0,0,37,11.21,0,0,0,0,0,0,0,0,0,0,0,0,0,0,0,0,0,0,0,0,0,0,4,1.21,0,0,2,0.61,0,0,2,0.61,2,0.61,0,0,5,1.52,0,0,2,0.61,16,4.85,171,51.82,110,33.33,70,21.21,162,49.09,2,0.61,5,1.52,1,0.3,0,0,0,0,13,3.94,1,0.3,0,0,0,0,0,0,2,0.61,1,0.3,8,2.42,75,22.73,219,66.36,0,0,0,0,178,53.94,7,2.12,6,1.82,41,12.42,300,90.91,7,2.12,11,3.33,3,0.91,9,2.73,3,0.91,11,3.33,46,13.94,6,1.82,30,9.09,0,0,0,0,0,0,536,10
eyv3dpum90cb9xopgtsy5nnys,Mussa Kaba,M. Kaba,Midfielder,Germany Under 17,3y95bau6y29yjq9lwc2ij50ws,2025-11-24T16:06:46Z,343,3.81,Center Backs,cb,"cm,cb",2,14,7,1.84,3.67,7,1.84,4,1.05,0,0,0,0,0,0,25,6.56,1,0.26,3,0.79,48,12.6,0,0,0,0,0,0,0,0,0,0,0,0,0,0,0,0,0,0,0,0,2,0.52,67,67,0,0,28,13,3.41,7.35,15,54,54,3.94,22,5.77,30,7.87,61,16.01,1,0.26,0,0,0,0,0,0,4,1.05,0,0,0,0,0,0,0,3,2,0.52,1,0.26,0.79,0,0,0,0,0,0,0,14,6,1.57,3.67,8,2.1,0,0,0,0,0,0,0,0,4,1.05,0,0,0,0,0,0,110,28.87,0,0,0,89,89,258,67.72,0,0,0,0,0,0,0,0,0,0,0,0,0,0,0,0,0,0,0,0,25,6.56,5,1.31,0,0,3,2,0.52,0.79,23,6.04,0,0,0,0,71,18.64,0,0,0,0,0,0,0,0,0,0,0,0,0,0,0,0,2,0.52,0,0,0,0,4,1.05,0,0,1,0.26,0,0,0,0,0,0,0,0,2,0.52,0,0,2,0.52,26,6.82,229,60.1,109,28.61,129,33.86,212,55.64,1,0.26,0,0,0,0,0,0,0,0,3,0.79,0,0,1,0.26,0,0,0,0,1,0.26,3,0.79,5,1.31,34,8.92,267,70.08,0,0,2,0.52,238,62.47,1,0.26,4,1.05,29,7.61,298,78.22,0,0,0,0,0,0,1,0.26,3,0.79,8,2.1,21,5.51,8,2.1,21,5.51,0,0,0,0,1,0.26,537,6
43017jwy1pqo518ltcwdcurdg,Ben Niklas Kieffer,B. Kieffer,Defender,Germany Under 17,3y95bau6y29yjq9lwc2ij50ws,2025-11-24T16:06:46Z,90,1,Full Backs,rb,rb,1,4,0,0,4,4,4,1,1,0,0,0,0,0,0,5,5,0,0,0,0,7,7,0,0,1,1,1,1,0,0,0,0,0,0,1,1,0,0,0,0,0,0,0,0,0,0,0,0,10,3,3,10,7,70,70,7,20,20,4,4,16,16,1,1,0,0,0,0,0,0,1,1,0,0,0,0,0,0,0,0,0,0,0,0,0,0,0,0,0,0,0,0,6,3,3,6,3,3,0,0,0,0,0,0,0,0,2,2,1,1,0,0,0,0,24,24,0,0,0,89,89,46,46,0,0,0,0,0,0,0,0,0,0,0,0,0,0,0,0,0,0,0,0,6,6,5,5,0,0,0,0,0,0,5,5,0,0,0,0,2,2,0,0,0,0,0,0,0,0,0,0,0,0,0,0,0,0,1,1,0,0,0,0,1,1,0,0,0,0,0,0,0,0,1,1,1,1,0,0,0,0,0,0,1,1,41,41,22,22,21,21,41,41,0,0,2,2,0,0,0,0,7,7,0,0,0,0,0,0,0,0,0,0,1,1,1,1,2,2,7,7,47,47,0,0,1,1,42,42,2,2,2,2,5,5,68,68,0,0,2,2,2,2,0,0,0,0,1,1,7,7,0,0,4,4,0,0,0,0,0,0,539,20
dzlfvgp7k74wv2wz0ztdc0h04,Toni Stefan Langsteiner,T. Langsteiner,Midfielder,Germany Under 17,3y95bau6y29yjq9lwc2ij50ws,2025-11-24T16:06:46Z,149,1.66,Midfielders,cm,cm,1,4,3,1.81,2.41,1,0.6,4,2.41,0,0,0,0,0,0,7,4.22,1,0.6,0,0,10,6.02,0,0,3,1.81,0,0,0,0,33,33,0,0,0,0,0,0,0,0,0,0,2,1.2,33,33,0,0,24,12,7.23,14.46,12,50,50,7.23,35,21.08,3,1.81,14,8.43,1,0.6,0,0,0,0,0,0,4,2.41,0,0,0,0,0,0,1,1,0,0,1,0.6,0.6,1,0.6,1,0.6,0,0,0.6,20,9,5.42,12.05,11,6.63,0,0,0,0,0,0,1,0.6,0,0,3,1.81,0,0,0,0,11,6.63,149,0,0,71,71,34,20.48,0,0,2,1.2,0,0,0,0,0,0,0,0,0,0,0,0,0,0,0,0,7,4.22,4,2.41,0,0,4,4,2.41,2.41,8,4.82,0,0,1,0.6,2,1.2,0,0,0,0,0,0,0,0,0,0,0,0,0,0,0,0,1,0.6,2,1.2,3,3,2,1.2,0,0,2,1.2,2,1.2,0,0,0,0,0,0,1,0.6,0,0,1,0.6,3,1.81,24,14.46,15,9.04,9,5.42,21,12.65,3,1.81,4,2.41,0,0,0,0,0,0,4,2.41,0,0,1,0.6,0,0,0,0,0,0,3,1.81,3,1.81,24,14.46,34,20.48,0,0,3,1.81,24,14.46,7,4.22,10,6.02,10,6.02,74,44.58,0,0,4,2.41,4,2.41,2,1.2,0,0,0,0,12,7.23,2,1.2,10,6.02,0,0,0,0,1,0.6,540,14
6h73imtkypn3igybhi3i7sb2s,Benjamin Johannes Thomas Ley,B. Ley,Midfielder,Germany Under 17,3y95bau6y29yjq9lwc2ij50ws,2025-11-24T16:06:46Z,314,3.49,Midfielders,am,"am,cm",2,7,3,0.86,2.01,4,1.15,4,1.15,1,0.29,0,0,0,0,34,9.74,0,0,0,0,35,10.03,0,0,2,0.57,0,0,0,0,0,0,4,1.15,0,0,0,0,0,0,0,0,3,0.86,33,33,0,0,36,18,5.16,10.32,18,50,50,5.16,75,21.49,9,2.58,41,11.75,1,0.29,0,0,0,0,0,0,4,1.15,1,0.29,0,0,0,0,0,3,2,0.57,1,0.29,0.86,0,0,0,0,0,0,0,29,15,4.3,8.31,14,4.01,0,0,0,0,0,0,0,0,4,1.15,1,0.29,0,0,0,0,35,10.03,0,0,0,76,76,129,36.96,0,0,0,0,0,0,0,0,0,0,0,0,0,0,0,0,0,0,0,0,10,2.87,10,2.87,0,0,12,6,1.72,3.44,25,7.16,0,0,0,0,20,5.73,0,0,0,0,0,0,0,0,0,0,0,0,0,0,0,0,0,0,0,0,0,0,4,1.15,0,0,2,0.57,0,0,0,0,0,0,0,0,1,0.29,0,0,2,0.57,6,1.72,98,28.08,66,18.91,33,9.46,93,26.65,5,1.43,5,1.43,0,0,0,0,1,0.29,5,1.43,1,0.29,0,0,0,0,0,0,1,0.29,3,0.86,3,0.86,56,16.05,130,37.25,0,0,0,0,99,28.37,10,2.87,6,1.72,31,8.88,187,53.58,4,1.15,7,2.01,1,0.29,2,0.57,1,0.29,4,1.15,33,9.46,5,1.43,27,7.74,0,0,0,0,1,0.29,541,7
8ptmy8v6u26pzkzn3doncavis,Jeremiah Dennit Mensah,J. Mensah,Midfielder,Germany Under 17,3y95bau6y29yjq9lwc2ij50ws,2025-11-24T16:06:46Z,175,1.94,Midfielders,cm,cm,1,2,1,0.52,1.03,1,0.52,3,1.55,0,0,1,0.52,2,1.03,10,5.15,2,1.03,0,0,23,11.86,0,0,7,3.61,1,0.52,0,0,50,50,3,1.55,0,0,0,0,0,0,0,0,1,0.52,40,40,0,0,14,7,3.61,7.22,7,50,50,3.61,39,20.1,13,6.7,34,17.53,0,0,0,0,0,0,0,0,3,1.55,0,0,0,0,0,0,2,1,1,0.52,0,0,0.52,2,1.03,2,1.03,0,0,1.03,12,6,3.09,6.19,6,3.09,0,0,0,0,0,0,0,0,1,0.52,7,3.61,0,0,1,0.52,23,11.86,88,1,0.52,80,80,91,46.91,0,0,0,0,0,0,0,0,0,0,0,0,0,0,0,0,0,0,0,0,7,3.61,8,4.12,0,0,2,0,0,1.03,9,4.64,0,0,1,0.52,28,14.43,0,0,0,0,0,0,0,0,0,0,0,0,0,0,0,0,1,0.52,3,1.55,2,2,2,1.03,0,0,1,0.52,1,0.52,3,1.55,6,3.09,1,0.52,2,1.03,1,0.52,0,0,5,2.58,73,37.63,58,29.9,25,12.89,72,37.11,0,0,1,0.52,1,0.52,0,0,2,1.03,4,2.06,3,1.55,0,0,0,0,1,0.52,0,0,0,0,3,1.55,28,14.43,95,48.97,0,0,4,2.06,77,39.69,1,0.52,6,3.09,18,9.28,128,65.98,0,0,1,0.52,1,0.52,3,1.55,0,0,0,0,16,8.25,3,1.55,18,9.28,0,0,1,0.52,0,0,542,8
clrnb4f1yk8z6fbcwyv9vmkus,Wisdom Okpako Mike,W. Mike,Forward,Germany Under 17,3y95bau6y29yjq9lwc2ij50ws,2025-11-24T16:06:46Z,261,2.9,Wingers,lw,"st,lw",2,3,3,1.03,1.03,0,0,4,1.38,0,0,0,0,1,0.34,14,4.83,1,0.34,0,0,22,7.59,0,0,0,0,1,0.34,0,0,22,22,0,0,6,2.07,0,0,0,0,0,0,3,1.03,33,33,0,0,16,12,4.14,5.52,4,25,25,1.38,63,21.72,1,0.34,12,4.14,1,0.34,0,0,0,0,0,0,4,1.38,0,0,0,0,0,0,2,1,1,0.34,0,0,0.34,2,0.69,2,0.69,0,0,0.69,13,9,3.1,4.48,4,1.38,0,0,0,0,0,0,1,0.34,0,0,0,0,0,0,1,0.34,0,0,130,2,0.69,78,78,49,16.9,0,0,2,0.69,0,0,0,0,0,0,0,0,0,0,0,0,0,0,0,0,17,5.86,3,1.03,0,0,5,3,1.03,1.72,5,1.72,0,0,1,0.34,23,7.93,0,0,0,0,0,0,0,0,0,0,0,0,0,0,0,0,3,1.03,6,2.07,4,4,3,1.03,0,0,2,0.69,1,0.34,0,0,0,0,0,0,2,0.69,0,0,1,0.34,2,0.69,38,13.1,24,8.28,14,4.83,36,12.41,0,0,1,0.34,0,0,0,0,0,0,7,2.41,0,0,1,0.34,0,0,1,0.34,0,0,2,0.69,1,0.34,30,10.34,49,16.9,0,0,9,3.1,38,13.1,1,0.34,15,5.17,11,3.79,86,29.66,0,0,4,1.38,4,1.38,4,1.38,0,0,0,0,15,5.17,0,0,11,3.79,0,0,0,0,0,0,543,11
1zixbrncr9ef43ys6afkw3das,Niklas Scheller,N. Scheller,Defender,Germany Under 17,3y95bau6y29yjq9lwc2ij50ws,2025-11-24T16:06:46Z,135,1.5,Full Backs,lb,lb,1,3,1,0.67,2,2,1.33,2,1.33,2,1.33,0,0,0,0,15,10,0,0,2,1.33,22,14.67,0,0,6,4,1,0.67,0,0,0,0,0,0,1,0.67,0,0,0,0,0,0,0,0,33,33,0,0,9,4,2.67,6,5,56,56,3.33,29,19.33,8,5.33,25,16.67,0,0,0,0,0,0,0,0,2,1.33,2,1.33,0,0,0,0,0,1,1,0.67,0,0,0.67,0,0,0,0,0,0,0,6,3,2,4,3,2,0,0,0,0,1,0.67,0,0,3,2,4,2.67,0,0,0,0,2,1.33,0,0,0,83,83,66,44,0,0,0,0,0,0,0,0,0,0,0,0,0,0,0,0,0,0,0,0,13,8.67,9,6,0,0,4,2,1.33,2.67,8,5.33,0,0,0,0,25,16.67,0,0,0,0,0,0,0,0,0,0,0,0,0,0,0,0,1,0.67,0,0,0,0,1,0.67,0,0,0,0,1,0.67,0,0,4,2.67,4,2.67,1,0.67,1,0.67,0,0,2,1.33,55,36.67,31,20.67,29,19.33,54,36,0,0,2,1.33,0,0,2,1.33,11,7.33,2,1.33,3,2,0,0,0,0,0,0,1,0.67,0,0,0,0,23,15.33,67,44.67,0,0,1,0.67,56,37.33,2,1.33,2,1.33,11,7.33,107,71.33,0,0,6,4,6,4,2,1.33,2,1.33,3,2,12,8,5,3.33,8,5.33,0,0,0,0,0,0,547,15
ap0l05cfp7i1ifxptxjusls7o,Alexander Staff,A. Staff,Forward,Germany Under 17,3y95bau6y29yjq9lwc2ij50ws,2025-11-24T16:06:46Z,326,3.62,Strikers,st,st,1,10,8,2.21,2.76,2,0.55,4,1.1,1,0.28,0,0,1,0.28,16,4.42,3,0.83,0,0,22,6.08,0,0,3,0.83,0,0,0,0,14,14,0,0,1,0.28,0,0,0,0,0,0,5,1.38,25,25,0,0,34,23,6.35,9.39,11,32,32,3.04,63,17.4,2,0.55,12,3.31,1,0.28,0,0,0,0,0,0,4,1.1,1,0.28,0,0,0,0,1,2,1,0.28,1,0.28,0.55,1,0.28,1,0.28,0,0,0.28,24,15,4.14,6.63,9,2.49,0,0,0,0,1,0.28,0,0,1,0.28,2,0.55,0,0,1,0.28,8,2.21,326,2,0.55,75,75,55,15.19,0,0,3,0.83,0,0,0,0,0,0,0,0,0,0,0,0,0,0,0,0,9,2.49,3,0.83,0,0,4,0,0,1.1,8,2.21,0,0,0,0,21,5.8,0,0,0,0,0,0,0,0,0,0,0,0,0,0,0,0,3,0.83,4,1.1,7,7,4,1.1,0,0,3,0.83,0,0,0,0,1,0.28,1,0.28,2,0.55,0,0,3,0.83,2,0.55,41,11.33,30,8.29,14,3.87,41,11.33,1,0.28,2,0.55,0,0,0,0,0,0,11,3.04,1,0.28,2,0.55,0,0,0,0,1,0.28,2,0.55,4,1.1,37,10.22,57,15.75,0,0,7,1.93,43,11.88,3,0.83,17,4.7,14,3.87,112,30.94,0,0,3,0.83,3,0.83,6,1.66,0,0,1,0.28,15,4.14,2,0.55,13,3.59,0,0,0,0,0,0,548,9
2sj58gup2o3l4pprz753dvris,Marcello Luca Trippel,M. Trippel,Goalkeeper,Germany Under 17,3y95bau6y29yjq9lwc2ij50ws,2025-11-24T16:06:46Z,360,4,Goalkeepers,gk,gk,1,2,0,0,0.5,2,0.5,4,1,0,0,0,0,0,0,0,0,0,0,0,0,16,4,1,0.25,0,0,1,0.25,0,0,0,0,0,0,0,0,0,0,0,0,0,0,0,0,0,0,0,0,3,0,0,0.75,3,100,100,0.75,0,0,1,0.25,53,13.25,0,0,0,0,48,12,2,0.5,4,1,0,0,28,7,0,0,0,3,2,0.5,1,0.25,0.75,0,0,0,0,0,0,0,1,0,0,0.25,1,0.25,0,0,0,0,0,0,0,0,0,0,0,0,0,0,0,0,43,10.75,0,0,0,87,87,86,21.5,0,0,0,0,0,0,0,0,0,0,0,0,0,0,0,0,0,0,0,0,5,1.25,7,1.75,0,0,0,0,0,0,34,8.5,0,0,0,0,27,6.75,9,4,1,5,1.25,2.25,0,0,1,0.25,4,1,0,0,0,0,0,0,0,0,0,0,4,1,0,0,0,0,0,0,0,0,0,0,0,0,0,0,6,1.5,0,0,11,2.75,75,18.75,6,1.5,100,25,95,23.75,0,0,0,0,0,0,0,0,0,0,0,0,0,0,0,0,0,0,0,0,2,0.5,0,0,2,0.5,19,4.75,123,30.75,0,0,0,0,106,26.5,0,0,0,0,17,4.25,163,40.75,0,0,0,0,0,0,0,0,10,2.5,16,4,12,3,5,1.25,1,0.25,0,0,0,0,0,0,549,1
df5iw4pib3ada5lbyjpc3mbdg,Osman Mohamed Turay,O. Turay,Defender,Germany Under 17,3y95bau6y29yjq9lwc2ij50ws,2025-11-24T16:06:46Z,225,2.5,Full Backs,lb,lb,1,2,1,0.4,0.8,1,0.4,3,1.2,0,0,0,0,0,0,44,17.6,0,0,0,0,26,10.4,0,0,0,0,0,0,0,0,0,0,0,0,1,0.4,0,0,0,0,0,0,3,1.2,50,50,0,0,24,11,4.4,9.6,13,54,54,5.2,27,10.8,13,5.2,21,8.4,2,0.8,0,0,0,0,0,0,3,1.2,0,0,0,0,0,0,0,2,1,0.4,1,0.4,0.8,0,0,0,0,0,0,0,22,10,4,8.8,12,4.8,0,0,0,0,0,0,0,0,1,0.4,0,0,0,0,0,0,3,1.2,0,0,0,94,94,94,37.6,0,0,2,0.8,0,0,0,0,0,0,0,0,0,0,0,0,0,0,0,0,12,4.8,9,3.6,0,0,1,1,0.4,0.4,14,5.6,0,0,0,0,32,12.8,0,0,0,0,0,0,0,0,0,0,0,0,0,0,0,0,0,0,0,0,0,0,3,1.2,0,0,1,0.4,0,0,0,0,0,0,0,0,4,1.6,0,0,0,0,3,1.2,88,35.2,30,12,63,25.2,90,36,1,0.4,4,1.6,0,0,3,1.2,17,6.8,7,2.8,0,0,0,0,0,0,0,0,0,0,3,1.2,3,1.2,25,10,100,40,0,0,0,0,93,37.2,5,2,0,0,7,2.8,154,61.6,0,0,2,0.8,2,0.8,4,1.6,1,0.4,2,0.8,8,3.2,1,0.4,5,2,0,0,0,0,1,0.4,550,3
e1a1vdm4plizop5bhuzqm28lw,Elias Vali Fard,E. Vali Fard,Defender,Germany Under 17,3y95bau6y29yjq9lwc2ij50ws,2025-11-24T16:06:46Z,198,2.2,Center Backs,cb,cb,1,11,1,0.45,5,10,4.55,4,1.82,0,0,0,0,0,0,5,2.27,0,0,0,0,44,20,0,0,1,0.45,0,0,0,0,0,0,0,0,0,0,0,0,0,0,0,0,0,0,0,0,0,0,22,5,2.27,10,17,77,77,7.73,7,3.18,10,4.55,51,23.18,1,0.45,0,0,0,0,0,0,4,1.82,0,0,0,0,0,0,0,2,1,0.45,1,0.45,0.91,0,0,0,0,0,0,0,11,4,1.82,5,7,3.18,0,0,0,0,1,0.45,0,0,2,0.91,1,0.45,0,0,0,0,50,22.73,0,0,0,85,85,125,56.82,0,0,0,0,0,0,0,0,0,0,0,0,0,0,0,0,0,0,0,0,27,12.27,9,4.09,0,0,0,0,0,0,4,1.82,0,0,0,0,27,12.27,0,0,0,0,0,0,0,0,0,0,0,0,0,0,0,0,2,0.91,1,0.45,0,0,2,0.91,0,0,0,0,2,0.91,0,0,0,0,0,0,0,0,2,0.91,0,0,10,4.55,106,48.18,38,17.27,74,33.64,102,46.36,1,0.45,2,0.91,0,0,0,0,0,0,0,0,0,0,2,0.91,0,0,0,0,20,9.09,3,1.36,4,1.82,23,10.45,133,60.45,0,0,3,1.36,112,50.91,3,1.36,4,1.82,21,9.55,169,76.82,0,0,0,0,0,0,0,0,6,2.73,11,5,16,7.27,5,2.27,10,4.55,0,0,0,0,0,0,551,4
ayufivwb022pjqoc5h3s6diqc,Juan José Cataño Vahos,J. Cataño,Midfielder,Colombia Under 17,4o0dd5pbzm7z06k28i2bf8xfd,2025-11-17T19:00:45Z,236,2.62,Midfielders,cm,"dm,cm",2,8,5,1.91,3.05,3,1.15,3,1.15,0,0,0,0,1,0.38,32,12.21,1,0.38,0,0,31,11.83,0,0,6,2.29,0,0,0,0,17,17,10,3.82,3,1.15,0,0,0,0,0,0,3,1.15,100,100,0,0,22,13,4.96,8.4,9,41,41,3.44,57,21.76,13,4.96,32,12.21,2,0.76,0,0,0,0,0,0,3,1.15,1,0.38,0,0,0,0,1,1,1,0.38,0,0,0.38,1,0.38,0,0,1,0.38,0.38,14,8,3.05,5.34,6,2.29,0,0,0,0,0,0,0,0,0,0,5,1.91,0,0,0,0,20,7.63,236,0,0,79,79,106,40.46,0,0,0,0,0,0,0,0,0,0,0,0,0,0,0,0,0,0,0,0,10,3.82,7,2.67,0,0,6,2,0.76,2.29,13,4.96,0,0,1,0.38,27,10.31,0,0,0,0,0,0,0,0,0,0,0,0,0,0,0,0,2,0.76,4,1.53,6,6,3,1.15,0,0,3,1.15,0,0,4,1.53,4,1.53,1,0.38,2,0.76,1,0.38,5,1.91,11,4.2,84,32.06,59,22.52,34,12.98,78,29.77,1,0.38,2,0.76,0,0,0,0,0,0,3,1.15,0,0,0,0,0,0,0,0,0,0,3,1.15,1,0.38,41,15.65,111,42.37,0,0,6,2.29,89,33.97,3,1.15,3,1.15,22,8.4,156,59.54,5,1.91,8,3.05,0,0,0,0,1,0.38,7,2.67,25,9.54,5,1.91,15,5.73,2,0.76,0,0,2,0.76,556,8
10xdsdrbqxoogl1a40ckrbk7o,José Rafael Escorcia de La Cruz,J. Escorcia,Forward,Colombia Under 17,4o0dd5pbzm7z06k28i2bf8xfd,2025-11-17T19:00:45Z,216,2.4,Wingers,lm,lm,1,9,6,2.5,3.75,3,1.25,4,1.67,0,0,0,0,0,0,13,5.42,1,0.42,0,0,30,12.5,0,0,6,2.5,0,0,0,0,0,0,0,0,0,0,0,0,0,0,0,0,5,2.08,60,60,0,0,32,20,8.33,13.33,12,38,38,5,45,18.75,1,0.42,15,6.25,0,0,0,0,0,0,0,0,4,1.67,0,0,0,0,0,0,0,3,2,0.83,1,0.42,1.25,0,0,0,0,0,0,0,23,14,5.83,9.58,9,3.75,0,0,0,0,0,0,0,0,1,0.42,6,2.5,0,0,0,0,9,3.75,0,0,0,83,83,65,27.08,0,0,0,0,0,0,0,0,0,0,0,0,0,0,0,0,0,0,0,0,16,6.67,4,1.67,0,0,4,1,0.42,1.67,14,5.83,0,0,0,0,29,12.08,0,0,0,0,0,0,0,0,0,0,0,0,0,0,0,0,0,0,0,0,0,0,3,1.25,0,0,2,0.83,1,0.42,0,0,0,0,0,0,3,1.25,0,0,0,0,1,0.42,54,22.5,42,17.5,13,5.42,54,22.5,0,0,3,1.25,0,0,0,0,1,0.42,7,2.92,0,0,0,0,0,0,0,0,3,1.25,4,1.67,3,1.25,24,10,66,27.5,0,0,0,0,55,22.92,3,1.25,7,2.92,11,4.58,104,43.33,0,0,0,0,0,0,2,0.83,0,0,0,0,10,4.17,1,0.42,11,4.58,0,0,0,0,0,0,558,17
acmkqzyy7ytt1qrk2cnhvfdp0,Cristian David Flórez Palacios,C. Flórez,Defender,Colombia Under 17,4o0dd5pbzm7z06k28i2bf8xfd,2025-11-17T19:00:45Z,360,4,Wingers,rm,rm,1,7,4,1,1.75,3,0.75,4,1,0,0,0,0,0,0,29,7.25,3,0.75,0,0,37,9.25,0,0,2,0.5,2,0.5,0,0,0,0,1,0.25,5,1.25,0,0,0,0,0,0,9,2.25,38,38,0,0,51,28,7,12.75,23,45,45,5.75,106,26.5,6,1.5,21,5.25,2,0.5,0,0,0,0,0,0,4,1,0,0,0,0,0,0,0,3,2,0.5,1,0.25,0.75,0,0,0,0,0,0,0,44,24,6,11,20,5,2,0.5,0,0,1,0.25,0,0,2,0.5,2,0.5,0,0,0,0,44,11,0,1,0.25,70,70,97,24.25,0,0,2,0.5,0,0,0,0,0,0,0,0,0,0,0,0,0,0,0,0,17,4.25,11,2.75,0,0,6,3,0.75,1.5,16,4,0,0,0,0,5,1.25,0,0,0,0,0,0,0,0,0,0,0,0,0,0,0,0,4,1,2,0.5,0,0,4,1,0,0,0,0,0,0,0,0,0,0,0,0,6,1.5,1,0.25,2,0.5,5,1.25,68,17,50,12.5,20,5,65,16.25,3,0.75,6,1.5,0,0,0,0,2,0.5,19,4.75,0,0,2,0.5,0,0,0,0,0,0,7,1.75,5,1.25,71,17.75,99,24.75,0,0,6,1.5,70,17.5,9,2.25,15,3.75,29,7.25,184,46,0,0,9,2.25,9,2.25,10,2.5,1,0.25,2,0.5,31,7.75,7,1.75,27,6.75,0,0,0,0,0,0,559,7
5o37sln8bo3v66pwqrq0oy51w,Edmilson Yosue Herazo Torres,E. Herazo,Midfielder,Colombia Under 17,4o0dd5pbzm7z06k28i2bf8xfd,2025-11-17T19:00:45Z,360,4,Center Backs,cb,cb,1,15,5,1.25,3.75,10,2.5,4,1,0,0,0,0,0,0,18,4.5,1,0.25,1,0.25,44,11,0,0,0,0,2,0.5,0,0,0,0,0,0,0,0,0,0,0,0,0,0,0,0,50,50,0,0,28,9,2.25,7,19,68,68,4.75,7,1.75,20,5,66,16.5,2,0.5,0,0,0,0,0,0,4,1,0,0,0,0,0,0,0,3,2,0.5,1,0.25,0.75,0,0,0,0,0,0,0,13,4,1,3.25,9,2.25,0,0,0,0,0,0,0,0,3,0.75,0,0,0,0,0,0,27,6.75,0,0,0,93,93,175,43.75,0,0,0,0,0,0,0,0,0,0,0,0,0,0,0,0,0,0,0,0,30,7.5,6,1.5,0,0,1,0,0,0.25,14,3.5,0,0,0,0,69,17.25,0,0,0,0,0,0,0,0,0,0,0,0,0,0,0,0,0,0,0,0,0,0,4,1,0,0,0,0,0,0,0,0,0,0,0,0,1,0.25,1,0.25,0,0,18,4.5,162,40.5,60,15,107,26.75,149,37.25,2,0.5,5,1.25,0,0,0,0,2,0.5,1,0.25,0,0,0,0,0,0,0,0,17,4.25,3,0.75,1,0.25,17,4.25,180,45,0,0,0,0,167,41.75,7,1.75,5,1.25,13,3.25,227,56.75,0,0,0,0,0,0,1,0.25,4,1,4,1,7,1.75,6,1.5,9,2.25,0,0,0,0,1,0.25,561,3
ayp8a54x66h6ejumn3nn2ubys,Matias Lozano Quiroz,M. Lozano,Midfielder,Colombia Under 17,4o0dd5pbzm7z06k28i2bf8xfd,2025-11-17T19:00:45Z,327,3.63,Midfielders,cm,"am,cm",2,5,2,0.55,1.38,3,0.83,4,1.1,0,0,0,0,0,0,38,10.47,1,0.28,0,0,44,12.12,0,0,9,2.48,1,0.28,0,0,0,0,4,1.1,2,0.55,0,0,0,0,0,0,7,1.93,67,67,0,0,50,21,5.79,13.77,29,58,58,7.99,102,28.1,10,2.75,41,11.29,1,0.28,0,0,0,0,0,0,4,1.1,0,0,0,0,0,0,0,2,2,0.55,0,0,0.55,0,0,0,0,0,0,0,45,19,5.23,12.4,26,7.16,0,0,0,0,0,0,0,0,0,0,9,2.48,0,0,0,0,36,9.92,0,0,0,79,79,149,41.05,0,0,1,0.28,0,0,0,0,0,0,0,0,0,0,0,0,0,0,0,0,15,4.13,11,3.03,0,0,7,1,0.28,1.93,17,4.68,0,0,0,0,39,10.74,0,0,0,0,0,0,0,0,0,0,0,0,0,0,0,0,1,0.28,0,0,0,0,4,1.1,0,0,3,0.83,0,0,1,0.28,3,0.83,2,0.55,10,2.75,0,0,5,1.38,7,1.93,117,32.23,80,22.04,45,12.4,115,31.68,7,1.93,6,1.65,2,0.55,0,0,3,0.83,12,3.31,1,0.28,0,0,0,0,0,0,2,0.55,3,0.83,3,0.83,60,16.53,154,42.42,0,0,1,0.28,122,33.61,13,3.58,6,1.65,32,8.82,230,63.36,3,0.83,3,0.83,0,0,5,1.38,0,0,3,0.83,30,8.26,5,1.38,29,7.99,1,0.28,0,0,0,0,562,14
b9afl0bv37nmwi6jr3lwyxgyc,Criss Ángel Macías Besinger,C. Macías,Defender,Colombia Under 17,4o0dd5pbzm7z06k28i2bf8xfd,2025-11-17T19:00:45Z,268,2.98,Full Backs,rb,rb,1,7,4,1.34,2.35,3,1.01,3,1.01,0,0,0,0,0,0,11,3.69,2,0.67,0,0,42,14.09,0,0,1,0.34,1,0.34,0,0,0,0,0,0,1,0.34,0,0,0,0,0,0,5,1.68,67,67,0,0,34,14,4.7,11.41,20,59,59,6.71,33,11.07,16,5.37,52,17.45,1,0.34,0,0,0,0,0,0,3,1.01,0,0,0,0,0,0,0,2,2,0.67,0,0,0.67,0,0,0,0,0,0,0,27,10,3.36,9.06,17,5.7,0,0,0,0,0,0,0,0,4,1.34,1,0.34,0,0,0,0,25,8.39,0,0,0,70,70,90,30.2,0,0,1,0.34,0,0,0,0,0,0,0,0,0,0,0,0,0,0,0,0,25,8.39,14,4.7,0,0,8,3,1.01,2.68,11,3.69,0,0,0,0,3,1.01,0,0,0,0,0,0,0,0,0,0,0,0,0,0,0,0,2,0.67,1,0.34,0,0,3,1.01,0,0,2,0.67,0,0,0,0,1,0.34,1,0.34,2,0.67,4,1.34,0,0,6,2.01,63,21.14,35,11.74,30,10.07,58,19.46,8,2.68,3,1.01,1,0.34,10,3.36,26,8.72,6,2.01,0,0,1,0.34,0,0,0,0,13,4.36,3,1.01,4,1.34,57,19.13,91,30.54,0,0,3,1.01,64,21.48,11,3.69,2,0.67,27,9.06,200,67.11,0,0,7,2.35,7,2.35,1,0.34,8,2.68,9,3.02,23,7.72,11,3.69,18,6.04,0,0,0,0,1,0.34,563,5
easb3azpe9iq9w4o35vljjx90,Jorman Camilo Mendoza Garrido,J. Mendoza,Goalkeeper,Colombia Under 17,4o0dd5pbzm7z06k28i2bf8xfd,2025-11-17T19:00:45Z,360,4,Goalkeepers,gk,gk,1,4,0,0,1,4,1,4,1,0,0,0,0,0,0,0,0,0,0,0,0,32,8,1,0.25,0,0,2,0.5,0,0,0,0,0,0,0,0,0,0,0,0,0,0,0,0,0,0,0,0,5,0,0,1.25,5,100,100,1.25,0,0,14,3.5,82,20.5,0,0,0,0,14,3.5,14,3.5,4,1,0,0,21,5.25,0,0,0,3,2,0.5,1,0.25,0.75,0,0,0,0,0,0,0,1,0,0,0.25,1,0.25,0,0,0,0,0,0,0,0,0,0,0,0,0,0,0,0,20,5,0,0,0,77,77,96,24,0,0,0,0,0,0,0,0,0,0,0,0,0,0,0,0,0,0,0,0,20,5,19,4.75,4,1,0,0,0,0,37,9.25,0,0,0,0,30,7.5,9,4,1,5,1.25,2.25,0,0,0,0,2,0.5,0,0,0,0,0,0,0,0,0,0,4,1,0,0,0,0,0,0,0,0,0,0,0,0,0,0,3,0.75,0,0,31,7.75,74,18.5,23,5.75,64,16,56,14,0,0,0,0,0,0,0,0,0,0,0,0,0,0,0,0,1,0.25,0,0,5,1.25,0,0,2,0.5,47,11.75,132,33,0,0,0,0,87,21.75,0,0,0,0,45,11.25,157,39.25,0,0,0,0,0,0,0,0,13,3.25,43,10.75,42,10.5,3,0.75,2,0.5,0,0,0,0,0,0,564,12
cak6a3ijv4e4og26l2j6qmbkk,Ángel Santiago Mora Barrera,Á. Mora,Forward,Colombia Under 17,4o0dd5pbzm7z06k28i2bf8xfd,2025-11-17T19:00:45Z,77,0.86,Midfielders,cm,cm,1,4,3,3.49,4.65,1,1.16,3,3.49,0,0,0,0,0,0,5,5.81,0,0,0,0,5,5.81,0,0,1,1.16,0,0,0,0,0,0,2,2.33,0,0,0,0,0,0,0,0,2,2.33,0,0,0,0,14,9,10.47,16.28,5,36,36,5.81,15,17.44,1,1.16,2,2.33,0,0,0,0,0,0,0,0,3,3.49,0,0,0,0,0,0,0,1,1,1.16,0,0,1.16,0,0,0,0,0,0,0,10,6,6.98,11.63,4,4.65,0,0,0,0,0,0,0,0,0,0,1,1.16,0,0,0,0,4,4.65,0,0,0,100,100,14,16.28,0,0,0,0,0,0,0,0,0,0,0,0,0,0,0,0,0,0,0,0,2,2.33,0,0,0,0,0,0,0,0,3,3.49,0,0,0,0,4,4.65,0,0,0,0,0,0,0,0,0,0,0,0,0,0,0,0,0,0,0,0,0,0,1,1.16,0,0,1,1.16,2,2.33,1,1.16,1,1.16,0,0,0,0,0,0,1,1.16,1,1.16,14,16.28,9,10.47,7,8.14,14,16.28,0,0,4,4.65,0,0,0,0,0,0,4,4.65,0,0,0,0,0,0,0,0,0,0,3,3.49,0,0,13,15.12,15,17.44,0,0,0,0,15,17.44,4,4.65,0,0,0,0,37,43.02,1,1.16,4,4.65,2,2.33,2,2.33,0,0,0,0,4,4.65,0,0,0,0,0,0,0,0,0,0,565,19
3hw2bkpo6654zzgnc3o77aq6s,Yaiker David Moya Camargo,Y. Moya,Defender,Colombia Under 17,4o0dd5pbzm7z06k28i2bf8xfd,2025-11-17T19:00:45Z,90,1,Full Backs,rb,rb,1,6,1,1,6,5,5,2,2,0,0,0,0,0,0,8,8,1,1,0,0,7,7,0,0,0,0,1,1,0,0,0,0,0,0,0,0,0,0,0,0,0,0,0,0,0,0,0,0,11,4,4,11,7,64,64,7,22,22,12,12,26,26,1,1,0,0,0,0,0,0,2,2,0,0,0,0,0,0,0,0,0,0,0,0,0,0,0,0,0,0,0,0,5,3,3,5,2,2,0,0,0,0,0,0,0,0,3,3,0,0,0,0,0,0,20,20,0,0,0,90,90,60,60,0,0,0,0,0,0,0,0,0,0,0,0,0,0,0,0,0,0,0,0,3,3,6,6,0,0,1,1,1,1,4,4,0,0,0,0,6,6,0,0,0,0,0,0,0,0,0,0,0,0,0,0,0,0,0,0,0,0,0,0,1,1,0,0,1,1,1,1,0,0,0,0,0,0,0,0,1,1,0,0,9,9,54,54,30,30,24,24,45,45,0,0,2,2,0,0,0,0,8,8,0,0,0,0,0,0,0,0,0,0,0,0,3,3,0,0,10,10,60,60,0,0,0,0,54,54,2,2,0,0,6,6,80,80,0,0,1,1,1,1,0,0,0,0,0,0,5,5,2,2,6,6,0,0,0,0,0,0,566,20
ei701go7y7b1yq60pwdwooe8k,Cristian Camilo Orozco Valdés,C. Orozco,Defender,Colombia Under 17,4o0dd5pbzm7z06k28i2bf8xfd,2025-11-17T19:00:45Z,360,4,Midfielders,dm,dm,1,6,2,0.5,1.5,4,1,4,1,0,0,0,0,0,0,32,8,4,1,0,0,62,15.5,0,0,1,0.25,2,0.5,0,0,0,0,1,0.25,4,1,0,0,0,0,0,0,4,1,75,75,0,0,34,17,4.25,8.5,17,50,50,4.25,45,11.25,44,11,79,19.75,0,0,0,0,0,0,0,0,4,1,0,0,0,0,0,0,0,3,2,0.5,1,0.25,0.75,0,0,0,0,0,0,0,28,15,3.75,7,13,3.25,0,0,0,0,0,0,0,0,4,1,1,0.25,0,0,0,0,41,10.25,0,0,0,78,78,207,51.75,0,0,1,0.25,0,0,0,0,0,0,0,0,0,0,0,0,0,0,0,0,36,9,12,3,0,0,9,5,1.25,2.25,26,6.5,0,0,0,0,60,15,0,0,0,0,0,0,0,0,0,0,0,0,0,0,0,0,5,1.25,4,1,0,0,4,1,1,0.25,0,0,0,0,1,0.25,1,0.25,0,0,3,0.75,1,0.25,3,0.75,25,6.25,162,40.5,103,25.75,64,16,141,35.25,2,0.5,6,1.5,0,0,0,0,1,0.25,5,1.25,0,0,0,0,0,0,0,0,3,0.75,2,0.5,2,0.5,57,14.25,212,53,1,0.25,9,2.25,166,41.5,8,2,1,0.25,46,11.5,272,68,0,0,0,0,0,0,1,0.25,6,1.5,19,4.75,40,10,6,1.5,27,6.75,0,0,0,0,1,0.25,567,6
dssfq19k3vs9v5qd7pte27pck,Jesús David Peñaloza Fragozo,J. Peñaloza,Defender,Colombia Under 17,4o0dd5pbzm7z06k28i2bf8xfd,2025-11-17T19:00:45Z,360,4,Center Backs,cb,cb,1,19,5,1.25,4.75,14,3.5,4,1,0,0,0,0,0,0,12,3,0,0,0,0,43,10.75,0,0,0,0,2,0.5,0,0,0,0,0,0,0,0,0,0,0,0,0,0,0,0,0,0,0,0,31,13,3.25,7.75,18,58,58,4.5,7,1.75,13,3.25,73,18.25,1,0.25,0,0,0,0,0,0,4,1,0,0,0,0,0,0,0,3,2,0.5,1,0.25,0.75,0,0,0,0,0,0,0,12,8,2,3,4,1,0,0,0,0,0,0,0,0,7,1.75,0,0,0,0,0,0,87,21.75,0,0,0,85,85,191,47.75,0,0,0,0,0,0,0,0,0,0,0,0,0,0,0,0,0,0,0,0,24,6,10,2.5,0,0,2,1,0.25,0.5,15,3.75,0,0,0,0,23,5.75,0,0,0,0,0,0,0,0,0,0,0,0,0,0,0,0,3,0.75,0,0,0,0,4,1,0,0,0,0,0,0,0,0,0,0,0,0,0,0,0,0,0,0,13,3.25,163,40.75,49,12.25,118,29.5,154,38.5,1,0.25,2,0.5,0,0,0,0,1,0.25,0,0,0,0,0,0,0,0,0,0,22,5.5,6,1.5,1,0.25,38,9.5,195,48.75,0,0,3,0.75,167,41.75,3,0.75,4,1,28,7,250,62.5,0,0,1,0.25,1,0.25,0,0,14,3.5,16,4,22,5.5,7,1.75,12,3,0,0,0,0,0,0,568,4
bbfzgp3a8l00utb1k48wpqrdg,Deivi Fernando Quiñones Arroyo,D. Quiñones,Midfielder,Colombia Under 17,4o0dd5pbzm7z06k28i2bf8xfd,2025-11-17T19:00:45Z,60,0.67,Wingers,lm,lm,1,1,1,1.49,1.49,0,0,2,2.99,0,0,0,0,0,0,6,8.96,1,1.49,0,0,11,16.42,0,0,3,4.48,0,0,0,0,0,0,2,2.99,2,2.99,0,0,0,0,0,0,0,0,20,20,0,0,9,5,7.46,13.43,4,44,44,5.97,27,40.3,1,1.49,5,7.46,0,0,0,0,0,0,0,0,2,2.99,0,0,0,0,0,0,0,1,0,0,1,1.49,1.49,0,0,0,0,0,0,0,8,4,5.97,11.94,4,5.97,0,0,0,0,0,0,0,0,0,0,3,4.48,0,0,0,0,0,0,0,0,0,78,78,18,26.87,0,0,0,0,0,0,0,0,0,0,0,0,0,0,0,0,0,0,0,0,5,7.46,4,5.97,0,0,1,1,1.49,1.49,2,2.99,0,0,0,0,8,11.94,0,0,0,0,0,0,0,0,0,0,0,0,0,0,0,0,1,1.49,1,1.49,0,0,1,1.49,0,0,1,1.49,1,1.49,1,1.49,2,2.99,1,1.49,1,1.49,0,0,0,0,2,2.99,14,20.9,16,23.88,1,1.49,13,19.4,1,1.49,1,1.49,0,0,0,0,1,1.49,4,5.97,0,0,0,0,0,0,0,0,0,0,0,0,1,1.49,12,17.91,19,28.36,0,0,2,2.99,15,22.39,2,2.99,1,1.49,4,5.97,41,61.19,0,0,3,4.48,3,4.48,4,5.97,0,0,1,1.49,7,10.45,0,0,3,4.48,0,0,0,0,0,0,569,10
dwnckz4ua1oxkilv7xycmtbmc,Santiago Londoño González,S. Londoño,Forward,Colombia Under 17,4o0dd5pbzm7z06k28i2bf8xfd,2025-11-17T19:00:45Z,358,3.98,Strikers,st,st,1,16,9,2.26,4.02,7,1.76,4,1.01,0,0,3,0.75,0,0,16,4.02,8,2.01,0,0,36,9.05,0,0,6,1.51,1,0.25,0,0,12,12,1,0.25,4,1.01,0,0,0,0,0,0,10,2.51,50,50,0,0,62,37,9.3,15.58,25,40,40,6.28,116,29.15,4,1.01,17,4.27,3,0.75,1,0.25,0,0,0,0,4,1.01,0,0,0,0,0,0,1,3,2,0.5,1,0.25,0.75,0,0,1,0.25,0,0,0.25,46,28,7.04,11.56,18,4.52,0,0,0,0,1,0.25,1,0.25,2,0.5,6,1.51,0,0,0,0,14,3.52,358,8,2.01,70,70,64,16.08,0,0,0,0,0,0,0,0,0,0,0,0,0,0,1,0.25,1,0,0,0.25,15,3.77,6,1.51,0,0,6,4,1.01,1.51,8,2.01,0,0,1,0.25,19,4.77,0,0,0,0,0,0,0,0,0,0,0,0,0,0,0,0,6,1.51,2,0.5,8,8,4,1.01,1,0.25,1,0.25,0,0,0,0,0,0,0,0,7,1.76,0,0,6,1.51,2,0.5,45,11.31,42,10.55,5,1.26,45,11.31,1,0.25,4,1.01,0,0,0,0,1,0.25,17,4.27,1,0.25,1,0.25,0,0,1,0.25,2,0.5,8,2.01,6,1.51,58,14.57,66,16.58,1,0.25,8,2.01,47,11.81,5,1.26,31,7.79,19,4.77,157,39.45,1,0.25,1,0.25,0,0,7,1.76,1,0.25,2,0.5,17,4.27,3,0.75,17,4.27,1,0.25,0,0,0,0,571,9
7k025d3cn1v9kg8p8ai715o2c,Miguel Ángel Solarte Arboleda,M. Solarte,Defender,Colombia Under 17,4o0dd5pbzm7z06k28i2bf8xfd,2025-11-17T19:00:45Z,360,4,Full Backs,lb,lb,1,14,2,0.5,3.5,12,3,4,1,0,0,0,0,0,0,20,5,1,0.25,1,0.25,29,7.25,0,0,5,1.25,2,0.5,0,0,100,100,0,0,2,0.5,0,0,0,0,0,0,3,0.75,40,40,0,0,45,20,5,11.25,25,56,56,6.25,71,17.75,13,3.25,75,18.75,5,1.25,0,0,0,0,0,0,4,1,0,0,0,0,0,0,1,3,2,0.5,1,0.25,0.75,1,0.25,0,0,1,0.25,0.25,31,18,4.5,7.75,13,3.25,0,0,0,0,0,0,1,0.25,8,2,5,1.25,0,0,1,0.25,13,3.25,360,1,0.25,71,71,146,36.5,0,0,1,0.25,0,0,0,0,0,0,0,0,0,0,0,0,0,0,0,0,17,4.25,28,7,0,0,12,4,1,3,23,5.75,0,0,0,0,40,10,0,0,0,0,0,0,0,0,0,0,0,0,0,0,0,0,0,0,1,0.25,1,1,4,1,0,0,0,0,0,0,0,0,1,0.25,1,0.25,4,1,3,0.75,0,0,5,1.25,104,26,65,16.25,42,10.5,101,25.25,4,1,3,0.75,0,0,13,3.25,35,8.75,9,2.25,0,0,0,0,0,0,0,0,10,2.5,8,2,2,0.5,81,20.25,148,37,0,0,1,0.25,106,26.5,7,1.75,7,1.75,42,10.5,272,68,0,0,7,1.75,7,1.75,6,1.5,11,2.75,14,3.5,37,9.25,12,3,28,7,0,0,1,0.25,0,0,572,15
66e9b6blg5vtq6cshy4dggc9g,Jin-Sok An,An Jin-Sok,Midfielder,Korea DPR Under 17,917ect9pjr8k9gyl04cb89vrz,2025-11-19T17:21:09Z,398,4.42,Midfielders,cm,cm,1,13,7,1.58,2.94,6,1.36,5,1.13,0,0,0,0,0,0,23,5.2,2,0.45,1,0.23,59,13.35,0,0,7,1.58,0,0,0,0,0,0,0,0,5,1.13,0,0,0,0,0,0,7,1.58,73,73,0,0,69,34,7.69,15.61,35,51,51,7.92,66,14.93,16,3.62,84,19,4,0.9,0,0,0,0,0,0,5,1.13,2,0.45,0,0,0,0,0,3,3,0.68,0,0,0.68,0,0,0,0,0,0,0,56,27,6.11,12.67,29,6.56,2,0.45,0,0,0,0,0,0,6,1.36,5,1.13,0,0,0,0,43,9.73,0,0,0,78,78,208,47.06,0,0,0,0,0,0,0,0,0,0,0,0,0,0,0,0,0,0,0,0,24,5.43,13,2.94,0,0,16,11,2.49,3.62,30,6.79,0,0,0,0,59,13.35,0,0,0,0,0,0,0,0,0,0,0,0,0,0,0,0,0,0,0,0,0,0,4,0.9,0,0,1,0.23,1,0.23,0,0,0,0,0,0,8,1.81,1,0.23,4,0.9,2,0.45,162,36.65,88,19.91,75,16.97,161,36.43,4,0.9,13,2.94,2,0.45,0,0,0,0,10,2.26,1,0.23,0,0,0,0,0,0,9,2.04,11,2.49,4,0.9,69,15.61,209,47.29,0,0,0,0,163,36.88,17,3.85,8,1.81,46,10.41,303,68.55,0,0,0,0,0,0,3,0.68,2,0.45,5,1.13,34,7.69,12,2.71,41,9.28,0,0,0,0,2,0.45,573,6
8thy3ulmi0zs6oaezinplap04,Chung-Hyok Choe,Choe Chung-Hyok,Defender,Korea DPR Under 17,917ect9pjr8k9gyl04cb89vrz,2025-11-19T17:21:09Z,450,5,Center Backs,cb,cb,1,18,8,1.6,3.6,10,2,5,1,0,0,0,0,0,0,19,3.8,3,0.6,3,0.6,30,6,0,0,3,0.6,1,0.2,0,0,0,0,0,0,0,0,0,0,0,0,0,0,1,0.2,100,100,0,0,24,11,2.2,4.8,13,54,54,2.6,7,1.4,7,1.4,74,14.8,1,0.2,0,0,0,0,0,0,5,1,0,0,0,0,0,0,0,5,4,0.8,1,0.2,1,0,0,0,0,0,0,0,6,3,0.6,1.2,3,0.6,0,0,0,0,0,0,0,0,5,1,3,0.6,0,0,0,0,58,11.6,0,0,0,87,87,171,34.2,0,0,0,0,0,0,0,0,0,0,0,0,0,0,0,0,0,1,0.2,0,18,3.6,13,2.6,0,0,3,0,0,0.6,13,2.6,0,0,0,0,32,6.4,0,0,0,0,0,0,0,0,0,0,0,0,0,0,0,0,1,0.2,1,0.2,0,0,5,1,0,0,0,0,0,0,0,0,0,0,0,0,1,0.2,5,1,0,0,14,2.8,149,29.8,37,7.4,121,24.2,144,28.8,0,0,1,0.2,0,0,0,0,0,0,1,0.2,0,0,1,0.2,0,0,0,0,37,7.4,2,0.4,2,0.4,29,5.8,183,36.6,0,0,2,0.4,158,31.6,1,0.2,6,1.2,25,5,244,48.8,0,0,0,0,0,0,0,0,14,2.8,16,3.2,16,3.2,9,1.8,9,1.8,0,0,0,0,1,0.2,574,3
loflcs0dbwuti4wxam5hjo5w,Il-Bok Han,Han Il-Bok,Midfielder,Korea DPR Under 17,917ect9pjr8k9gyl04cb89vrz,2025-11-19T17:21:09Z,109,1.21,Wingers,rm,rm,1,3,3,2.48,2.48,0,0,5,4.13,0,0,0,0,1,0.83,10,8.26,1,0.83,0,0,22,18.18,0,0,0,0,0,0,0,0,40,40,1,0.83,0,0,0,0,0,0,0,0,4,3.31,62,62,0,0,19,12,9.92,15.7,7,37,37,5.79,31,25.62,3,2.48,15,12.4,1,0.83,0,0,0,0,0,0,5,4.13,0,0,0,0,0,0,2,3,2,1.65,1,0.83,2.48,2,1.65,2,1.65,0,0,1.65,16,9,7.44,13.22,7,5.79,0,0,0,0,0,0,1,0.83,3,2.48,0,0,0,0,1,0.83,15,12.4,54,0,0,64,64,42,34.71,0,0,1,0.83,0,0,0,0,0,0,0,0,0,0,0,0,0,1,0.83,0,12,9.92,7,5.79,0,0,7,2,1.65,5.79,10,8.26,0,0,1,0.83,2,1.65,0,0,0,0,0,0,0,0,0,0,0,0,0,0,0,0,2,1.65,3,2.48,2,2,1,0.83,0,0,2,1.65,4,3.31,0,0,0,0,0,0,5,4.13,1,0.83,0,0,4,3.31,27,22.31,19,15.7,8,6.61,23,19.01,2,1.65,0,0,0,0,0,0,0,0,7,5.79,0,0,0,0,0,0,1,0.83,0,0,1,0.83,0,0,30,24.79,42,34.71,0,0,5,4.13,27,22.31,2,1.65,6,4.96,15,12.4,80,66.12,1,0.83,2,1.65,1,0.83,3,2.48,2,1.65,2,1.65,12,9.92,5,4.13,13,10.74,0,0,0,0,0,0,575,2
49sdcg6g8lka64f9krjgjdjbo,Myong-Bom Kang,Kang Myong-Bom,Midfielder,Korea DPR Under 17,917ect9pjr8k9gyl04cb89vrz,2025-11-19T17:21:09Z,65,0.72,Strikers,st,st,1,3,1,1.39,4.17,2,2.78,3,4.17,0,0,0,0,0,0,8,11.11,0,0,0,0,10,13.89,0,0,0,0,0,0,0,0,0,0,0,0,0,0,0,0,0,0,0,0,1,1.39,0,0,0,0,8,4,5.56,11.11,4,50,50,5.56,11,15.28,1,1.39,3,4.17,0,0,0,0,0,0,0,0,3,4.17,0,0,0,0,0,0,0,2,1,1.39,1,1.39,2.78,0,0,0,0,0,0,0,5,3,4.17,6.94,2,2.78,0,0,0,0,0,0,0,0,0,0,0,0,0,0,0,0,7,9.72,0,0,0,83,83,23,31.94,0,0,0,0,0,0,0,0,0,0,0,0,0,0,0,0,0,1,1.39,0,6,8.33,3,4.17,0,0,1,1,1.39,1.39,9,12.5,0,0,0,0,7,9.72,0,0,0,0,0,0,0,0,0,0,0,0,0,0,0,0,1,1.39,0,0,0,0,1,1.39,0,0,1,1.39,2,2.78,0,0,0,0,0,0,0,0,0,0,0,0,1,1.39,19,26.39,15,20.83,6,8.33,20,27.78,1,1.39,1,1.39,0,0,0,0,0,0,2,2.78,0,0,0,0,0,0,0,0,1,1.39,1,1.39,0,0,9,12.5,25,34.72,0,0,1,1.39,21,29.17,2,2.78,2,2.78,4,5.56,36,50,0,0,0,0,0,0,1,1.39,1,1.39,1,1.39,3,4.17,1,1.39,3,4.17,0,0,0,0,0,0,577,5
bp4h393rxvs3t67vgkjqsy5uc,Jong-Hun Kim,Kim Jong-Hun,Goalkeeper,Korea DPR Under 17,917ect9pjr8k9gyl04cb89vrz,2025-11-19T17:21:09Z,450,5,Goalkeepers,gk,gk,1,2,0,0,0.4,2,0.4,5,1,0,0,0,0,0,0,0,0,0,0,0,0,26,5.2,5,1,0,0,1,0.2,0,0,0,0,0,0,0,0,1,0.2,0,0,0,0,0,0,0,0,3,0.6,7,1,0.2,1.4,6,86,86,1.2,0,0,4,0.8,115,23,1,0.2,0,0,29,5.8,6,1.2,5,1,0,0,23,4.6,0,0,0,5,4,0.8,1,0.2,1,0,0,0,0,0,0,0,5,1,0.2,1,4,0.8,0,0,0,0,0,0,0,0,0,0,0,0,0,0,0,0,30,6,0,0,0,60,60,103,20.6,0,0,0,0,0,0,1,0.2,1,0.2,0,0,0,0,0,0,0,1,0.2,0,6,1.2,20,4,1,0.2,0,0,0,0,54,10.8,0,0,0,0,27,5.4,12,6,1.2,6,1.2,2.4,0,0,1,0.2,2,0.4,0,0,0,0,0,0,0,0,0,0,5,1,0,0,0,0,0,0,0,0,0,0,0,0,0,0,11,2.2,0,0,31,6.2,62,12.4,19,3.8,78,15.6,66,13.2,0,0,0,0,0,0,0,0,0,0,0,0,0,0,0,0,2,0.4,0,0,5,1,1,0.2,4,0.8,75,15,172,34.4,0,0,0,0,97,19.4,0,0,0,0,75,15,214,42.8,0,0,0,0,0,0,0,0,40,8,74,14.8,65,13,10,2,1,0.2,0,0,0,0,1,0.2,578,18
9jm9m426pr73snsggua97hj4k,Se-Ung Kim,Kim Se-Ung,Defender,Korea DPR Under 17,917ect9pjr8k9gyl04cb89vrz,2025-11-19T17:21:09Z,450,5,Center Backs,cb,cb,1,13,6,1.2,2.6,7,1.4,5,1,0,0,0,0,0,0,18,3.6,0,0,4,0.8,31,6.2,0,0,0,0,1,0.2,0,0,0,0,0,0,0,0,0,0,0,0,0,0,1,0.2,0,0,0,0,26,8,1.6,5.2,18,69,69,3.6,4,0.8,9,1.8,66,13.2,0,0,0,0,0,0,0,0,5,1,0,0,0,0,0,0,0,5,4,0.8,1,0.2,1,0,0,0,0,0,0,0,13,2,0.4,2.6,11,2.2,0,0,0,0,0,0,0,0,6,1.2,0,0,0,0,0,0,29,5.8,0,0,0,79,79,141,28.2,0,0,0,0,0,0,0,0,0,0,0,0,0,0,0,0,0,1,0.2,0,13,2.6,9,1.8,0,0,3,2,0.4,0.6,13,2.6,0,0,0,0,40,8,0,0,0,0,0,0,0,0,0,0,0,0,0,0,0,0,1,0.2,0,0,0,0,5,1,0,0,0,0,0,0,0,0,0,0,0,0,0,0,4,0.8,0,0,9,1.8,111,22.2,28,5.6,91,18.2,110,22,1,0.2,4,0.8,0,0,0,0,0,0,1,0.2,0,0,0,0,0,0,0,0,32,6.4,2,0.4,6,1.2,38,7.6,153,30.6,0,0,1,0.2,119,23.8,5,1,2,0.4,34,6.8,219,43.8,0,0,0,0,0,0,0,0,12,2.4,24,4.8,24,4.8,10,2,10,2,0,0,0,0,0,0,579,15
brpgsnnfokmpo6ihv1idomfx0,Yu-Jin Kim,Kim Yu-Jin,Forward,Korea DPR Under 17,917ect9pjr8k9gyl04cb89vrz,2025-11-19T17:21:09Z,450,5,Strikers,st,st,1,35,25,5,7,10,2,5,1,0,0,0,0,2,0.4,49,9.8,2,0.4,0,0,45,9,0,0,11,2.2,1,0.2,0,0,21,21,5,1,8,1.6,0,0,0,0,0,0,4,0.8,50,50,0,0,80,43,8.6,16,37,46,46,7.4,131,26.2,12,2.4,30,6,3,0.6,1,0.2,0,0,0,0,5,1,1,0.2,0,0,0,0,4,5,4,0.8,1,0.2,1,2,0.4,3,0.6,1,0.2,0.8,45,18,3.6,9,27,5.4,0,0,0,0,0,0,2,0.4,3,0.6,10,2,0,0,0,0,17,3.4,112,1,0.2,74,74,125,25,0,0,2,0.4,0,0,0,0,0,0,0,0,0,0,3,0.6,2,1,0.2,0.4,26,5.2,4,0.8,0,0,10,6,1.2,2,19,3.8,0,0,4,0.8,39,7.8,0,0,0,0,0,0,0,0,0,0,0,0,1,0.2,0,0,3,0.6,16,3.2,5,5,5,1,0,0,0,0,0,0,1,0.2,3,0.6,1,0.2,5,1,0,0,9,1.8,2,0.4,92,18.4,79,15.8,26,5.2,100,20,1,0.2,7,1.4,1,0.2,0,0,1,0.2,9,1.8,2,0.4,4,0.8,0,0,2,0.4,2,0.4,10,2,14,2.8,72,14.4,135,27,0,0,19,3.8,102,20.4,8,1.6,36,7.2,33,6.6,251,50.2,3,0.6,8,1.6,3,0.6,5,1,1,0.2,5,1,36,7.2,5,1,28,5.6,3,0.6,1,0.2,1,0.2,581,10
6tf2xiz3ird4sdmg7qq9odr10,Kwang-Song Pak,Pak Kwang-Song,Midfielder,Korea DPR Under 17,917ect9pjr8k9gyl04cb89vrz,2025-11-19T17:21:09Z,449,4.99,Wingers,lm,lm,1,11,5,1,2.2,6,1.2,5,1,1,0.2,0,0,0,0,31,6.21,1,0.2,0,0,68,13.63,0,0,11,2.2,0,0,0,0,0,0,23,4.61,0,0,0,0,0,0,0,0,6,1.2,64,64,0,0,63,25,5.01,12.63,38,60,60,7.62,123,24.65,11,2.2,54,10.82,2,0.4,1,0.2,0,0,0,0,5,1,1,0.2,0,0,0,0,0,5,4,0.8,1,0.2,1,0,0,0,0,0,0,0,52,20,4.01,10.42,32,6.41,1,0.2,0,0,0,0,0,0,6,1.2,10,2,0,0,0,0,8,1.6,0,0,0,79,79,135,27.05,0,0,1,0.2,0,0,0,0,0,0,0,0,0,0,0,0,0,1,0.2,0,28,5.61,29,5.81,0,0,16,12,2.4,3.21,23,4.61,0,0,0,0,51,10.22,0,0,0,0,0,0,0,0,0,0,0,0,0,0,0,0,3,0.6,1,0.2,0,0,5,1,0,0,1,0.2,0,0,3,0.6,7,1.4,4,0.8,9,1.8,1,0.2,4,0.8,5,1,106,21.24,92,18.44,29,5.81,109,21.84,2,0.4,12,2.4,1,0.2,0,0,1,0.2,11,2.2,2,0.4,2,0.4,0,0,0,0,2,0.4,5,1,11,2.2,74,14.83,144,28.86,0,0,4,0.8,114,22.85,14,2.81,13,2.61,30,6.01,270,54.11,12,2.4,18,3.61,5,1,5,1,5,1,6,1.2,40,8.02,8,1.6,24,4.81,0,0,0,0,0,0,585,9
bio1khk1q9obso6pe4lr61yc4,Ryong-U Pak,Pak Ryong-U,Defender,Korea DPR Under 17,917ect9pjr8k9gyl04cb89vrz,2025-11-19T17:21:09Z,450,5,Full Backs,lb,lb,1,5,4,0.8,1,1,0.2,5,1,0,0,0,0,0,0,35,7,0,0,2,0.4,29,5.8,0,0,5,1,1,0.2,0,0,0,0,0,0,1,0.2,0,0,0,0,0,0,3,0.6,50,50,0,0,29,16,3.2,5.8,13,45,45,2.6,55,11,20,4,85,17,1,0.2,0,0,0,0,0,0,5,1,0,0,0,0,0,0,0,5,4,0.8,1,0.2,1,0,0,0,0,0,0,0,24,12,2.4,4.8,12,2.4,0,0,0,0,0,0,0,0,5,1,5,1,0,0,0,0,9,1.8,0,0,0,78,78,176,35.2,0,0,0,0,0,0,0,0,0,0,0,0,0,0,0,0,0,1,0.2,0,15,3,24,4.8,0,0,4,0,0,0.8,20,4,0,0,0,0,57,11.4,0,0,0,0,0,0,0,0,0,0,0,0,0,0,0,0,0,0,0,0,0,0,5,1,0,0,0,0,0,0,0,0,2,0.4,2,0.4,2,0.4,5,1,2,0.4,10,2,137,27.4,79,15.8,70,14,137,27.4,2,0.4,5,1,1,0.2,25,5,29,5.8,5,1,0,0,0,0,0,0,0,0,28,5.6,5,1,3,0.6,75,15,186,37.2,0,0,0,0,147,29.4,7,1.4,4,0.8,39,7.8,304,60.8,0,0,1,0.2,1,0.2,2,0.4,10,2,15,3,22,4.4,18,3.6,24,4.8,0,0,0,0,1,0.2,586,12
160pvwaa3h7zure1qf5i549hw,Hyok-Gwang Ri,Ri Hyok-Gwang,Midfielder,Korea DPR Under 17,917ect9pjr8k9gyl04cb89vrz,2025-11-19T17:21:09Z,341,3.79,Wingers,rm,rm,1,10,6,1.58,2.64,4,1.06,5,1.32,0,0,1,0.26,0,0,18,4.75,4,1.06,0,0,38,10.03,0,0,6,1.58,0,0,0,0,7,7,1,0.26,10,2.64,0,0,0,0,0,0,5,1.32,46,46,0,0,56,32,8.44,14.78,24,43,43,6.33,86,22.69,13,3.43,40,10.55,3,0.79,0,0,0,0,0,0,5,1.32,0,0,0,0,0,0,1,2,2,0.53,0,0,0.53,1,0.26,1,0.26,0,0,0.26,46,26,6.86,12.14,20,5.28,0,0,0,0,0,0,1,0.26,4,1.06,6,1.58,0,0,0,0,31,8.18,341,0,0,75,75,96,25.33,0,0,1,0.26,0,0,0,0,0,0,0,0,0,0,0,0,0,0,0,0,20,5.28,14,3.69,0,0,7,4,1.06,1.85,24,6.33,0,0,1,0.26,9,2.37,0,0,0,0,0,0,0,0,0,0,0,0,0,0,0,0,8,2.11,6,1.58,14,14,4,1.06,0,0,3,0.79,1,0.26,1,0.26,0,0,0,0,6,1.58,1,0.26,3,0.79,4,1.06,72,19,53,13.98,21,5.54,70,18.47,4,1.06,6,1.58,3,0.79,1,0.26,2,0.53,12,3.17,1,0.26,1,0.26,0,0,0,0,2,0.53,8,2.11,4,1.06,61,16.09,98,25.86,0,0,14,3.69,74,19.53,10,2.64,15,3.96,24,6.33,194,51.19,0,0,9,2.37,9,2.37,7,1.85,3,0.79,5,1.32,29,7.65,4,1.06,19,5.01,1,0.26,0,0,0,0,587,7
37w0jlmi1qqr4m3a06xmmtw5w,Kang-Rim Ri,Ri Kang-Rim,Forward,Korea DPR Under 17,917ect9pjr8k9gyl04cb89vrz,2025-11-19T17:21:09Z,384,4.27,Strikers,st,st,1,18,14,3.28,4.22,4,0.94,5,1.17,0,0,0,0,0,0,14,3.28,2,0.47,1,0.23,40,9.37,0,0,9,2.11,0,0,0,0,33,33,0,0,2,0.47,0,0,0,0,0,0,5,1.17,38,38,0,0,49,31,7.26,11.48,18,37,37,4.22,92,21.55,5,1.17,19,4.45,4,0.94,1,0.23,0,0,0,0,5,1.17,0,0,0,0,0,0,2,3,3,0.7,0,0,0.7,1,0.23,2,0.47,0,0,0.47,31,17,3.98,7.26,14,3.28,2,0.47,0,0,0,0,2,0.47,0,0,9,2.11,0,0,0,0,22,5.15,192,2,0.47,64,64,69,16.16,0,0,1,0.23,0,0,0,0,0,0,0,0,0,0,0,0,0,0,0,0,23,5.39,4,0.94,0,0,10,7,1.64,2.34,12,2.81,0,0,2,0.47,15,3.51,0,0,0,0,0,0,0,0,0,0,0,0,0,0,0,0,2,0.47,4,0.94,3,3,4,0.94,0,0,3,0.7,1,0.23,0,0,0,0,0,0,3,0.7,0,0,4,0.94,1,0.23,44,10.3,36,8.43,9,2.11,44,10.3,2,0.47,1,0.23,0,0,0,0,1,0.23,10,2.34,2,0.47,1,0.23,0,0,2,0.47,1,0.23,7,1.64,8,1.87,53,12.41,70,16.39,0,0,6,1.41,45,10.54,3,0.7,27,6.32,25,5.85,144,33.72,0,0,1,0.23,1,0.23,5,1.17,0,0,1,0.23,24,5.62,2,0.47,24,5.62,1,0.23,1,0.23,1,0.23,588,11
ap80jgh51e4xbwyv293b85zbo,Kyong-Bong Ri,Ri Kyong-Bong,Forward,Korea DPR Under 17,917ect9pjr8k9gyl04cb89vrz,2025-11-19T17:21:09Z,448,4.98,Full Backs,rb,rb,1,4,1,0.2,0.8,3,0.6,5,1,0,0,0,0,0,0,19,3.82,0,0,1,0.2,32,6.43,0,0,1,0.2,1,0.2,0,0,0,0,0,0,1,0.2,0,0,0,0,0,0,0,0,67,67,0,0,24,5,1,4.82,19,79,79,3.82,43,8.63,17,3.41,78,15.66,1,0.2,0,0,0,0,0,0,5,1,0,0,0,0,0,0,0,5,4,0.8,1,0.2,1,0,0,0,0,0,0,0,20,4,0.8,4.02,16,3.21,0,0,0,0,0,0,0,0,4,0.8,1,0.2,0,0,0,0,57,11.45,0,1,0.2,72,72,146,29.32,0,0,0,0,0,0,0,0,0,0,0,0,0,0,0,0,0,1,0.2,0,17,3.41,26,5.22,0,0,4,2,0.4,0.8,14,2.81,0,0,0,0,0,0,0,0,0,0,0,0,0,0,0,0,0,0,0,0,0,0,0,0,0,0,0,0,5,1,0,0,2,0.4,0,0,0,0,1,0.2,1,0.2,2,0.4,4,0.8,0,0,8,1.61,105,21.08,51,10.24,62,12.45,104,20.88,4,0.8,6,1.2,0,0,14,2.81,41,8.23,1,0.2,0,0,0,0,0,0,0,0,21,4.22,2,0.4,4,0.8,64,12.85,154,30.92,0,0,0,0,112,22.49,10,2.01,1,0.2,42,8.43,271,54.42,0,0,3,0.6,3,0.6,1,0.2,15,3.01,21,4.22,35,7.03,10,2.01,21,4.22,0,0,0,0,0,0,590,17
27m16n0dk6cy27uljop063f9w,Ro-Gwon Ri,Ri Ro-Gwon,Midfielder,Korea DPR Under 17,917ect9pjr8k9gyl04cb89vrz,2025-11-19T17:21:09Z,52,0.58,Midfielders,cm,cm,1,1,1,1.72,1.72,0,0,2,3.45,0,0,0,0,0,0,2,3.45,0,0,1,1.72,6,10.34,0,0,1,1.72,0,0,0,0,0,0,0,0,0,0,0,0,0,0,0,0,0,0,100,100,0,0,5,1,1.72,8.62,4,80,80,6.9,9,15.52,1,1.72,8,13.79,0,0,0,0,0,0,0,0,2,3.45,0,0,0,0,0,0,0,2,1,1.72,1,1.72,3.45,0,0,0,0,0,0,0,4,0,0,6.9,4,6.9,0,0,0,0,0,0,0,0,0,0,1,1.72,0,0,0,0,6,10.34,0,0,0,76,76,21,36.21,0,0,0,0,0,0,0,0,0,0,0,0,0,0,0,0,0,1,1.72,0,2,3.45,1,1.72,0,0,0,0,0,0,3,5.17,0,0,0,0,5,8.62,0,0,0,0,0,0,0,0,0,0,0,0,0,0,0,0,0,0,1,1.72,0,0,1,1.72,0,0,1,1.72,1,1.72,0,0,0,0,0,0,1,1.72,0,0,0,0,2,3.45,16,27.59,10,17.24,6,10.34,14,24.14,2,3.45,0,0,1,1.72,0,0,0,0,0,0,0,0,0,0,0,0,0,0,0,0,0,0,1,1.72,9,15.52,21,36.21,0,0,1,1.72,16,27.59,2,3.45,0,0,5,8.62,33,56.9,0,0,0,0,0,0,0,0,0,0,0,0,4,6.9,1,1.72,5,8.62,0,0,0,0,0,0,591,8
dkrk0btlc1dqwr2bledia7x90,Jin-Song So,So Jin-Song,Midfielder,Korea DPR Under 17,917ect9pjr8k9gyl04cb89vrz,2025-11-19T17:21:09Z,449,4.99,Midfielders,cm,cm,1,13,5,1,2.61,8,1.6,5,1,1,0.2,0,0,0,0,30,6.01,1,0.2,1,0.2,42,8.42,0,0,3,0.6,1,0.2,0,0,0,0,1,0.2,4,0.8,0,0,0,0,0,0,6,1.2,43,43,0,0,52,28,5.61,10.42,24,46,46,4.81,63,12.63,17,3.41,69,13.83,4,0.8,0,0,0,0,0,0,5,1,2,0.4,0,0,0,0,0,5,4,0.8,1,0.2,1,0,0,0,0,0,0,0,39,23,4.61,7.82,16,3.21,0,0,0,0,0,0,0,0,6,1.2,1,0.2,0,0,0,0,55,11.02,0,0,0,72,72,197,39.48,0,0,1,0.2,0,0,0,0,0,0,0,0,0,0,0,0,0,1,0.2,0,18,3.61,10,2,0,0,10,3,0.6,2,25,5.01,0,0,0,0,47,9.42,0,0,0,0,0,0,0,0,0,0,0,0,0,0,0,0,2,0.4,1,0.2,0,0,5,1,0,0,1,0.2,0,0,0,0,1,0.2,1,0.2,3,0.6,2,0.4,6,1.2,8,1.6,141,28.26,75,15.03,71,14.23,137,27.45,3,0.6,6,1.2,0,0,0,0,0,0,10,2,1,0.2,1,0.2,0,0,0,0,7,1.4,10,2,6,1.2,85,17.03,201,40.28,0,0,3,0.6,145,29.06,9,1.8,7,1.4,56,11.22,284,56.91,0,0,2,0.4,2,0.4,4,0.8,8,1.6,11,2.2,48,9.62,10,2,45,9.02,1,0.2,0,0,1,0.2,593,16
6as9ukzazoqvaskcvc4bqh15g,Oliver Andreas Alegria Sigernes,O. Alegria,Goalkeeper,El Salvador Under 17,43uh32fr2f8v1zqb1q13oelu8,2025-11-13T06:48:07Z,261,2.9,Goalkeepers,gk,gk,1,0,0,0,0,0,0,3,1.03,0,0,0,0,0,0,0,0,0,0,0,0,4,1.38,3,1.03,0,0,1,0.34,0,0,0,0,0,0,0,0,0,0,0,0,0,0,0,0,0,0,1,0.34,0,0,0,0,0,0,0,0,0,0,2,0.69,55,18.97,0,0,0,0,25,8.62,22,7.59,3,1.03,0,0,38,13.1,0,0,0,11,11,3.79,0,0,3.79,0,0,0,0,0,0,0,0,0,0,0,0,0,0,0,0,0,0,0,0,0,0,0,0,0,0,0,0,0,8,2.76,0,0,0,55,55,22,7.59,0,0,0,0,0,0,0,0,1,0.34,0,0,0,0,0,0,0,1,0.34,0,3,1.03,6,2.07,0,0,0,0,0,0,27,9.31,0,0,0,0,11,3.79,22,15,5.17,7,2.41,7.59,0,0,0,0,5,1.72,0,0,0,0,0,0,0,0,0,0,3,1.03,0,0,1,0.34,0,0,0,0,0,0,0,0,0,0,1,0.34,0,0,8,2.76,12,4.14,7,2.41,26,8.97,25,8.62,0,0,0,0,0,0,0,0,0,0,0,0,0,0,0,0,4,1.38,0,0,2,0.69,0,0,0,0,43,14.83,74,25.52,0,0,0,0,33,11.38,0,0,0,0,41,14.14,113,38.97,0,0,0,0,0,0,0,0,12,4.14,41,14.14,31,10.69,10,3.45,0,0,0,0,0,0,0,0,594,1
5cdtl1k9mgu4anrtnzjb9e87o,Jarell Bonilla Bonilla,J. Bonilla,Midfielder,El Salvador Under 17,43uh32fr2f8v1zqb1q13oelu8,2025-11-13T06:48:07Z,70,0.78,Midfielders,am,am,1,2,2,2.56,2.56,0,0,1,1.28,0,0,0,0,0,0,4,5.13,0,0,0,0,9,11.54,0,0,1,1.28,0,0,0,0,0,0,3,3.85,1,1.28,0,0,0,0,0,0,0,0,40,40,0,0,13,6,7.69,16.67,7,54,54,8.97,17,21.79,0,0,5,6.41,0,0,0,0,0,0,0,0,1,1.28,0,0,0,0,0,0,0,3,3,3.85,0,0,3.85,0,0,0,0,0,0,0,11,4,5.13,14.1,7,8.97,0,0,0,0,0,0,0,0,2,2.56,1,1.28,0,0,0,0,5,6.41,0,0,0,74,74,19,24.36,0,0,1,1.28,0,0,0,0,0,0,0,0,0,0,0,0,0,1,1.28,0,1,1.28,1,1.28,0,0,1,1,1.28,1.28,4,5.13,0,0,0,0,6,7.69,0,0,0,0,0,0,0,0,0,0,0,0,0,0,0,0,0,0,1,1.28,0,0,1,1.28,0,0,1,1.28,0,0,0,0,0,0,0,0,2,2.56,0,0,0,0,1,1.28,14,17.95,9,11.54,5,6.41,13,16.67,0,0,1,1.28,1,1.28,0,0,0,0,3,3.85,0,0,0,0,0,0,0,0,0,0,0,0,4,5.13,19,24.36,20,25.64,0,0,1,1.28,14,17.95,1,1.28,2,2.56,6,7.69,44,56.41,3,3.85,4,5.13,1,1.28,3,3.85,1,1.28,4,5.13,10,12.82,0,0,2,2.56,0,0,0,0,0,0,596,11
8uk3k0rnhh5gw92x9brrvx2j8,Anderson Vladimir Castillo Tula,A. Castillo,Defender,El Salvador Under 17,43uh32fr2f8v1zqb1q13oelu8,2025-11-13T06:48:07Z,269,2.99,Center Backs,cb,cb,1,7,3,1,2.34,4,1.34,3,1,0,0,0,0,0,0,3,1,0,0,4,1.34,12,4.01,0,0,0,0,1,0.33,0,0,0,0,0,0,0,0,0,0,0,0,0,0,0,0,0,0,0,0,14,6,2.01,4.68,8,57,57,2.68,1,0.33,2,0.67,61,20.4,1,0.33,0,0,0,0,0,0,3,1,0,0,0,0,0,0,0,11,11,3.68,0,0,3.68,0,0,0,0,0,0,0,7,3,1,2.34,4,1.34,1,0.33,0,0,0,0,0,0,2,0.67,0,0,0,0,0,0,5,1.67,0,0,0,55,55,65,21.74,0,0,0,0,0,0,1,0.33,0,0,0,0,0,0,0,0,0,1,0.33,0,6,2.01,8,2.68,0,0,1,0,0,0.33,7,2.34,0,0,0,0,10,3.34,0,0,0,0,0,0,0,0,0,0,0,0,0,0,0,0,1,0.33,0,0,0,0,3,1,0,0,1,0.33,0,0,0,0,0,0,0,0,0,0,8,2.68,0,0,11,3.68,36,12.04,11,3.68,34,11.37,34,11.37,0,0,3,1,0,0,0,0,0,0,0,0,0,0,0,0,1,0.33,0,0,27,9.03,2,0.67,1,0.33,37,12.37,79,26.42,0,0,1,0.33,45,15.05,3,1,1,0.33,34,11.37,124,41.47,0,0,0,0,0,0,0,0,12,4.01,23,7.69,24,8.03,10,3.34,11,3.68,0,0,0,0,1,0.33,598,3
cnlhqa4lj11eaic0a6hcpp05w,Emerson Rodrigo Guardado Ardon,E. Guardado,Defender,El Salvador Under 17,43uh32fr2f8v1zqb1q13oelu8,2025-11-13T06:48:07Z,270,3,Center Backs,cb,cb,1,3,0,0,1,3,1,3,1,0,0,0,0,0,0,4,1.33,0,0,1,0.33,17,5.67,0,0,0,0,1,0.33,0,0,0,0,0,0,0,0,0,0,0,0,0,0,1,0.33,0,0,0,0,14,6,2,4.67,8,57,57,2.67,0,0,0,0,34,11.33,0,0,0,0,0,0,0,0,3,1,0,0,0,0,0,0,0,12,12,4,0,0,4,0,0,0,0,0,0,0,11,6,2,3.67,5,1.67,0,0,0,0,0,0,0,0,2,0.67,0,0,0,0,0,0,12,4,0,0,0,49,49,49,16.33,0,0,0,0,0,0,0,0,0,0,0,0,0,0,0,0,0,1,0.33,0,8,2.67,1,0.33,0,0,4,2,0.67,1.33,8,2.67,0,0,0,0,5,1.67,0,0,0,0,0,0,0,0,0,0,0,0,0,0,0,0,0,0,0,0,0,0,3,1,0,0,0,0,0,0,0,0,0,0,0,0,0,0,0,0,0,0,2,0.67,24,8,5,1.67,23,7.67,26,8.67,0,0,2,0.67,0,0,0,0,0,0,1,0.33,0,0,0,0,0,0,0,0,26,8.67,2,0.67,3,1,30,10,55,18.33,0,0,0,0,28,9.33,2,0.67,0,0,27,9,98,32.67,0,0,0,0,0,0,0,0,15,5,21,7,22,7.33,5,1.67,6,2,0,0,0,0,0,0,602,17
bfvpyws9k1tl1u2ajkf6ynbx0,Jose Carlos Gutierrez Guatemala,J. Gutierrez,Defender,El Salvador Under 17,43uh32fr2f8v1zqb1q13oelu8,2025-11-13T06:48:07Z,270,3,Full Backs,rb,rb,1,8,3,1,2.67,5,1.67,3,1,0,0,0,0,0,0,2,0.67,0,0,2,0.67,5,1.67,0,0,1,0.33,1,0.33,0,0,0,0,0,0,0,0,0,0,0,0,0,0,1,0.33,0,0,0,0,36,17,5.67,12,19,53,53,6.33,11,3.67,10,3.33,30,10,3,1,0,0,0,0,0,0,3,1,0,0,0,0,0,0,0,12,12,4,0,0,4,0,0,0,0,0,0,0,28,14,4.67,9.33,14,4.67,0,0,0,0,0,0,0,0,4,1.33,1,0.33,0,0,0,0,6,2,0,0,0,46,46,39,13,0,0,0,0,0,0,0,0,0,0,0,0,0,0,0,0,0,1,0.33,0,3,1,19,6.33,0,0,8,4,1.33,2.67,7,2.33,0,0,0,0,2,0.67,0,0,0,0,0,0,0,0,0,0,0,0,0,0,0,0,0,0,1,0.33,0,0,3,1,0,0,0,0,0,0,0,0,0,0,0,0,0,0,1,0.33,0,0,3,1,18,6,11,3.67,7,2.33,15,5,3,1,11,3.67,0,0,10,3.33,14,4.67,2,0.67,0,0,0,0,0,0,0,0,21,7,3,1,0,0,37,12.33,40,13.33,0,0,1,0.33,18,6,14,4.67,1,0.33,22,7.33,123,41,0,0,0,0,0,0,1,0.33,6,2,10,3.33,9,3,13,4.33,12,4,0,0,0,0,1,0.33,603,2
4hty67zb36i505dltihtwx0r8,Rafael Antonio Inojosa Umanzor,R. Inojosa,Midfielder,El Salvador Under 17,43uh32fr2f8v1zqb1q13oelu8,2025-11-13T06:48:07Z,78,0.87,Midfielders,dm,dm,1,1,1,1.15,1.15,0,0,1,1.15,0,0,0,0,0,0,4,4.6,0,0,0,0,3,3.45,0,0,2,2.3,0,0,0,0,0,0,0,0,0,0,0,0,0,0,0,0,2,2.3,100,100,0,0,8,3,3.45,9.2,5,62,62,5.75,9,10.34,4,4.6,11,12.64,0,0,0,0,0,0,0,0,1,1.15,0,0,0,0,0,0,0,3,3,3.45,0,0,3.45,0,0,0,0,0,0,0,7,2,2.3,8.05,5,5.75,0,0,0,0,0,0,0,0,0,0,2,2.3,0,0,0,0,8,9.2,0,0,0,86,86,28,32.18,0,0,0,0,0,0,0,0,0,0,0,0,0,0,0,0,0,1,1.15,0,0,0,1,1.15,0,0,1,1,1.15,1.15,2,2.3,0,0,0,0,7,8.05,0,0,0,0,0,0,0,0,0,0,0,0,0,0,0,0,0,0,1,1.15,0,0,1,1.15,0,0,1,1.15,0,0,0,0,0,0,0,0,1,1.15,0,0,1,1.15,1,1.15,24,27.59,15,17.24,11,12.64,25,28.74,0,0,2,2.3,0,0,0,0,0,0,2,2.3,0,0,0,0,0,0,0,0,2,2.3,0,0,2,2.3,8,9.2,30,34.48,0,0,1,1.15,26,29.89,2,2.3,0,0,4,4.6,44,50.57,0,0,0,0,0,0,0,0,1,1.15,1,1.15,4,4.6,0,0,3,3.45,0,0,0,0,0,0,605,8
3xla35r1o8pu4o5tq6s0e2exg,Jefferson Isaac Perla Romero,J. Perla,Defender,El Salvador Under 17,43uh32fr2f8v1zqb1q13oelu8,2025-11-13T06:48:07Z,116,1.29,Midfielders,cm,cm,1,5,4,3.1,3.88,1,0.78,2,1.55,0,0,2,1.55,0,0,0,0,0,0,0,0,4,3.1,0,0,0,0,0,0,0,0,0,0,0,0,0,0,0,0,0,0,0,0,2,1.55,0,0,0,0,15,10,7.75,11.63,5,33,33,3.88,5,3.88,2,1.55,14,10.85,1,0.78,0,0,0,0,0,0,2,1.55,0,0,0,0,0,0,0,2,2,1.55,0,0,1.55,0,0,0,0,0,0,0,10,6,4.65,7.75,4,3.1,0,0,0,0,0,0,0,0,1,0.78,0,0,0,0,0,0,2,1.55,0,0,0,40,40,20,15.5,0,0,1,0.78,0,0,0,0,0,0,0,0,0,0,0,0,0,0,0,0,3,2.33,1,0.78,0,0,1,1,0.78,0.78,3,2.33,0,0,0,0,4,3.1,0,0,0,0,0,0,0,0,0,0,0,0,0,0,0,0,2,1.55,1,0.78,0,0,2,1.55,0,0,2,1.55,0,0,0,0,0,0,0,0,0,0,0,0,0,0,0,0,8,6.2,5,3.88,3,2.33,8,6.2,3,2.33,1,0.78,0,0,0,0,0,0,4,3.1,0,0,0,0,0,0,0,0,1,0.78,1,0.78,0,0,19,14.73,20,15.5,0,0,3,2.33,8,6.2,4,3.1,0,0,12,9.3,41,31.78,0,0,1,0.78,1,0.78,2,1.55,3,2.33,6,4.65,9,6.98,4,3.1,6,4.65,0,0,0,0,1,0.78,608,5
m5icj0vna5nggocd86nqzk0k,Brandon Stanley Ramirez Garcia,B. Ramirez,Forward,El Salvador Under 17,43uh32fr2f8v1zqb1q13oelu8,2025-11-13T06:48:07Z,227,2.52,Wingers,lm,"lm,lw",2,6,4,1.59,2.38,2,0.79,3,1.19,0,0,0,0,0,0,10,3.97,0,0,0,0,16,6.35,0,0,2,0.79,0,0,0,0,0,0,0,0,1,0.4,0,0,0,0,0,0,6,2.38,50,50,0,0,30,20,7.94,11.9,10,33,33,3.97,29,11.51,4,1.59,26,10.32,1,0.4,0,0,0,0,0,0,3,1.19,0,0,0,0,0,0,0,10,10,3.97,0,0,3.97,0,0,0,0,0,0,0,24,16,6.35,9.52,8,3.17,0,0,0,0,0,0,0,0,4,1.59,2,0.79,0,0,0,0,5,1.98,0,0,0,63,63,51,20.24,0,0,1,0.4,0,0,0,0,0,0,0,0,0,0,0,0,0,1,0.4,0,11,4.37,3,1.19,0,0,2,0,0,0.79,9,3.57,0,0,0,0,10,3.97,0,0,0,0,0,0,0,0,0,0,0,0,0,0,0,0,0,0,1,0.4,0,0,3,1.19,0,0,2,0.79,0,0,0,0,0,0,0,0,2,0.79,0,0,0,0,2,0.79,32,12.7,19,7.54,13,5.16,30,11.9,1,0.4,4,1.59,0,0,0,0,0,0,8,3.17,0,0,0,0,0,0,0,0,4,1.59,2,0.79,1,0.4,37,14.68,51,20.24,0,0,1,0.4,32,12.7,5,1.98,1,0.4,19,7.54,92,36.51,0,0,3,1.19,3,1.19,2,0.79,6,2.38,8,3.17,16,6.35,6,2.38,11,4.37,1,0.4,0,0,0,0,609,14
9sozbe6ew7oivnz539pffp638,Andrew Adonay Reyes Caceres,A. Reyes,Defender,El Salvador Under 17,43uh32fr2f8v1zqb1q13oelu8,2025-11-13T06:48:07Z,236,2.62,Full Backs,lb,lb,1,3,2,0.76,1.15,1,0.38,3,1.15,0,0,0,0,0,0,5,1.91,0,0,1,0.38,20,7.63,0,0,2,0.76,1,0.38,0,0,0,0,0,0,1,0.38,0,0,0,0,0,0,2,0.76,67,67,0,0,33,16,6.11,12.6,17,52,52,6.49,27,10.31,3,1.15,30,11.45,2,0.76,0,0,0,0,0,0,3,1.15,0,0,0,0,0,0,0,9,9,3.44,0,0,3.44,0,0,0,0,0,0,0,30,14,5.34,11.45,16,6.11,0,0,0,0,0,0,0,0,5,1.91,2,0.76,0,0,0,0,1,0.38,0,0,0,79,79,53,20.23,0,0,2,0.76,1,0.38,0,0,0,0,0,0,0,0,0,0,0,1,0.38,0,17,6.49,12,4.58,0,0,3,0,0,1.15,17,6.49,0,0,0,0,17,6.49,0,0,0,0,0,0,0,0,0,0,0,0,0,0,0,0,0,0,1,0.38,0,0,3,1.15,0,0,1,0.38,0,0,0,0,2,0.76,2,0.76,2,0.76,0,0,0,0,0,0,42,16.03,18,6.87,26,9.92,42,16.03,1,0.38,10,3.82,0,0,6,2.29,14,5.34,3,1.15,0,0,0,0,0,0,0,0,15,5.73,2,0.76,3,1.15,27,10.31,53,20.23,0,0,1,0.38,42,16.03,11,4.2,0,0,11,4.2,129,49.24,0,0,1,0.38,1,0.38,1,0.38,1,0.38,3,1.15,5,1.91,7,2.67,8,3.05,0,0,0,0,0,0,610,13
34g4p2sst9eghnagh7oi70tuc,Luis Jefferson Tobar Grande,L. Tobar,Forward,El Salvador Under 17,43uh32fr2f8v1zqb1q13oelu8,2025-11-13T06:48:07Z,260,2.89,Strikers,st,st,1,21,16,5.54,7.27,5,1.73,3,1.04,0,0,0,0,0,0,17,5.88,1,0.35,0,0,6,2.08,0,0,0,0,1,0.35,0,0,0,0,0,0,0,0,0,0,0,0,0,0,6,2.08,0,0,0,0,45,32,11.07,15.57,13,29,29,4.5,37,12.8,1,0.35,7,2.42,2,0.69,0,0,0,0,0,0,3,1.04,0,0,0,0,0,0,0,11,11,3.81,0,0,3.81,0,0,0,0,0,0,0,24,16,5.54,8.3,8,2.77,0,0,0,0,0,0,0,0,0,0,0,0,0,0,0,0,3,1.04,0,3,1.04,54,54,26,9,0,0,0,0,0,0,0,0,0,0,0,0,0,0,0,0,0,1,0.35,0,3,1.04,2,0.69,0,0,2,1,0.35,0.69,3,1.04,0,0,0,0,13,4.5,0,0,0,0,0,0,0,0,0,0,0,0,0,0,0,0,2,0.69,1,0.35,0,0,3,1.04,0,0,2,0.69,0,0,0,0,0,0,0,0,0,0,0,0,4,1.38,0,0,14,4.84,10,3.46,17,5.88,27,9.34,1,0.35,0,0,0,0,0,0,0,0,10,3.46,0,0,0,0,0,0,0,0,3,1.04,7,2.42,9,3.11,43,14.88,40,13.84,0,0,3,1.04,27,9.34,1,0.35,5,1.73,13,4.5,92,31.83,0,0,0,0,0,0,4,1.38,0,0,1,0.35,11,3.81,2,0.69,12,4.15,0,0,0,0,1,0.35,611,9
2q6bpbdc2oxviv8r4l9p1d78,Kerin Fabricio Torres Maravilla,K. Torres,Forward,El Salvador Under 17,43uh32fr2f8v1zqb1q13oelu8,2025-11-13T06:48:07Z,180,2,Wingers,rm,"rm,rw",2,0,0,0,0,0,0,3,1.5,0,0,0,0,0,0,2,1,0,0,0,0,7,3.5,0,0,3,1.5,0,0,0,0,0,0,1,0.5,0,0,0,0,0,0,0,0,3,1.5,0,0,0,0,12,9,4.5,6,3,25,25,1.5,14,7,4,2,11,5.5,1,0.5,0,0,0,0,0,0,3,1.5,0,0,0,0,0,0,0,8,8,4,0,0,4,0,0,0,0,0,0,0,12,9,4.5,6,3,1.5,0,0,0,0,0,0,0,0,1,0.5,3,1.5,0,0,0,0,6,3,0,0,0,62,62,21,10.5,0,0,2,1,0,0,0,0,0,0,0,0,0,0,0,0,0,1,0.5,0,6,3,1,0.5,0,0,1,0,0,0.5,9,4.5,0,0,0,0,2,1,0,0,0,0,0,0,0,0,0,0,0,0,0,0,0,0,1,0.5,0,0,0,0,3,1.5,0,0,2,1,0,0,1,0.5,1,0.5,0,0,0,0,0,0,2,1,0,0,13,6.5,9,4.5,5,2.5,13,6.5,1,0.5,0,0,0,0,0,0,0,0,5,2.5,0,0,0,0,0,0,0,0,2,1,1,0.5,2,1,23,11.5,21,10.5,0,0,1,0.5,13,6.5,1,0.5,2,1,8,4,44,22,0,0,2,1,1,0.5,2,1,0,0,1,0.5,6,3,4,2,7,3.5,0,0,0,0,0,0,612,7
e66erxv98yxesd4i7vi21ffo4,Anthony Orlando Umanzor Pedroza,A. Umanzor,Midfielder,El Salvador Under 17,43uh32fr2f8v1zqb1q13oelu8,2025-11-13T06:48:07Z,270,3,Midfielders,cm,"dm,cm",2,3,2,0.67,1,1,0.33,3,1,0,0,0,0,0,0,7,2.33,0,0,2,0.67,6,2,0,0,0,0,1,0.33,0,0,0,0,0,0,1,0.33,0,0,0,0,0,0,3,1,33,33,0,0,22,13,4.33,7.33,9,41,41,3,11,3.67,6,2,26,8.67,0,0,0,0,0,0,0,0,3,1,0,0,0,0,0,0,0,12,12,4,0,0,4,0,0,0,0,0,0,0,19,11,3.67,6.33,8,2.67,0,0,0,0,0,0,0,0,1,0.33,0,0,0,0,0,0,18,6,0,0,0,66,66,59,19.67,0,0,1,0.33,0,0,0,0,0,0,0,0,0,0,0,0,0,1,0.33,0,3,1,5,1.67,0,0,3,0,0,1,10,3.33,0,0,0,0,12,4,0,0,0,0,0,0,0,0,0,0,0,0,0,0,0,0,1,0.33,1,0.33,0,0,3,1,0,0,0,0,0,0,0,0,0,0,0,0,1,0.33,0,0,0,0,5,1.67,39,13,18,6,25,8.33,38,12.67,2,0.67,2,0.67,0,0,0,0,0,0,5,1.67,0,0,0,0,0,0,0,0,8,2.67,3,1,3,1,30,10,63,21,0,0,2,0.67,43,14.33,4,1.33,0,0,20,6.67,100,33.33,0,0,0,0,0,0,2,0.67,2,0.67,3,1,12,4,8,2.67,17,5.67,0,0,0,0,1,0.33,613,10
6xgkihmqcbfb6taa7evct1zbo,Angelo Henrique Candido de Siqueira,Angelo Candido,Defender,Brazil Under 17,603sjct5syn537sfee5vgztm1,2025-11-27T16:20:50Z,700,7.78,Full Backs,rb,rb,1,15,5,0.64,1.93,10,1.29,8,1.03,1,0.13,0,0,0,0,38,4.88,2,0.26,0,0,98,12.6,0,0,12,1.54,3,0.39,0,0,11,11,0,0,4,0.51,0,0,0,0,0,0,0,0,47,47,0,0,66,29,3.73,8.48,37,56,56,4.76,196,25.19,34,4.37,126,16.2,6,0.77,0,0,0,0,0,0,8,1.03,2,0.26,0,0,0,0,1,3,2,0.26,1,0.13,0.39,0,0,1,0.13,0,0,0.13,51,24,3.08,6.56,27,3.47,0,0,0,0,0,0,1,0.13,13,1.67,10,1.29,0,0,0,0,129,16.58,700,1,0.13,75,75,297,38.17,0,0,2,0.26,0,0,1,0.13,0,0,0,0,0,0,0,0,0,1,0.13,0,60,7.71,51,6.56,0,0,16,9,1.16,2.06,33,4.24,0,0,1,0.13,9,1.16,0,0,0,0,0,0,0,0,0,0,0,0,0,0,0,0,8,1.03,1,0.13,9,9,8,1.03,0,0,4,0.51,0,0,0,0,8,1.03,8,1.03,8,1.03,3,0.39,1,0.13,27,3.47,223,28.66,137,17.61,98,12.6,200,25.71,2,0.26,7,0.9,1,0.13,21,2.7,63,8.1,9,1.16,3,0.39,0,0,0,0,0,0,19,2.44,8,1.03,10,1.29,159,20.44,302,38.82,0,0,9,1.16,227,29.18,9,1.16,14,1.8,75,9.64,549,70.57,0,0,32,4.11,32,4.11,9,1.16,11,1.41,25,3.21,90,11.57,17,2.19,50,6.43,0,0,0,0,1,0.13,616,2
4qbjnrhbyzm9ny23ne1re2yok,Arthur Ryan dos Santos Silva,Arthur Ryan,Defender,Brazil Under 17,603sjct5syn537sfee5vgztm1,2025-11-27T16:20:50Z,501,5.57,Full Backs,lb,lb,1,12,6,1.08,2.15,6,1.08,7,1.26,0,0,0,0,0,0,32,5.75,1,0.18,1,0.18,52,9.34,0,0,3,0.54,2,0.36,0,0,0,0,0,0,1,0.18,0,0,0,0,0,0,5,0.9,50,50,0,0,62,23,4.13,11.13,39,63,63,7,91,16.34,34,6.1,87,15.62,5,0.9,0,0,0,0,0,0,7,1.26,1,0.18,0,0,0,0,0,3,2,0.36,1,0.18,0.54,0,0,0,0,0,0,0,50,17,3.05,8.98,33,5.92,0,0,0,0,0,0,0,0,10,1.8,2,0.36,0,0,0,0,15,2.69,0,0,0,86,86,237,42.55,0,0,0,0,0,0,0,0,0,0,0,0,0,0,0,0,0,1,0.18,0,24,4.31,33,5.92,0,0,7,5,0.9,1.26,20,3.59,0,0,0,0,112,20.11,0,0,0,0,0,0,0,0,0,0,0,0,0,0,0,0,0,0,0,0,0,0,5,0.9,0,0,1,0.18,2,0.36,0,0,2,0.36,2,0.36,1,0.18,5,0.9,0,0,16,2.87,204,36.62,119,21.36,96,17.24,197,35.37,5,0.9,15,2.69,0,0,14,2.51,47,8.44,6,1.08,0,0,0,0,0,0,0,0,24,4.31,8,1.44,12,2.15,67,12.03,246,44.17,0,0,0,0,213,38.24,20,3.59,3,0.54,33,5.92,420,75.4,0,0,7,1.26,7,1.26,1,0.18,9,1.62,14,2.51,34,6.1,6,1.08,19,3.41,0,0,0,0,3,0.54,618,16
7lxvqngn0iv2g4wn7iqay6tqs,Wendeson Wanderley Santos de Melo,Dell,Forward,Brazil Under 17,603sjct5syn537sfee5vgztm1,2025-11-27T16:20:50Z,606,6.73,Strikers,st,st,1,29,14,2.08,4.31,15,2.23,8,1.19,0,0,0,0,3,0.45,51,7.58,3,0.45,1,0.15,11,1.63,0,0,7,1.04,2,0.3,0,0,45,45,0,0,2,0.3,0,0,0,0,0,0,10,1.49,20,20,0,0,62,35,5.2,9.21,27,44,44,4.01,119,17.68,6,0.89,20,2.97,0,0,0,0,0,0,0,0,8,1.19,0,0,0,0,0,0,5,3,2,0.3,1,0.15,0.45,5,0.74,5,0.74,0,0,0.74,33,21,3.12,4.9,12,1.78,1,0.15,1,0.15,0,0,2,0.3,0,0,7,1.04,0,0,2,0.3,26,3.86,121,2,0.3,72,72,110,16.34,0,0,0,0,0,0,0,0,0,0,0,0,0,0,0,0,0,1,0.15,0,2,0.3,4,0.59,0,0,6,4,0.59,0.89,14,2.08,0,0,2,0.3,24,3.57,0,0,0,0,0,0,0,0,0,0,0,0,0,0,0,0,2,0.3,9,1.34,2,2,8,1.19,0,0,3,0.45,0,0,0,0,1,0.15,1,0.15,1,0.15,0,0,16,2.38,1,0.15,79,11.74,57,8.47,33,4.9,88,13.08,2,0.3,2,0.3,0,0,0,0,0,0,14,2.08,1,0.15,4,0.59,0,0,4,0.59,12,1.78,5,0.74,7,1.04,63,9.36,121,17.98,0,0,11,1.63,89,13.22,4,0.59,33,4.9,32,4.75,212,31.5,0,0,3,0.45,3,0.45,4,0.59,0,0,1,0.15,31,4.61,4,0.59,31,4.61,5,0.74,1,0.15,0,0,619,9
8jgmvoe7kyhg8x2esnp8px638,Derick Araújo Campos,Derick,Defender,Brazil Under 17,603sjct5syn537sfee5vgztm1,2025-11-27T16:20:50Z,45,0.5,Full Backs,lb,lb,1,0,0,0,0,0,0,1,2,0,0,0,0,0,0,4,8,0,0,1,2,4,8,0,0,0,0,0,0,0,0,0,0,0,0,0,0,0,0,0,0,0,0,0,0,0,0,0,0,6,4,8,12,2,33,33,4,5,10,3,6,4,8,0,0,0,0,0,0,0,0,1,2,0,0,0,0,0,0,0,0,0,0,0,0,0,0,0,0,0,0,0,0,6,4,8,12,2,4,0,0,0,0,0,0,0,0,1,2,0,0,0,0,0,0,0,0,0,0,0,70,70,10,20,0,0,0,0,0,0,0,0,0,0,0,0,0,0,0,0,0,0,0,0,3,6,3,6,0,0,1,1,2,2,1,2,0,0,0,0,3,6,0,0,0,0,0,0,0,0,0,0,0,0,0,0,0,0,0,0,0,0,0,0,1,2,0,0,1,2,0,0,0,0,0,0,0,0,0,0,0,0,0,0,1,2,7,14,3,6,5,10,7,14,1,2,1,2,0,0,3,6,5,10,2,4,0,0,0,0,0,0,0,0,2,4,0,0,0,0,9,18,11,22,0,0,0,0,8,16,2,4,0,0,3,6,29,58,0,0,1,2,1,2,2,4,0,0,1,2,4,8,0,0,2,4,0,0,0,0,0,0,620,6
6xu93yelbdt7vxdwc1vcgf7ys,Felipe de Morais Barbosa Penna dos Santos,Felipe Morais,Midfielder,Brazil Under 17,603sjct5syn537sfee5vgztm1,2025-11-27T16:20:50Z,539,5.99,Midfielders,am,"am,cm",2,12,7,1.17,2,5,0.83,8,1.34,0,0,0,0,0,0,17,2.84,3,0.5,0,0,54,9.02,0,0,3,0.5,0,0,0,0,29,29,0,0,4,0.67,0,0,0,0,0,0,11,1.84,38,38,0,0,79,43,7.18,13.19,36,46,46,6.01,101,16.86,8,1.34,36,6.01,6,1,0,0,0,0,0,0,8,1.34,0,0,0,0,0,0,2,3,2,0.33,1,0.17,0.5,2,0.33,1,0.17,1,0.17,0.33,67,36,6.01,11.19,31,5.18,0,0,0,0,0,0,2,0.33,3,0.5,3,0.5,0,0,1,0.17,21,3.51,270,1,0.17,66,66,121,20.2,0,0,1,0.17,0,0,0,0,0,0,0,0,0,0,0,0,0,1,0.17,0,30,5.01,8,1.34,0,0,13,6,1,2.17,15,2.5,0,0,1,0.17,47,7.85,0,0,0,0,0,0,0,0,0,0,0,0,0,0,0,0,3,0.5,4,0.67,4,4,7,1.17,0,0,7,1.17,1,0.17,0,0,0,0,0,0,8,1.34,0,0,4,0.67,4,0.67,80,13.36,54,9.02,26,4.34,76,12.69,5,0.83,11,1.84,2,0.33,1,0.17,0,0,24,4.01,0,0,2,0.33,0,0,0,0,3,0.5,11,1.84,7,1.17,89,14.86,121,20.2,0,0,7,1.17,80,13.36,16,2.67,17,2.84,41,6.84,237,39.57,0,0,4,0.67,4,0.67,13,2.17,0,0,5,0.83,39,6.51,6,1,36,6.01,0,0,0,0,1,0.17,621,20
d1miyut9vonjm2mmxehfmjc44,Gabriel Ferreira de Carvalho,Gabriel Mec,Midfielder,Brazil Under 17,603sjct5syn537sfee5vgztm1,2025-11-27T16:20:50Z,177,1.97,Midfielders,cm,cm,1,9,7,3.55,4.57,2,1.02,7,3.55,0,0,0,0,0,0,12,6.09,0,0,0,0,23,11.68,0,0,2,1.02,0,0,0,0,25,25,1,0.51,2,1.02,0,0,0,0,0,0,3,1.52,56,56,0,0,36,19,9.64,18.27,17,47,47,8.63,38,19.29,3,1.52,16,8.12,1,0.51,0,0,0,0,0,0,7,3.55,0,0,0,0,0,0,1,0,0,0,0,0,0,1,0.51,1,0.51,0,0,0.51,27,12,6.09,13.71,15,7.61,1,0.51,0,0,0,0,1,0.51,2,1.02,2,1.02,0,0,1,0.51,6,3.05,177,0,0,75,75,44,22.34,0,0,0,0,0,0,0,0,0,0,0,0,0,0,0,0,0,0,0,0,14,7.11,4,2.03,0,0,2,0,0,1.02,13,6.6,0,0,0,0,13,6.6,0,0,0,0,0,0,0,0,0,0,0,0,0,0,0,0,2,1.02,2,1.02,4,4,1,0.51,0,0,1,0.51,6,3.05,0,0,2,1.02,2,1.02,5,2.54,0,0,0,0,0,0,33,16.75,29,14.72,9,4.57,36,18.27,1,0.51,4,2.03,2,1.02,0,0,1,0.51,7,3.55,1,0.51,0,0,0,0,1,0.51,1,0.51,4,2.03,5,2.54,31,15.74,47,23.86,0,0,4,2.03,36,18.27,5,2.54,5,2.54,11,5.58,97,49.24,0,0,2,1.02,1,0.51,4,2.03,0,0,0,0,13,6.6,0,0,11,5.58,0,0,0,0,0,0,622,10
2b13bxbn4thjzcgqfhxfpwhlg,João Pedro Lucio da Silva,João Pedro,Goalkeeper,Brazil Under 17,603sjct5syn537sfee5vgztm1,2025-11-27T16:20:50Z,720,8,Goalkeepers,gk,gk,1,2,0,0,0.25,2,0.25,8,1,0,0,0,0,0,0,0,0,0,0,0,0,11,1.38,4,0.5,0,0,5,0.62,0,0,0,0,0,0,0,0,0,0,0,0,0,0,0,0,0,0,2,0.25,4,1,0.12,0.5,3,75,75,0.38,0,0,2,0.25,88,11,1,0.12,0,0,75,9.38,17,2.12,8,1,0,0,59,7.38,0,0,0,3,2,0.25,1,0.12,0.38,0,0,0,0,0,0,0,2,1,0.12,0.25,1,0.12,0,0,0,0,0,0,0,0,0,0,0,0,0,0,0,0,39,4.88,0,0,0,87,87,89,11.12,0,0,0,0,0,0,1,0.12,2,0.25,0,0,1,0.12,0,0,0,1,0.12,0,3,0.38,11,1.38,1,0.12,0,0,0,0,58,7.25,0,0,0,0,42,5.25,14,11,1.38,3,0.38,1.75,1,0.12,0,0,3,0.38,0,0,0,0,0,0,0,0,0,0,8,1,0,0,0,0,0,0,0,0,0,0,0,0,0,0,4,0.5,0,0,17,2.12,77,9.62,12,1.5,117,14.62,112,14,0,0,0,0,0,0,0,0,0,0,0,0,0,0,0,0,5,0.62,0,0,3,0.38,1,0.12,3,0.38,42,5.25,169,21.12,0,0,0,0,129,16.12,0,0,0,0,40,5,230,28.75,0,0,0,0,0,0,0,0,11,1.38,39,4.88,35,4.38,5,0.62,1,0.12,0,0,0,0,0,0,623,1
43ncnl0uinfc6wchlr9mfut5g,Kayke Ayrton dos Santos Evaristo,Kayke,Forward,Brazil Under 17,603sjct5syn537sfee5vgztm1,2025-11-27T16:20:50Z,591,6.57,Wingers,lm,lm,1,26,18,2.74,3.96,8,1.22,8,1.22,1,0.15,1,0.15,0,0,46,7,4,0.61,0,0,75,11.42,0,0,12,1.83,2,0.3,0,0,0,0,19,2.89,9,1.37,0,0,0,0,0,0,8,1.22,46,46,0,0,106,55,8.37,16.13,51,48,48,7.76,181,27.55,6,0.91,28,4.26,6,0.91,0,0,0,0,0,0,8,1.22,1,0.15,0,0,0,0,0,3,2,0.3,1,0.15,0.46,0,0,0,0,0,0,0,80,37,5.63,12.18,43,6.54,0,0,0,0,0,0,0,0,3,0.46,11,1.67,0,0,0,0,24,3.65,0,2,0.3,79,79,117,17.81,0,0,4,0.61,0,0,0,0,0,0,0,0,0,0,0,0,0,1,0.15,0,43,6.54,11,1.67,0,0,13,9,1.37,1.98,29,4.41,0,0,0,0,27,4.11,0,0,0,0,0,0,0,0,0,0,0,0,0,0,0,0,9,1.37,4,0.61,0,0,8,1.22,0,0,5,0.76,0,0,4,0.61,9,1.37,5,0.76,13,1.98,0,0,3,0.46,2,0.3,92,14,83,12.63,26,3.96,98,14.92,7,1.07,6,0.91,1,0.15,0,0,1,0.15,23,3.5,4,0.61,1,0.15,0,0,0,0,0,0,8,1.22,17,2.59,102,15.53,125,19.03,0,0,13,1.98,100,15.22,13,1.98,29,4.41,25,3.81,294,44.75,7,1.07,22,3.35,12,1.83,15,2.28,1,0.15,1,0.15,46,7,1,0.15,24,3.65,1,0.15,0,0,0,0,624,11
6h728x78cdza2ju7nxr6gb504,Luccas Ramon Gomes Ramos,Luccas Ramon,Defender,Brazil Under 17,603sjct5syn537sfee5vgztm1,2025-11-27T16:20:50Z,440,4.89,Center Backs,cb,cb,1,27,10,2.04,5.52,17,3.48,6,1.23,0,0,0,0,0,0,15,3.07,0,0,5,1.02,80,16.36,0,0,0,0,2,0.41,0,0,0,0,0,0,0,0,0,0,0,0,0,0,0,0,100,100,0,0,45,18,3.68,9.2,27,60,60,5.52,4,0.82,15,3.07,79,16.16,2,0.41,0,0,0,0,0,0,6,1.23,0,0,0,0,0,0,0,2,2,0.41,0,0,0.41,0,0,0,0,0,0,0,18,8,1.64,3.68,10,2.04,0,0,0,0,0,0,0,0,2,0.41,0,0,0,0,0,0,33,6.75,0,0,0,85,85,222,45.4,0,0,0,0,0,0,0,0,0,0,0,0,0,0,0,0,0,1,0.2,0,45,9.2,9,1.84,0,0,6,3,0.61,1.23,12,2.45,0,0,0,0,104,21.27,0,0,0,0,0,0,0,0,0,0,0,0,0,0,0,0,2,0.41,0,0,0,0,4,0.82,0,0,0,0,2,0.41,0,0,0,0,0,0,1,0.2,2,0.41,0,0,22,4.5,188,38.45,63,12.88,130,26.58,171,34.97,2,0.41,2,0.41,0,0,0,0,0,0,0,0,0,0,0,0,0,0,0,0,31,6.34,6,1.23,5,1.02,41,8.38,231,47.24,0,0,2,0.41,193,39.47,4,0.82,3,0.61,38,7.77,292,59.71,0,0,0,0,0,0,0,0,9,1.84,25,5.11,31,6.34,7,1.43,13,2.66,0,0,0,0,0,0,626,14
6r6ymiyt6vlqra453kes5nmdw,Luis Eduardo Guedes de Souza,Luis Eduardo,Defender,Brazil Under 17,603sjct5syn537sfee5vgztm1,2025-11-27T16:20:50Z,601,6.68,Center Backs,cb,cb,1,41,15,2.25,6.14,26,3.89,7,1.05,0,0,0,0,0,0,17,2.54,0,0,4,0.6,116,17.37,0,0,3,0.45,2,0.3,0,0,25,25,0,0,0,0,0,0,0,0,0,0,0,0,100,100,0,0,65,26,3.89,9.73,39,60,60,5.84,17,2.54,44,6.59,118,17.66,2,0.3,0,0,0,0,0,0,7,1.05,0,0,0,0,0,0,1,3,2,0.3,1,0.15,0.45,0,0,1,0.15,0,0,0.15,24,11,1.65,3.59,13,1.95,0,0,1,0.15,1,0.15,1,0.15,1,0.15,3,0.45,0,0,0,0,167,25,601,0,0,88,88,388,58.08,0,0,0,0,0,0,0,0,0,0,0,0,0,0,0,0,0,1,0.15,0,75,11.23,15,2.25,0,0,2,0,0,0.3,12,1.8,0,0,0,0,97,14.52,0,0,0,0,0,0,0,0,0,0,0,0,0,0,0,0,2,0.3,2,0.3,4,4,6,0.9,0,0,1,0.15,1,0.15,0,0,0,0,0,0,1,0.15,5,0.75,0,0,39,5.84,341,51.05,138,20.66,213,31.89,312,46.71,4,0.6,6,0.9,1,0.15,0,0,0,0,0,0,1,0.15,1,0.15,0,0,0,0,49,7.34,10,1.5,3,0.45,53,7.93,399,59.73,0,0,4,0.6,351,52.54,10,1.5,9,1.35,48,7.19,486,72.75,0,0,0,0,0,0,0,0,16,2.4,34,5.09,38,5.69,10,1.5,14,2.1,0,0,1,0.15,2,0.3,627,4
6pkzakdohzvq8s81d515yjhn8,Luis Felipe Pacheco da Costa,Luis Pacheco,Midfielder,Brazil Under 17,603sjct5syn537sfee5vgztm1,2025-11-27T16:20:50Z,343,3.81,Full Backs,lb,"dm,lb",2,2,0,0,0.52,2,0.52,8,2.1,1,0.26,0,0,0,0,14,3.67,0,0,1,0.26,59,15.49,0,0,1,0.26,2,0.52,0,0,0,0,0,0,1,0.26,0,0,0,0,0,0,2,0.52,58,58,0,0,36,12,3.15,9.45,24,67,67,6.3,35,9.19,13,3.41,29,7.61,2,0.52,0,0,0,0,0,0,8,2.1,1,0.26,0,0,0,0,0,1,0,0,1,0.26,0.26,0,0,0,0,0,0,0,34,12,3.15,8.92,22,5.77,0,0,0,0,0,0,0,0,4,1.05,0,0,0,0,0,0,25,6.56,0,0,0,79,79,112,29.4,0,0,3,0.79,0,0,0,0,0,0,0,0,0,0,0,0,0,0,0,0,34,8.92,6,1.57,0,0,11,5,1.31,2.89,21,5.51,0,0,0,0,49,12.86,0,0,0,0,0,0,0,0,0,0,0,0,0,0,0,0,2,0.52,0,0,0,0,3,0.79,0,0,1,0.26,5,1.31,0,0,1,0.26,1,0.26,7,1.84,1,0.26,1,0.26,7,1.84,89,23.36,44,11.55,51,13.39,87,22.83,3,0.79,8,2.1,0,0,9,2.36,8,2.1,7,1.84,0,0,0,0,0,0,0,0,4,1.05,5,1.31,4,1.05,51,13.39,117,30.71,0,0,2,0.52,94,24.67,11,2.89,2,0.52,23,6.04,202,53.02,0,0,2,0.52,2,0.52,5,1.31,6,1.57,9,2.36,15,3.94,10,2.62,14,3.67,0,0,1,0.26,1,0.26,628,15
10e6ere8tj8b44lmu6lyklwyc,Ruan Pablo Barbosa Sousa,Ruan Pablo,Forward,Brazil Under 17,603sjct5syn537sfee5vgztm1,2025-11-27T16:20:50Z,646,7.18,Wingers,rm,rm,1,24,13,1.81,3.34,11,1.53,8,1.11,1,0.14,5,0.7,0,0,31,4.32,3,0.42,0,0,69,9.61,0,0,7,0.97,2,0.28,0,0,15,15,5,0.7,8,1.11,0,0,0,0,0,0,11,1.53,44,44,0,0,66,39,5.43,9.19,27,41,41,3.76,156,21.73,7,0.97,47,6.55,1,0.14,0,0,0,0,0,0,8,1.11,1,0.14,0,0,0,0,2,3,2,0.28,1,0.14,0.42,2,0.28,1,0.14,1,0.14,0.28,42,26,3.62,5.85,16,2.23,0,0,0,0,1,0.14,2,0.28,5,0.7,6,0.84,0,0,0,0,37,5.15,323,2,0.28,70,70,151,21.03,0,0,2,0.28,0,0,0,0,0,0,1,0.14,0,0,1,0.14,0,1,0.14,0,25,3.48,22,3.06,0,0,8,4,0.56,1.11,31,4.32,0,0,2,0.28,37,5.15,0,0,0,0,0,0,0,0,0,0,0,0,0,0,0,0,6,0.84,7,0.97,6,6,8,1.11,0,0,5,0.7,0,0,1,0.14,6,0.84,3,0.42,8,1.11,1,0.14,5,0.7,10,1.39,105,14.62,82,11.42,30,4.18,96,13.37,1,0.14,3,0.42,0,0,2,0.28,2,0.28,21,2.92,1,0.14,3,0.42,0,0,0,0,3,0.42,2,0.28,4,0.56,107,14.9,152,21.17,0,0,13,1.81,106,14.76,4,0.56,25,3.48,46,6.41,273,38.02,4,0.56,19,2.65,12,1.67,10,1.39,3,0.42,5,0.7,58,8.08,7,0.97,41,5.71,4,0.56,2,0.28,0,0,630,7
ajiw7kgs4ewjhqvt0tq53w1ec,Tiago Augusto Gonçalves,Tiago,Midfielder,Brazil Under 17,603sjct5syn537sfee5vgztm1,2025-11-27T16:20:50Z,602,6.69,Midfielders,dm,"dm,cm",2,4,2,0.3,0.6,2,0.3,8,1.2,1,0.15,0,0,0,0,38,5.68,8,1.2,0,0,106,15.84,0,0,9,1.35,4,0.6,0,0,0,0,7,1.05,2,0.3,0,0,0,0,0,0,6,0.9,46,46,0,0,52,26,3.89,7.77,26,50,50,3.89,120,17.94,30,4.48,101,15.1,2,0.3,0,0,0,0,0,0,8,1.2,2,0.3,0,0,0,0,0,2,2,0.3,0,0,0.3,0,0,0,0,0,0,0,48,24,3.59,7.17,24,3.59,0,0,0,0,0,0,0,0,9,1.35,7,1.05,0,0,0,0,71,10.61,0,0,0,79,79,258,38.57,0,0,0,0,0,0,0,0,0,0,0,0,0,0,0,0,0,1,0.15,0,57,8.52,19,2.84,0,0,12,7,1.05,1.79,34,5.08,0,0,0,0,61,9.12,0,0,0,0,0,0,0,0,0,0,0,0,0,0,0,0,3,0.45,4,0.6,0,0,7,1.05,0,0,2,0.3,1,0.15,2,0.3,6,0.9,2,0.3,6,0.9,1,0.15,8,1.2,11,1.64,204,30.49,131,19.58,90,13.45,204,30.49,8,1.2,4,0.6,1,0.15,0,0,2,0.3,13,1.94,1,0.15,0,0,0,0,0,0,9,1.35,2,0.3,6,0.9,89,13.3,271,40.51,0,0,7,1.05,215,32.14,12,1.79,16,2.39,56,8.37,386,57.7,2,0.3,11,1.64,6,0.9,7,1.05,5,0.75,22,3.29,59,8.82,8,1.2,34,5.08,1,0.15,0,0,0,0,631,8
18ksbvlkdmd73nmjcvrvipi50,Vitor Hugo de Oliveira Costa,Vitor Hugo,Defender,Brazil Under 17,603sjct5syn537sfee5vgztm1,2025-11-27T16:20:50Z,278,3.09,Center Backs,cb,cb,1,13,2,0.65,4.21,11,3.56,4,1.29,0,0,1,0.32,0,0,7,2.27,0,0,2,0.65,69,22.33,0,0,0,0,2,0.65,0,0,33,33,0,0,0,0,0,0,0,0,0,0,1,0.32,0,0,0,0,19,8,2.59,6.15,11,58,58,3.56,7,2.27,26,8.41,64,20.71,1,0.32,0,0,0,0,3,0.97,4,1.29,0,0,3,0.97,0,0,1,1,0,0,1,0.32,0.32,0,0,1,0.32,0,0,0.32,6,6,1.94,1.94,0,0,0,0,1,0.32,0,0,1,0.32,2,0.65,0,0,0,0,0,0,62,20.06,278,0,0,90,90,231,74.76,0,0,0,0,0,0,0,0,0,0,0,0,0,0,0,0,0,0,0,0,43,13.92,6,1.94,0,0,0,0,0,0,8,2.59,0,0,0,0,111,35.92,0,0,0,0,0,0,0,0,0,0,0,0,0,0,0,0,0,0,3,0.97,3,3,4,1.29,1,0.32,0,0,0,0,0,0,0,0,0,0,0,0,1,0.32,0,0,32,10.36,207,66.99,91,29.45,126,40.78,185,59.87,0,0,0,0,1,0.32,0,0,0,0,1,0.32,0,0,1,0.32,0,0,0,0,12,3.88,5,1.62,0,0,31,10.03,244,78.96,1,0.32,3,0.97,217,70.23,0,0,4,1.29,27,8.74,274,88.67,0,0,0,0,0,0,0,0,7,2.27,20,6.47,25,8.09,2,0.65,7,2.27,0,0,0,0,0,0,633,3
aen5j4bcimx05di6vi2w9nv2s,Vitor Fernandes Chaves Teixeira,Vitão,Defender,Brazil Under 17,603sjct5syn537sfee5vgztm1,2025-11-27T16:20:50Z,116,1.29,Center Backs,cb,cb,1,7,1,0.78,5.43,6,4.65,3,2.33,0,0,0,0,0,0,6,4.65,0,0,1,0.78,17,13.18,0,0,1,0.78,1,0.78,0,0,0,0,0,0,0,0,0,0,0,0,0,0,0,0,0,0,0,0,15,5,3.88,11.63,10,67,67,7.75,3,2.33,4,3.1,23,17.83,1,0.78,0,0,0,0,0,0,3,2.33,0,0,0,0,0,0,0,0,0,0,0,0,0,0,0,0,0,0,0,0,8,4,3.1,6.2,4,3.1,0,0,0,0,0,0,0,0,2,1.55,1,0.78,0,0,0,0,19,14.73,0,0,0,79,79,57,44.19,0,0,0,0,0,0,0,0,0,0,0,0,0,0,0,0,0,0,0,0,9,6.98,3,2.33,0,0,1,0,0,0.78,4,3.1,1,0.78,0,0,16,12.4,0,0,0,0,0,0,0,0,0,0,0,0,0,0,0,0,1,0.78,0,0,0,0,2,1.55,0,0,0,0,1,0.78,0,0,0,0,0,0,0,0,0,0,0,0,3,2.33,45,34.88,10,7.75,41,31.78,48,37.21,1,0.78,0,0,0,0,0,0,0,0,0,0,0,0,0,0,0,0,0,0,9,6.98,4,3.1,3,2.33,14,10.85,64,49.61,1,0.78,1,0.78,51,39.53,1,0.78,2,1.55,13,10.08,85,65.89,0,0,0,0,0,0,0,0,5,3.88,8,6.2,8,6.2,5,3.88,5,3.88,0,0,0,0,0,0,634,13
6w74r0qaaa8wurq8j2bnxe6ms,José Lucas Gomes da Silva,Zé Lucas,Midfielder,Brazil Under 17,603sjct5syn537sfee5vgztm1,2025-11-27T16:20:50Z,647,7.19,Midfielders,dm,dm,1,25,12,1.67,3.48,13,1.81,8,1.11,0,0,0,0,0,0,33,4.59,2,0.28,3,0.42,92,12.8,0,0,8,1.11,2,0.28,0,0,0,0,1,0.14,1,0.14,0,0,0,0,0,0,2,0.28,67,67,0,0,87,29,4.03,12.1,58,67,67,8.07,80,11.13,22,3.06,83,11.54,5,0.7,0,0,0,0,0,0,8,1.11,1,0.14,0,0,0,0,0,3,2,0.28,1,0.14,0.42,0,0,0,0,0,0,0,62,17,2.36,8.62,45,6.26,0,0,0,0,0,0,0,0,7,0.97,7,0.97,0,0,0,0,82,11.4,0,0,0,82,82,262,36.44,0,0,1,0.14,0,0,0,0,0,0,0,0,0,0,0,0,0,1,0.14,0,38,5.29,9,1.25,0,0,7,5,0.7,0.97,39,5.42,0,0,0,0,74,10.29,0,0,0,0,0,0,0,0,0,0,0,0,0,0,0,0,5,0.7,0,0,0,0,8,1.11,0,0,3,0.42,0,0,0,0,0,0,0,0,4,0.56,2,0.28,4,0.56,13,1.81,216,30.04,109,15.16,116,16.13,212,29.49,6,0.83,16,2.23,4,0.56,0,0,1,0.14,4,0.56,1,0.14,1,0.14,1,0.14,0,0,12,1.67,11,1.53,19,2.64,64,8.9,272,37.83,0,0,5,0.7,225,31.29,22,3.06,2,0.28,47,6.54,385,53.55,1,0.14,4,0.56,2,0.28,2,0.28,4,0.56,14,1.95,47,6.54,4,0.56,33,4.59,1,0.14,0,0,2,0.28,635,5
3bj0yz3v1oh3bq1juy29c2kus,Nelson Chilemu,N. Chilemu,Midfielder,Zambia Under 17,7tsnckiupbf0snjpax6b6v83i,2025-11-17T17:21:04Z,308,3.42,Center Backs,cb,"dm,cb",2,11,9,2.63,3.22,2,0.58,4,1.17,0,0,0,0,0,0,15,4.39,1,0.29,0,0,24,7.02,0,0,1,0.29,0,0,0,0,0,0,0,0,0,0,0,0,0,0,0,0,1,0.29,0,0,0,0,30,21,6.14,8.77,9,30,30,2.63,16,4.68,9,2.63,56,16.37,2,0.58,0,0,0,0,1,0.29,4,1.17,0,0,1,0.29,0,0,0,6,6,1.75,0,0,1.75,0,0,0,0,0,0,0,19,12,3.51,5.56,7,2.05,0,0,0,0,0,0,0,0,3,0.88,1,0.29,0,0,0,0,40,11.7,0,0,0,77,77,141,41.23,0,0,0,0,0,0,0,0,0,0,0,0,0,0,0,0,0,0,0,0,11,3.22,4,1.17,0,0,6,2,0.58,1.75,17,4.97,0,0,0,0,41,11.99,0,0,0,0,0,0,0,0,0,0,0,0,0,0,0,0,2,0.58,0,0,0,0,3,0.88,0,0,0,0,1,0.29,0,0,0,0,0,0,0,0,4,1.17,0,0,12,3.51,109,31.87,37,10.82,79,23.1,104,30.41,2,0.58,3,0.88,0,0,0,0,0,0,3,0.88,0,0,0,0,0,0,0,0,15,4.39,2,0.58,2,0.58,43,12.57,152,44.44,0,0,2,0.58,116,33.92,5,1.46,2,0.58,36,10.53,193,56.43,0,0,2,0.58,2,0.58,2,0.58,9,2.63,18,5.26,25,7.31,13,3.8,18,5.26,0,0,0,0,2,0.58,636,5
6g4b4undqtfg3xnoxhthxwefo,Christo Chitambala,C. Chitambala,Goalkeeper,Zambia Under 17,7tsnckiupbf0snjpax6b6v83i,2025-11-17T17:21:04Z,315,3.5,Goalkeepers,gk,gk,1,3,0,0,0.86,3,0.86,4,1.14,0,0,0,0,0,0,0,0,0,0,0,0,11,3.14,4,1.14,0,0,0,0,0,0,0,0,0,0,0,0,1,0.29,0,0,0,0,0,0,0,0,1,0.29,6,1,0.29,1.71,5,83,83,1.43,0,0,5,1.43,45,12.86,0,0,0,0,21,6,11,3.14,4,1.14,0,0,17,4.86,0,0,0,4,4,1.14,0,0,1.14,0,0,0,0,0,0,0,3,1,0.29,0.86,2,0.57,0,0,0,0,0,0,0,0,0,0,0,0,0,0,0,0,23,6.57,0,0,0,80,80,50,14.29,0,0,0,0,0,0,0,0,0,0,0,0,0,0,0,0,0,0,0,0,1,0.29,11,3.14,1,0.29,0,0,0,0,31,8.86,0,0,0,0,18,5.14,15,10,2.86,5,1.43,4.29,0,0,0,0,3,0.86,0,0,0,0,0,0,0,0,0,0,4,1.14,0,0,1,0.29,0,0,0,0,0,0,0,0,0,0,6,1.71,0,0,22,6.29,40,11.43,12,3.43,45,12.86,35,10,0,0,0,0,0,0,0,0,0,0,0,0,0,0,0,0,6,1.71,0,0,7,2,0,0,3,0.86,30,8.57,86,24.57,0,0,0,0,57,16.29,0,0,0,0,29,8.29,131,37.43,0,0,0,0,0,0,0,0,12,3.43,28,8,27,7.71,2,0.57,1,0.29,0,0,0,0,0,0,638,18
3qtwky09ssddw0nxjdzalj9xw,Jonathan Momba Kalimina,J. Kalimina,Defender,Zambia Under 17,7tsnckiupbf0snjpax6b6v83i,2025-11-17T17:21:04Z,360,4,Full Backs,lb,lb,1,6,4,1,1.5,2,0.5,4,1,2,0.5,4,1,0,0,37,9.25,3,0.75,1,0.25,66,16.5,0,0,8,2,0,0,0,0,8,8,21,5.25,12,3,0,0,1,0.25,1,0.25,5,1.25,38,38,0,0,50,27,6.75,12.5,23,46,46,5.75,97,24.25,31,7.75,92,23,3,0.75,0,0,0,0,0,0,4,1,3,0.75,0,0,0,0,1,7,7,1.75,0,0,1.75,0,0,0,0,1,0.25,0.25,44,23,5.75,11,21,5.25,0,0,0,0,1,0.25,1,0.25,4,1,5,1.25,0,0,1,0.25,10,2.5,360,0,0,74,74,223,55.75,0,0,0,0,0,0,0,0,0,0,0,0,0,0,0,0,0,0,0,0,35,8.75,48,12,0,0,13,5,1.25,3.25,36,9,0,0,0,0,94,23.5,0,0,0,0,0,0,0,0,0,0,0,0,0,0,0,0,8,2,4,1,12,12,4,1,0,0,0,0,0,0,2,0.5,7,1.75,4,1,5,1.25,9,2.25,0,0,34,8.5,166,41.5,87,21.75,94,23.5,140,35,4,1,11,2.75,1,0.25,3,0.75,31,7.75,13,3.25,3,0.75,0,0,0,0,0,0,14,3.5,5,1.25,1,0.25,111,27.75,233,58.25,0,0,12,3,174,43.5,15,3.75,5,1.25,59,14.75,392,98,15,3.75,28,7,11,2.75,8,2,17,4.25,31,7.75,75,18.75,12,3,28,7,0,0,0,0,0,0,640,20
bliel4ir4vpx25kv9n2x9o0lw,Levyson Banda,L. Banda,Defender,Zambia Under 17,7tsnckiupbf0snjpax6b6v83i,2025-11-17T17:21:04Z,359,3.99,Center Backs,cb,cb,1,12,4,1,3.01,8,2.01,4,1,0,0,0,0,0,0,6,1.5,0,0,4,1,41,10.28,0,0,1,0.25,0,0,0,0,0,0,0,0,0,0,0,0,0,0,0,0,0,0,0,0,0,0,20,7,1.75,5.01,13,65,65,3.26,0,0,4,1,70,17.54,1,0.25,0,0,0,0,0,0,4,1,0,0,0,0,0,0,0,7,7,1.75,0,0,1.75,0,0,0,0,0,0,0,8,3,0.75,2.01,5,1.25,0,0,0,0,0,0,0,0,2,0.5,1,0.25,0,0,0,0,69,17.29,0,0,0,80,80,166,41.6,0,0,0,0,0,0,0,0,0,0,0,0,0,0,0,0,0,0,0,0,22,5.51,5,1.25,0,0,3,2,0.5,0.75,7,1.75,0,0,0,0,25,6.27,0,0,0,0,0,0,0,0,0,0,0,0,0,0,0,0,0,0,0,0,0,0,4,1,0,0,1,0.25,0,0,0,0,0,0,0,0,0,0,7,1.75,0,0,18,4.51,133,33.33,21,5.26,114,28.57,117,29.32,1,0.25,2,0.5,0,0,0,0,0,0,0,0,0,0,0,0,0,0,0,0,26,6.52,1,0.25,2,0.5,38,9.52,170,42.61,0,0,0,0,135,33.83,3,0.75,0,0,35,8.77,218,54.64,0,0,0,0,0,0,0,0,12,3.01,22,5.51,18,4.51,17,4.26,13,3.26,0,0,0,0,0,0,641,2
p074jmtp0eum6avkkrj9im8k,Kelvin Mulenga Chipelu,K. Mulenga,Midfielder,Zambia Under 17,7tsnckiupbf0snjpax6b6v83i,2025-11-17T17:21:04Z,301,3.34,Wingers,rm,"rm,rw",2,10,5,1.5,2.99,5,1.5,4,1.2,3,0.9,0,0,0,0,6,1.8,1,0.3,0,0,41,12.28,0,0,7,2.1,0,0,0,0,20,20,0,0,3,0.9,0,0,0,0,0,0,2,0.6,50,50,0,0,50,24,7.19,14.97,26,52,52,7.78,62,18.56,7,2.1,20,5.99,2,0.6,0,0,0,0,0,0,4,1.2,3,0.9,0,0,0,0,1,4,4,1.2,0,0,1.2,1,0.3,1,0.3,0,0,0.3,40,19,5.69,11.98,21,6.29,0,0,1,0.3,0,0,1,0.3,2,0.6,4,1.2,0,0,0,0,17,5.09,301,0,0,62,62,45,13.47,0,0,4,1.2,0,0,0,0,0,0,0,0,0,0,0,0,0,0,0,0,28,8.38,8,2.4,0,0,8,4,1.2,2.4,18,5.39,0,0,0,0,2,0.6,0,0,0,0,0,0,0,0,0,0,0,0,0,0,0,0,1,0.3,4,1.2,5,5,4,1.2,0,0,4,1.2,0,0,0,0,2,0.6,2,0.6,7,2.1,0,0,1,0.3,2,0.6,28,8.38,24,7.19,6,1.8,26,7.78,5,1.5,4,1.2,1,0.3,0,0,4,1.2,9,2.69,3,0.9,1,0.3,0,0,1,0.3,2,0.6,5,1.5,6,1.8,55,16.47,45,13.47,0,0,5,1.5,28,8.38,9,2.69,11,3.29,17,5.09,137,41.02,0,0,13,3.89,13,3.89,7,2.1,1,0.3,4,1.2,28,8.38,2,0.6,13,3.89,0,0,0,0,0,0,644,21
cv6r9q7dyul8r2d84xlxrxu6s,Lukonde Mwale,L. Mwale,Defender,Zambia Under 17,7tsnckiupbf0snjpax6b6v83i,2025-11-17T17:21:04Z,245,2.72,Midfielders,am,"st,cm,am",3,4,3,1.1,1.47,1,0.37,4,1.47,0,0,0,0,1,0.37,13,4.78,0,0,0,0,14,5.15,0,0,4,1.47,0,0,0,0,25,25,0,0,1,0.37,0,0,0,0,0,0,1,0.37,0,0,0,0,22,15,5.51,8.09,7,32,32,2.57,24,8.82,10,3.68,14,5.15,3,1.1,0,0,0,0,0,0,4,1.47,0,0,0,0,0,0,1,3,3,1.1,0,0,1.1,1,0.37,1,0.37,0,0,0.37,18,12,4.41,6.62,6,2.21,0,0,0,0,0,0,0,0,0,0,4,1.47,0,0,0,0,8,2.94,245,2,0.74,96,96,46,16.91,0,0,0,0,0,0,0,0,0,0,0,0,0,0,0,0,0,0,0,0,9,3.31,4,1.47,0,0,1,1,0.37,0.37,10,3.68,0,0,1,0.37,12,4.41,0,0,0,0,0,0,0,0,0,0,0,0,0,0,0,0,2,0.74,2,0.74,4,4,4,1.47,0,0,4,1.47,0,0,0,0,0,0,0,0,0,0,0,0,0,0,3,1.1,44,16.18,29,10.66,16,5.88,42,15.44,3,1.1,3,1.1,1,0.37,0,0,0,0,6,2.21,1,0.37,0,0,0,0,1,0.37,0,0,4,1.47,0,0,15,5.51,47,17.28,0,0,4,1.47,45,16.54,6,2.21,3,1.1,2,0.74,76,27.94,0,0,1,0.37,1,0.37,5,1.84,0,0,0,0,2,0.74,1,0.37,2,0.74,0,0,0,0,0,0,645,12
7in2jv6ps0ldkppqwqoy8w93o,Andrew Mwape,A. Mwape,Defender,Zambia Under 17,7tsnckiupbf0snjpax6b6v83i,2025-11-17T17:21:04Z,360,4,Full Backs,rb,rb,1,4,2,0.5,1,2,0.5,4,1,0,0,0,0,0,0,22,5.5,0,0,1,0.25,49,12.25,0,0,2,0.5,0,0,0,0,0,0,8,2,2,0.5,0,0,0,0,0,0,4,1,25,25,0,0,47,26,6.5,11.75,21,45,45,5.25,76,19,22,5.5,68,17,1,0.25,0,0,0,0,0,0,4,1,0,0,0,0,0,0,0,7,7,1.75,0,0,1.75,0,0,0,0,0,0,0,43,24,6,10.75,19,4.75,0,0,0,0,0,0,0,0,2,0.5,2,0.5,0,0,0,0,29,7.25,0,0,0,75,75,113,28.25,0,0,1,0.25,0,0,0,0,0,0,0,0,0,0,0,0,0,0,0,0,32,8,31,7.75,0,0,9,5,1.25,2.25,12,3,0,0,0,0,2,0.5,0,0,0,0,0,0,0,0,0,0,0,0,0,0,0,0,2,0.5,0,0,0,0,4,1,0,0,0,0,0,0,2,0.5,4,1,2,0.5,3,0.75,2,0.5,0,0,11,2.75,85,21.25,51,12.75,46,11.5,82,20.5,5,1.25,8,2,0,0,16,4,40,10,13,3.25,0,0,0,0,0,0,0,0,9,2.25,3,0.75,3,0.75,86,21.5,121,30.25,0,0,2,0.5,93,23.25,13,3.25,3,0.75,28,7,264,66,5,1.25,18,4.5,13,3.25,9,2.25,8,2,11,2.75,38,9.5,8,2,17,4.25,0,0,0,0,1,0.25,647,3
cwnicq3545374vbrer5yk1wd0,Bongani Ndhlovu,B. Ndhlovu,Midfielder,Zambia Under 17,7tsnckiupbf0snjpax6b6v83i,2025-11-17T17:21:04Z,52,0.58,Midfielders,dm,dm,1,0,0,0,0,0,0,1,1.72,0,0,0,0,0,0,4,6.9,0,0,0,0,5,8.62,0,0,0,0,0,0,0,0,0,0,0,0,0,0,0,0,0,0,0,0,0,0,0,0,0,0,3,1,1.72,5.17,2,67,67,3.45,4,6.9,5,8.62,9,15.52,0,0,0,0,0,0,0,0,1,1.72,0,0,0,0,0,0,0,1,1,1.72,0,0,1.72,0,0,0,0,0,0,0,3,1,1.72,5.17,2,3.45,0,0,0,0,0,0,0,0,0,0,0,0,0,0,0,0,5,8.62,0,0,0,91,91,23,39.66,0,0,0,0,0,0,0,0,0,0,0,0,0,0,0,0,0,0,0,0,2,3.45,1,1.72,0,0,0,0,0,0,2,3.45,0,0,0,0,6,10.34,0,0,0,0,0,0,0,0,0,0,0,0,1,1.72,0,0,2,3.45,0,0,0,0,1,1.72,0,0,1,1.72,0,0,0,0,0,0,0,0,0,0,1,1.72,1,1.72,2,3.45,21,36.21,11,18.97,11,18.97,20,34.48,0,0,2,3.45,1,1.72,0,0,0,0,1,1.72,0,0,0,0,0,0,0,0,0,0,0,0,0,0,4,6.9,24,41.38,0,0,2,3.45,22,37.93,2,3.45,0,0,2,3.45,32,55.17,0,0,0,0,0,0,1,1.72,0,0,2,3.45,2,3.45,0,0,0,0,0,0,0,0,0,0,648,6
dmfc0vx2zwir221jdf0bn0pw4,Abel Salim Nyirongo,A. Nyirongo,Forward,Zambia Under 17,7tsnckiupbf0snjpax6b6v83i,2025-11-17T17:21:04Z,348,3.87,Strikers,st,st,1,25,19,4.91,6.46,6,1.55,4,1.03,0,0,0,0,2,0.52,31,8.01,2,0.52,0,0,25,6.46,0,0,3,0.78,0,0,0,0,27,27,0,0,5,1.29,0,0,0,0,0,0,7,1.81,43,43,0,0,70,43,11.11,18.09,27,39,39,6.98,77,19.9,1,0.26,12,3.1,2,0.52,0,0,0,0,0,0,4,1.03,0,0,0,0,0,0,3,7,7,1.81,0,0,1.81,2,0.52,2,0.52,1,0.26,0.78,45,24,6.2,11.63,21,5.43,0,0,0,0,0,0,1,0.26,4,1.03,3,0.78,0,0,2,0.52,15,3.88,116,3,0.78,74,74,66,17.05,0,0,0,0,0,0,0,0,0,0,0,0,0,0,0,0,0,0,0,0,11,2.84,1,0.26,0,0,3,0,0,0.78,11,2.84,0,0,1,0.26,17,4.39,0,0,0,0,0,0,0,0,0,0,0,0,0,0,0,0,2,0.52,9,2.33,4,4,4,1.03,0,0,1,0.26,0,0,0,0,0,0,0,0,6,1.55,0,0,4,1.03,0,0,49,12.66,34,8.79,24,6.2,58,14.99,0,0,2,0.52,0,0,0,0,0,0,15,3.88,1,0.26,2,0.52,0,0,2,0.52,2,0.52,6,1.55,13,3.36,50,12.92,75,19.38,0,0,11,2.84,58,14.99,2,0.52,23,5.94,17,4.39,155,40.05,0,0,1,0.26,1,0.26,8,2.07,0,0,0,0,17,4.39,1,0.26,17,4.39,0,0,1,0.26,0,0,650,9
e7zbbch7inwd3rr10levp747o,Felix Phiri,F. Phiri,Midfielder,Zambia Under 17,7tsnckiupbf0snjpax6b6v83i,2025-11-17T17:21:04Z,354,3.93,Midfielders,dm,"am,cm,dm",3,7,4,1.02,1.78,3,0.76,4,1.02,0,0,0,0,0,0,24,6.11,2,0.51,1,0.25,34,8.65,0,0,1,0.25,0,0,0,0,25,25,1,0.25,4,1.02,0,0,0,0,0,0,7,1.78,71,71,0,0,46,19,4.83,11.7,27,59,59,6.87,48,12.21,16,4.07,41,10.43,0,0,0,0,0,0,0,0,4,1.02,0,0,0,0,0,0,1,6,6,1.53,0,0,1.53,1,0.25,1,0.25,0,0,0.25,39,15,3.82,9.92,24,6.11,1,0.25,0,0,0,0,1,0.25,0,0,1,0.25,0,0,1,0.25,34,8.65,354,0,0,85,85,138,35.11,0,0,1,0.25,0,0,0,0,0,0,0,0,0,0,0,0,0,0,0,0,9,2.29,6,1.53,0,0,5,1,0.25,1.27,32,8.14,0,0,0,0,39,9.92,0,0,0,0,0,0,0,0,0,0,0,0,0,0,0,0,2,0.51,2,0.51,4,4,4,1.02,0,0,2,0.51,0,0,0,0,0,0,0,0,5,1.27,0,0,4,1.02,11,2.8,117,29.77,65,16.54,52,13.23,106,26.97,4,1.02,7,1.78,0,0,0,0,0,0,9,2.29,0,0,1,0.25,0,0,1,0.25,3,0.76,4,1.02,9,2.29,47,11.96,138,35.11,0,0,4,1.02,117,29.77,11,2.8,8,2.04,21,5.34,206,52.42,1,0.25,5,1.27,4,1.02,2,0.51,1,0.25,6,1.53,20,5.09,6,1.53,15,3.82,0,0,0,0,0,0,651,10
93uyc4as0vkz70hhr1kmv3rpw,James Nene Sibeene,J. Sibeene,Defender,Zambia Under 17,7tsnckiupbf0snjpax6b6v83i,2025-11-17T17:21:04Z,360,4,Midfielders,dm,"cb,dm",2,5,3,0.75,1.25,2,0.5,4,1,0,0,0,0,0,0,19,4.75,0,0,2,0.5,41,10.25,0,0,4,1,0,0,0,0,33,33,0,0,0,0,0,0,0,0,0,0,3,0.75,83,83,0,0,30,11,2.75,7.5,19,63,63,4.75,14,3.5,7,1.75,51,12.75,1,0.25,0,0,0,0,0,0,4,1,0,0,0,0,0,0,1,7,7,1.75,0,0,1.75,0,0,1,0.25,0,0,0.25,25,8,2,6.25,17,4.25,0,0,1,0.25,0,0,1,0.25,4,1,4,1,0,0,0,0,40,10,360,0,0,87,87,158,39.5,0,0,1,0.25,0,0,0,0,0,0,0,0,0,0,0,0,0,0,0,0,21,5.25,10,2.5,0,0,2,0,0,0.5,17,4.25,0,0,0,0,53,13.25,0,0,0,0,0,0,0,0,0,0,0,0,0,0,0,0,1,0.25,2,0.5,3,3,4,1,0,0,0,0,0,0,0,0,1,0.25,1,0.25,5,1.25,3,0.75,2,0.5,13,3.25,138,34.5,34,8.5,109,27.25,129,32.25,4,1,6,1.5,0,0,0,0,1,0.25,4,1,0,0,1,0.25,0,0,0,0,6,1.5,2,0.5,2,0.5,31,7.75,163,40.75,0,0,3,0.75,142,35.5,10,2.5,3,0.75,21,5.25,213,53.25,0,0,0,0,0,0,1,0.25,2,0.5,9,2.25,12,3,9,2.25,12,3,0,0,1,0.25,1,0.25,653,11
wfqenem5ml590lnlp1gz3384,Mapalo Simute,M. Simute,Midfielder,Zambia Under 17,7tsnckiupbf0snjpax6b6v83i,2025-11-17T17:21:04Z,309,3.43,Wingers,lm,"lm,lw",2,0,0,0,0,0,0,4,1.17,1,0.29,0,0,0,0,31,9.04,0,0,0,0,45,13.12,0,0,5,1.46,0,0,0,0,25,25,1,0.29,2,0.58,0,0,0,0,0,0,7,2.04,64,64,0,0,25,13,3.79,7.29,12,48,48,3.5,73,21.28,8,2.33,24,7,1,0.29,0,0,0,0,0,0,4,1.17,1,0.29,0,0,0,0,1,4,4,1.17,0,0,1.17,1,0.29,1,0.29,0,0,0.29,25,13,3.79,7.29,12,3.5,0,0,0,0,0,0,1,0.29,1,0.29,4,1.17,0,0,1,0.29,9,2.62,309,5,1.46,86,86,99,28.86,0,0,0,0,0,0,0,0,0,0,0,0,0,0,0,0,0,0,0,0,22,6.41,14,4.08,0,0,1,0,0,0.29,19,5.54,0,0,0,0,35,10.2,0,0,0,0,0,0,0,0,0,0,0,0,0,0,0,0,3,0.87,1,0.29,4,4,4,1.17,0,0,3,0.87,0,0,0,0,0,0,0,0,7,2.04,0,0,3,0.87,1,0.29,85,24.78,56,16.33,29,8.45,84,24.49,0,0,2,0.58,0,0,0,0,0,0,11,3.21,1,0.29,1,0.29,0,0,1,0.29,1,0.29,1,0.29,3,0.87,39,11.37,99,28.86,0,0,4,1.17,85,24.78,2,0.58,16,4.66,14,4.08,150,43.73,1,0.29,4,1.17,3,0.87,4,1.17,0,0,4,1.17,14,4.08,4,1.17,10,2.92,0,0,0,0,0,0,656,17
1n3nj0i9zbks4a1940uvfgavo,Dimas Adi Prasetyo,D. Adi,Forward,Indonesia Under 17,al69z7yp1ipw9pxb8o8jnaq6s,2025-11-15T11:07:46Z,150,1.67,Strikers,st,st,1,4,2,1.2,2.4,2,1.2,3,1.8,0,0,0,0,0,0,5,2.99,0,0,1,0.6,10,5.99,0,0,1,0.6,0,0,0,0,0,0,0,0,0,0,0,0,0,0,0,0,2,1.2,50,50,0,0,17,8,4.79,10.18,9,53,53,5.39,31,18.56,2,1.2,9,5.39,0,0,0,0,0,0,0,0,3,1.8,0,0,0,0,0,0,0,4,4,2.4,0,0,2.4,0,0,0,0,0,0,0,13,6,3.59,7.78,7,4.19,0,0,0,0,0,0,0,0,0,0,1,0.6,0,0,0,0,8,4.79,0,0,0,67,67,24,14.37,0,0,1,0.6,0,0,0,0,0,0,0,0,0,0,0,0,0,1,0.6,0,4,2.4,3,1.8,0,0,3,3,1.8,1.8,6,3.59,0,0,0,0,6,3.59,0,0,0,0,0,0,0,0,0,0,0,0,0,0,0,0,2,1.2,0,0,0,0,1,0.6,0,0,1,0.6,2,1.2,0,0,0,0,0,0,3,1.8,0,0,0,0,0,0,16,9.58,13,7.78,7,4.19,20,11.98,1,0.6,0,0,0,0,0,0,0,0,5,2.99,1,0.6,0,0,0,0,0,0,2,1.2,0,0,3,1.8,19,11.38,28,16.77,0,0,2,1.2,20,11.98,1,0.6,4,2.4,8,4.79,60,35.93,0,0,2,1.2,2,1.2,3,1.8,0,0,2,1.2,8,4.79,2,1.2,6,3.59,0,0,0,0,0,0,657,11
amez4iol23t0dfi71iw8uh91w,Dafa Al Gasemi Setiawarman,D. Al Gasemi,Goalkeeper,Indonesia Under 17,al69z7yp1ipw9pxb8o8jnaq6s,2025-11-15T11:07:46Z,180,2,Goalkeepers,gk,gk,1,2,0,0,1,2,1,2,1,0,0,0,0,0,0,0,0,0,0,0,0,6,3,1,0.5,0,0,0,0,0,0,0,0,0,0,0,0,0,0,0,0,0,0,0,0,0,0,0,0,2,0,0,1,2,100,100,1,0,0,0,0,35,17.5,0,0,0,0,21,10.5,7,3.5,2,1,0,0,19,9.5,0,0,0,7,5,2.5,2,1,3.5,0,0,0,0,0,0,0,0,0,0,0,0,0,0,0,0,0,0,0,0,0,0,0,0,0,0,0,0,0,16,8,0,0,0,56,56,32,16,0,0,0,0,0,0,0,0,0,0,0,0,0,0,0,0,0,0,0,0,3,1.5,4,2,3,1.5,0,0,0,0,16,8,0,0,0,0,8,4,6,3,1.5,3,1.5,3,0,0,0,0,2,1,0,0,0,0,0,0,0,0,0,0,2,1,0,0,0,0,0,0,0,0,0,0,0,0,0,0,1,0.5,0,0,6,3,18,9,1,0.5,31,15.5,26,13,0,0,0,0,0,0,0,0,0,0,0,0,0,0,0,0,1,0.5,0,0,4,2,0,0,0,0,29,14.5,59,29.5,0,0,0,0,32,16,0,0,0,0,27,13.5,80,40,0,0,0,0,0,0,0,0,10,5,25,12.5,17,8.5,10,5,2,1,0,0,0,0,1,0.5,659,20
7nkykgcimlfivhw48f1oxxh5g,Muhammad Al Gazani Dwi Sugandi,M. Al Gazani,Defender,Indonesia Under 17,al69z7yp1ipw9pxb8o8jnaq6s,2025-11-15T11:07:46Z,225,2.5,Full Backs,rb,"cb,rb",2,2,2,0.8,0.8,0,0,3,1.2,0,0,0,0,0,0,12,4.8,0,0,0,0,14,5.6,0,0,1,0.4,0,0,0,0,0,0,0,0,0,0,0,0,0,0,0,0,0,0,50,50,0,0,12,8,3.2,4.8,4,33,33,1.6,8,3.2,14,5.6,41,16.4,0,0,0,0,0,0,0,0,3,1.2,0,0,0,0,0,0,0,5,4,1.6,1,0.4,2,0,0,0,0,0,0,0,10,6,2.4,4,4,1.6,0,0,0,0,0,0,0,0,1,0.4,1,0.4,0,0,0,0,31,12.4,0,0,0,73,73,91,36.4,0,0,0,0,0,0,0,0,0,0,0,0,0,0,0,0,0,1,0.4,0,6,2.4,6,2.4,0,0,5,4,1.6,2,8,3.2,0,0,0,0,11,4.4,0,0,0,0,0,0,0,0,0,0,0,0,0,0,0,0,0,0,0,0,0,0,2,0.8,0,0,0,0,1,0.4,0,0,1,0.4,1,0.4,1,0.4,0,0,0,0,3,1.2,66,26.4,37,14.8,34,13.6,67,26.8,0,0,3,1.2,0,0,0,0,2,0.8,1,0.4,0,0,0,0,0,0,0,0,9,3.6,2,0.8,0,0,28,11.2,95,38,0,0,0,0,70,28,3,1.2,0,0,25,10,123,49.2,0,0,0,0,0,0,1,0.4,7,2.8,11,4.4,18,7.2,7,2.8,14,5.6,0,0,0,0,1,0.4,660,16
vtp797ps5z44puepp07lb02c,Fadly Alberto Hengga,F. Alberto,Forward,Indonesia Under 17,al69z7yp1ipw9pxb8o8jnaq6s,2025-11-15T11:07:46Z,270,3,Full Backs,lb,"rm,lm,lb",3,4,4,1.33,1.33,0,0,3,1,0,0,0,0,1,0.33,14,4.67,0,0,0,0,18,6,0,0,1,0.33,0,0,0,0,33,33,0,0,0,0,0,0,0,0,0,0,5,1.67,25,25,0,0,25,18,6,8.33,7,28,28,2.33,62,20.67,12,4,41,13.67,1,0.33,0,0,0,0,0,0,3,1,0,0,0,0,0,0,1,8,6,2,2,0.67,2.67,1,0.33,0,0,1,0.33,0.33,21,14,4.67,7,7,2.33,0,0,0,0,1,0.33,0,0,3,1,1,0.33,0,0,0,0,6,2,270,0,0,77,77,92,30.67,0,0,1,0.33,0,0,0,0,0,0,0,0,0,0,0,0,0,1,0.33,0,11,3.67,14,4.67,0,0,4,1,0.33,1.33,11,3.67,0,0,1,0.33,32,10.67,0,0,0,0,0,0,0,0,0,0,0,0,0,0,0,0,1,0.33,2,0.67,3,3,3,1,0,0,0,0,0,0,0,0,0,0,0,0,1,0.33,1,0.33,0,0,1,0.33,71,23.67,53,17.67,18,6,70,23.33,0,0,5,1.67,0,0,2,0.67,13,4.33,8,2.67,0,0,0,0,0,0,0,0,12,4,3,1,1,0.33,40,13.33,93,31,0,0,3,1,71,23.67,5,1.67,6,2,22,7.33,160,53.33,0,0,1,0.33,1,0.33,3,1,3,1,3,1,15,5,8,2.67,19,6.33,0,0,1,0.33,1,0.33,661,10
acu0fv1muamgtxs5i4j7di5n8,Nazriel Alfaro Syahdan,N. Alfaro,Midfielder,Indonesia Under 17,al69z7yp1ipw9pxb8o8jnaq6s,2025-11-15T11:07:46Z,231,2.57,Midfielders,cm,cm,1,6,3,1.17,2.33,3,1.17,3,1.17,0,0,0,0,0,0,15,5.84,0,0,1,0.39,16,6.23,0,0,2,0.78,0,0,0,0,0,0,0,0,1,0.39,0,0,0,0,0,0,3,1.17,0,0,0,0,28,14,5.45,10.89,14,50,50,5.45,15,5.84,9,3.5,18,7,0,0,0,0,0,0,0,0,3,1.17,0,0,0,0,0,0,0,7,6,2.33,1,0.39,2.72,0,0,0,0,0,0,0,22,11,4.28,8.56,11,4.28,0,0,0,0,0,0,0,0,4,1.56,2,0.78,0,0,0,0,20,7.78,0,0,0,88,88,76,29.57,0,0,1,0.39,0,0,0,0,0,0,0,0,0,0,0,0,0,1,0.39,0,6,2.33,2,0.78,0,0,2,0,0,0.78,10,3.89,0,0,0,0,25,9.73,0,0,0,0,0,0,0,0,0,0,0,0,0,0,0,0,1,0.39,0,0,0,0,3,1.17,0,0,2,0.78,0,0,0,0,0,0,0,0,0,0,0,0,1,0.39,1,0.39,67,26.07,41,15.95,28,10.89,68,26.46,5,1.95,4,1.56,0,0,0,0,0,0,4,1.56,0,0,0,0,0,0,0,0,1,0.39,2,0.78,2,0.78,21,8.17,78,30.35,0,0,1,0.39,69,26.85,9,3.5,1,0.39,9,3.5,119,46.3,0,0,1,0.39,1,0.39,1,0.39,1,0.39,3,1.17,8,3.11,2,0.78,6,2.33,0,0,0,0,0,0,662,8
bmruld0h6j57iahx0xnke22ac,Fabio Azkairawan,F. Azkairawan,Defender,Indonesia Under 17,al69z7yp1ipw9pxb8o8jnaq6s,2025-11-15T11:07:46Z,90,1,Full Backs,lwb,lwb,1,3,2,2,3,1,1,2,2,0,0,0,0,0,0,4,4,0,0,0,0,1,1,0,0,1,1,0,0,0,0,0,0,1,1,1,1,0,0,0,0,0,0,0,0,0,0,0,0,8,5,5,8,3,38,38,3,14,14,1,1,7,7,1,1,0,0,0,0,0,0,2,2,0,0,0,0,0,0,0,4,3,3,1,1,4,0,0,0,0,0,0,0,5,3,3,5,2,2,0,0,0,0,0,0,0,0,1,1,1,1,0,0,0,0,4,4,0,1,1,53,53,15,15,0,0,0,0,0,0,0,0,0,0,0,0,0,0,0,0,0,1,1,0,0,0,5,5,0,0,4,0,0,4,0,0,0,0,0,0,0,0,0,0,0,0,0,0,0,0,0,0,0,0,0,0,0,0,0,0,0,0,0,0,1,1,0,0,1,1,1,1,1,1,1,1,0,0,0,0,0,0,0,0,0,0,8,8,5,5,4,4,8,8,1,1,1,1,0,0,5,5,7,7,1,1,0,0,0,0,0,0,0,0,4,4,2,2,0,0,15,15,15,15,0,0,0,0,8,8,2,2,0,0,7,7,43,43,0,0,1,1,1,1,1,1,1,1,1,1,7,7,1,1,6,6,0,0,0,0,1,1,663,14
d28dyw0dr8u0k70n0gtsaqbdg,Mathew Ryan Sitorus Baker,M. Baker,Defender,Indonesia Under 17,al69z7yp1ipw9pxb8o8jnaq6s,2025-11-15T11:07:46Z,270,3,Center Backs,cb,"cb,lb",2,16,8,2.67,5.33,8,2.67,3,1,0,0,0,0,0,0,10,3.33,0,0,0,0,47,15.67,0,0,2,0.67,0,0,0,0,0,0,0,0,0,0,0,0,0,0,0,0,0,0,67,67,0,0,28,14,4.67,9.33,14,50,50,4.67,13,4.33,31,10.33,64,21.33,2,0.67,0,0,3,1,0,0,3,1,0,0,3,1,0,0,0,8,6,2,2,0.67,2.67,0,0,0,0,0,0,0,12,6,2,4,6,2,0,0,0,0,0,0,0,0,2,0.67,2,0.67,0,0,0,0,32,10.67,0,0,0,87,87,144,48,0,0,0,0,0,0,0,0,0,0,0,0,0,0,0,0,0,1,0.33,0,34,11.33,8,2.67,0,0,2,1,0.33,0.67,8,2.67,0,0,0,0,49,16.33,0,0,0,0,0,0,0,0,0,0,0,0,0,0,0,0,4,1.33,1,0.33,0,0,3,1,0,0,0,0,0,0,0,0,1,0.33,1,0.33,2,0.67,0,0,0,0,12,4,125,41.67,70,23.33,67,22.33,124,41.33,0,0,0,0,0,0,0,0,5,1.67,1,0.33,0,0,1,0.33,0,0,0,0,28,9.33,2,0.67,4,1.33,20,6.67,155,51.67,0,0,5,1.67,136,45.33,0,0,4,1.33,19,6.33,208,69.33,0,0,0,0,0,0,1,0.33,3,1,9,3,11,3.67,8,2.67,10,3.33,0,0,0,0,1,0.33,665,5
zb9eph91iaf63gh51i3jsu1g,Mochamad Mierza Firjatullah,M. Firjatullah,Forward,Indonesia Under 17,al69z7yp1ipw9pxb8o8jnaq6s,2025-11-15T11:07:46Z,202,2.24,Strikers,st,st,1,1,1,0.45,0.45,0,0,3,1.34,1,0.45,0,0,0,0,19,8.48,2,0.89,0,0,8,3.57,0,0,5,2.23,0,0,0,0,0,0,0,0,3,1.34,0,0,0,0,0,0,2,0.89,50,50,0,0,14,8,3.57,6.25,6,43,43,2.68,54,24.11,1,0.45,7,3.12,1,0.45,1,0.45,0,0,0,0,3,1.34,1,0.45,0,0,0,0,0,5,3,1.34,2,0.89,2.23,0,0,0,0,0,0,0,13,7,3.12,5.8,6,2.68,0,0,0,0,0,0,0,0,0,0,4,1.79,0,0,0,0,13,5.8,0,1,0.45,81,81,36,16.07,0,0,0,0,0,0,0,0,0,0,0,0,0,0,0,0,0,1,0.45,0,5,2.23,4,1.79,0,0,2,2,0.89,0.89,5,2.23,0,0,0,0,4,1.79,0,0,0,0,0,0,0,0,0,0,0,0,0,0,0,0,1,0.45,2,0.89,0,0,2,0.89,0,0,2,0.89,1,0.45,0,0,1,0.45,1,0.45,1,0.45,0,0,6,2.68,1,0.45,29,12.95,27,12.05,10,4.46,35,15.62,0,0,1,0.45,0,0,0,0,0,0,3,1.34,0,0,1,0.45,0,0,0,0,0,0,3,1.34,4,1.79,25,11.16,43,19.2,0,0,3,1.34,36,16.07,1,0.45,14,6.25,7,3.12,76,33.93,0,0,1,0.45,1,0.45,1,0.45,0,0,1,0.45,7,3.12,1,0.45,6,2.68,2,0.89,0,0,0,0,666,9
790oorhsk1a7r67iifng6505w,Evandra Florasta,E. Florasta,Midfielder,Indonesia Under 17,al69z7yp1ipw9pxb8o8jnaq6s,2025-11-15T11:07:46Z,270,3,Midfielders,cm,cm,1,6,3,1,2,3,1,3,1,0,0,0,0,1,0.33,10,3.33,2,0.67,1,0.33,42,14,0,0,5,1.67,0,0,0,0,25,25,2,0.67,1,0.33,0,0,0,0,0,0,6,2,56,56,0,0,46,22,7.33,15.33,24,52,52,8,67,22.33,10,3.33,35,11.67,2,0.67,0,0,0,0,0,0,3,1,0,0,0,0,0,0,1,8,6,2,2,0.67,2.67,0,0,1,0.33,0,0,0.33,40,19,6.33,13.33,21,7,0,0,0,0,0,0,0,0,1,0.33,5,1.67,0,0,1,0.33,16,5.33,270,0,0,67,67,79,26.33,0,0,1,0.33,0,0,0,0,0,0,0,0,0,0,1,0.33,1,1,0.33,0.33,29,9.67,11,3.67,0,0,6,2,0.67,2,13,4.33,0,0,0,0,20,6.67,0,0,0,0,0,0,0,0,0,0,0,0,0,0,0,0,1,0.33,3,1,4,4,3,1,0,0,0,0,0,0,0,0,3,1,1,0.33,5,1.67,0,0,0,0,0,0,53,17.67,48,16,9,3,54,18,2,0.67,2,0.67,0,0,0,0,1,0.33,10,3.33,1,0.33,1,0.33,0,0,1,0.33,4,1.33,6,2,13,4.33,52,17.33,81,27,0,0,4,1.33,54,18,4,1.33,9,3,27,9,152,50.67,2,0.67,6,2,2,0.67,4,1.33,2,0.67,3,1,28,9.33,5,1.67,24,8,1,0.33,0,0,1,0.33,667,6
9hnrljvnmx6f8q5po5c7fkv84,Muhamad Zahaby Gholy,Z. Gholy,Midfielder,Indonesia Under 17,al69z7yp1ipw9pxb8o8jnaq6s,2025-11-15T11:07:46Z,120,1.33,Wingers,lm,lm,1,1,1,0.75,0.75,0,0,3,2.26,0,0,1,0.75,0,0,13,9.77,1,0.75,0,0,17,12.78,0,0,2,1.5,0,0,0,0,20,20,4,3.01,2,1.5,0,0,0,0,0,0,2,1.5,50,50,0,0,21,8,6.02,15.79,13,62,62,9.77,54,40.6,5,3.76,16,12.03,0,0,0,0,0,0,0,0,3,2.26,0,0,0,0,0,0,1,4,2,1.5,2,1.5,3.01,1,0.75,1,0.75,0,0,0.75,20,7,5.26,15.04,13,9.77,0,0,0,0,0,0,1,0.75,1,0.75,2,1.5,0,0,0,0,6,4.51,120,0,0,78,78,54,40.6,0,0,0,0,0,0,0,0,0,0,0,0,0,0,0,0,0,0,0,0,8,6.02,2,1.5,0,0,3,2,1.5,2.26,7,5.26,0,0,1,0.75,21,15.79,0,0,0,0,0,0,0,0,0,0,0,0,0,0,0,0,3,2.26,2,1.5,5,5,2,1.5,0,0,2,1.5,1,0.75,0,0,0,0,0,0,4,3.01,0,0,0,0,3,2.26,42,31.58,30,22.56,14,10.53,41,30.83,4,3.01,3,2.26,0,0,0,0,1,0.75,6,4.51,0,0,0,0,0,0,1,0.75,1,0.75,0,0,2,1.5,30,22.56,56,42.11,0,0,5,3.76,44,33.08,7,5.26,4,3.01,12,9.02,103,77.44,4,3.01,6,4.51,1,0.75,4,3.01,2,1.5,2,1.5,14,10.53,4,3.01,10,7.52,0,0,0,0,0,0,668,7
773wzbq61ahwg5v4tr83vo104,Lucas Raphael Lee,L. Lee,Defender,Indonesia Under 17,al69z7yp1ipw9pxb8o8jnaq6s,2025-11-15T11:07:46Z,158,1.76,Midfielders,cm,"cb,cm",2,7,5,2.84,3.98,2,1.14,3,1.7,0,0,0,0,0,0,7,3.98,0,0,0,0,13,7.39,0,0,0,0,0,0,0,0,0,0,1,0.57,1,0.57,0,0,0,0,0,0,0,0,100,100,0,0,14,9,5.11,7.95,5,36,36,2.84,9,5.11,2,1.14,21,11.93,0,0,0,0,0,0,1,0.57,3,1.7,0,0,1,0.57,0,0,0,7,5,2.84,2,1.14,3.98,0,0,0,0,0,0,0,7,4,2.27,3.98,3,1.7,0,0,0,0,0,0,0,0,1,0.57,0,0,0,0,0,0,9,5.11,0,0,0,66,66,44,25,0,0,0,0,0,0,0,0,0,0,0,0,0,0,0,0,0,0,0,0,5,2.84,1,0.57,0,0,1,0,0,0.57,5,2.84,0,0,0,0,8,4.55,0,0,0,0,0,0,0,0,0,0,0,0,0,0,0,0,0,0,1,0.57,0,0,2,1.14,0,0,2,1.14,1,0.57,0,0,0,0,0,0,1,0.57,0,0,0,0,1,0.57,29,16.48,7,3.98,22,12.5,28,15.91,0,0,0,0,0,0,0,0,0,0,0,0,0,0,0,0,0,0,0,0,7,3.98,1,0.57,2,1.14,20,11.36,45,25.57,0,0,1,0.57,29,16.48,0,0,1,0.57,16,9.09,65,36.93,1,0.57,3,1.7,1,0.57,0,0,4,2.27,7,3.98,15,8.52,4,2.27,9,5.11,0,0,0,0,0,0,670,13
2d5tx4wfhkkngy95ip7lpjjf8,I Putu Panji Apriawan,P. Panji,Defender,Indonesia Under 17,al69z7yp1ipw9pxb8o8jnaq6s,2025-11-15T11:07:46Z,258,2.87,Center Backs,cb,cb,1,8,4,1.39,2.79,4,1.39,3,1.05,0,0,0,0,0,0,5,1.74,1,0.35,3,1.05,31,10.8,0,0,1,0.35,0,0,0,0,0,0,0,0,0,0,0,0,0,0,0,0,0,0,0,0,0,0,25,10,3.48,8.71,15,60,60,5.23,2,0.7,9,3.14,37,12.89,1,0.35,0,0,0,0,0,0,3,1.05,0,0,0,0,0,0,0,8,6,2.09,2,0.7,2.79,0,0,0,0,0,0,0,17,6,2.09,5.92,11,3.83,1,0.35,0,0,0,0,0,0,4,1.39,1,0.35,0,0,0,0,50,17.42,0,0,0,88,88,100,34.84,0,0,0,0,1,0.35,1,0.35,0,0,0,0,0,0,0,0,0,1,0.35,0,18,6.27,4,1.39,0,0,2,1,0.35,0.7,9,3.14,0,0,0,0,17,5.92,0,0,0,0,0,0,0,0,0,0,0,0,0,0,0,0,1,0.35,0,0,0,0,3,1.05,0,0,2,0.7,0,0,0,0,0,0,0,0,0,0,1,0.35,0,0,7,2.44,88,30.66,33,11.5,62,21.6,88,30.66,3,1.05,5,1.74,0,0,0,0,0,0,1,0.35,0,0,0,0,0,0,0,0,22,7.67,4,1.39,3,1.05,15,5.23,109,37.98,0,0,1,0.35,95,33.1,8,2.79,2,0.7,14,4.88,164,57.14,0,0,0,0,0,0,1,0.35,4,1.39,8,2.79,8,2.79,6,2.09,6,2.09,0,0,0,0,1,0.35,672,4
c2q5tjcfoibpalt240qm4j0no,Rafi Rasyiq,R. Rasyiq,Midfielder,Indonesia Under 17,al69z7yp1ipw9pxb8o8jnaq6s,2025-11-15T11:07:46Z,129,1.43,Strikers,st,"rm,st",2,1,1,0.7,0.7,0,0,3,2.1,0,0,0,0,0,0,10,6.99,0,0,0,0,11,7.69,0,0,1,0.7,0,0,0,0,0,0,0,0,1,0.7,0,0,0,0,0,0,1,0.7,40,40,0,0,17,10,6.99,11.89,7,41,41,4.9,28,19.58,3,2.1,6,4.2,1,0.7,0,0,0,0,0,0,3,2.1,0,0,0,0,0,0,0,3,3,2.1,0,0,2.1,0,0,0,0,0,0,0,16,9,6.29,11.19,7,4.9,0,0,0,0,1,0.7,0,0,1,0.7,1,0.7,0,0,0,0,6,4.2,0,0,0,77,77,31,21.68,0,0,0,0,0,0,0,0,0,0,0,0,0,0,0,0,0,0,0,0,5,3.5,0,0,0,0,3,2,1.4,2.1,6,4.2,0,0,0,0,9,6.29,0,0,0,0,0,0,0,0,0,0,0,0,0,0,0,0,1,0.7,0,0,0,0,2,1.4,0,0,2,1.4,1,0.7,0,0,0,0,0,0,2,1.4,0,0,1,0.7,0,0,24,16.78,16,11.19,8,5.59,24,16.78,0,0,1,0.7,1,0.7,0,0,0,0,4,2.8,0,0,0,0,0,0,0,0,0,0,4,2.8,4,2.8,19,13.29,31,21.68,0,0,1,0.7,24,16.78,1,0.7,3,2.1,7,4.9,56,39.16,0,0,1,0.7,1,0.7,3,2.1,0,0,1,0.7,8,5.59,0,0,6,4.2,0,0,0,0,1,0.7,673,17
7gwcjxbzre6by5mx7rmw2qj9w,Eizar Jacob Tanjung,E. Tanjung,Defender,Indonesia Under 17,al69z7yp1ipw9pxb8o8jnaq6s,2025-11-15T11:07:46Z,216,2.4,Full Backs,rb,"rwb,rb,rm",3,5,4,1.67,2.08,1,0.42,3,1.25,0,0,0,0,0,0,9,3.75,0,0,1,0.42,8,3.33,0,0,0,0,0,0,0,0,0,0,0,0,0,0,0,0,0,0,0,0,0,0,0,0,0,0,13,9,3.75,5.42,4,31,31,1.67,28,11.67,1,0.42,22,9.17,0,0,0,0,0,0,0,0,3,1.25,0,0,0,0,0,0,0,7,5,2.08,2,0.83,2.92,0,0,0,0,0,0,0,8,5,2.08,3.33,3,1.25,0,0,0,0,0,0,0,0,1,0.42,0,0,0,0,0,0,16,6.67,0,0,0,72,72,46,19.17,0,0,0,0,0,0,0,0,0,0,0,0,0,0,0,0,0,0,0,0,4,1.67,9,3.75,0,0,3,2,0.83,1.25,7,2.92,0,0,0,0,0,0,0,0,0,0,0,0,0,0,0,0,0,0,0,0,0,0,0,0,0,0,0,0,3,1.25,0,0,2,0.83,0,0,0,0,0,0,0,0,0,0,0,0,0,0,1,0.42,33,13.75,21,8.75,13,5.42,33,13.75,0,0,3,1.25,0,0,4,1.67,17,7.08,0,0,0,0,0,0,0,0,0,0,2,0.83,1,0.42,0,0,21,8.75,47,19.58,0,0,0,0,34,14.17,3,1.25,0,0,13,5.42,85,35.42,0,0,2,0.83,2,0.83,0,0,3,1.25,3,1.25,9,3.75,6,2.5,10,4.17,0,0,0,0,0,0,676,12
567ggoqehrb23ftk1zaj5idjo,Edward Obed Amador Juárez,E. Amador,Midfielder,Honduras Under 17,4jn3ho488kzajzwbjc41069ea,2025-11-15T11:07:46Z,265,2.94,Midfielders,dm,"dm,rwb",2,0,0,0,0,0,0,3,1.02,0,0,0,0,0,0,4,1.36,1,0.34,1,0.34,11,3.74,0,0,3,1.02,0,0,0,0,0,0,0,0,0,0,0,0,0,0,0,0,2,0.68,33,33,0,0,15,10,3.4,5.1,5,33,33,1.7,12,4.08,5,1.7,24,8.16,4,1.36,0,0,0,0,0,0,3,1.02,0,0,0,0,0,0,0,14,12,4.08,2,0.68,4.76,0,0,0,0,0,0,0,15,10,3.4,5.1,5,1.7,0,0,0,0,0,0,0,0,3,1.02,3,1.02,0,0,0,0,8,2.72,0,0,0,63,63,49,16.67,0,0,0,0,0,0,0,0,0,0,0,0,0,0,0,0,0,1,0.34,0,8,2.72,11,3.74,0,0,7,4,1.36,2.38,13,4.42,0,0,0,0,14,4.76,0,0,0,0,0,0,0,0,0,0,0,0,0,0,0,0,2,0.68,0,0,0,0,3,1.02,0,0,2,0.68,0,0,0,0,0,0,0,0,1,0.34,0,0,3,1.02,4,1.36,31,10.54,12,4.08,20,6.8,28,9.52,2,0.68,2,0.68,0,0,1,0.34,5,1.7,4,1.36,1,0.34,0,0,0,0,0,0,9,3.06,5,1.7,0,0,27,9.18,50,17.01,0,0,2,0.68,32,10.88,4,1.36,3,1.02,18,6.12,92,31.29,0,0,0,0,0,0,2,0.68,2,0.68,6,2.04,10,3.4,8,2.72,12,4.08,0,0,0,0,1,0.34,678,6
duw6sg7kjolujphqyubcnzq50,Mike Anderson Arana Melendez,M. Arana,Midfielder,Honduras Under 17,4jn3ho488kzajzwbjc41069ea,2025-11-15T11:07:46Z,184,2.04,Wingers,lm,lm,1,8,4,1.96,3.92,4,1.96,3,1.47,0,0,0,0,0,0,4,1.96,3,1.47,0,0,10,4.9,0,0,1,0.49,0,0,0,0,0,0,2,0.98,0,0,0,0,0,0,0,0,4,1.96,80,80,0,0,23,12,5.88,11.27,11,48,48,5.39,26,12.75,7,3.43,15,7.35,2,0.98,0,0,0,0,0,0,3,1.47,0,0,0,0,0,0,0,10,8,3.92,2,0.98,4.9,0,0,0,0,0,0,0,15,8,3.92,7.35,7,3.43,0,0,0,0,0,0,0,0,0,0,1,0.49,0,0,0,0,9,4.41,0,0,0,76,76,33,16.18,0,0,0,0,0,0,0,0,0,0,0,0,0,0,0,0,0,1,0.49,0,9,4.41,7,3.43,0,0,1,1,0.49,0.49,9,4.41,0,0,0,0,5,2.45,0,0,0,0,0,0,0,0,0,0,0,0,0,0,0,0,2,0.98,0,0,0,0,2,0.98,0,0,1,0.49,1,0.49,1,0.49,1,0.49,0,0,4,1.96,0,0,0,0,1,0.49,25,12.25,19,9.31,7,3.43,24,11.76,0,0,2,0.98,0,0,0,0,0,0,5,2.45,0,0,0,0,0,0,0,0,1,0.49,4,1.96,1,0.49,19,9.31,33,16.18,0,0,2,0.98,25,12.25,2,0.98,5,2.45,8,3.92,64,31.37,1,0.49,2,0.98,1,0.49,1,0.49,1,0.49,2,0.98,6,2.94,4,1.96,6,2.94,0,0,0,0,2,0.98,680,10
5con0sfsyrvucaf2zxw21lxjo,Yeison Basilio Arriola Suazo,Y. Arriola,Midfielder,Honduras Under 17,4jn3ho488kzajzwbjc41069ea,2025-11-15T11:07:46Z,210,2.33,Wingers,rm,"rm,rw",2,4,3,1.29,1.72,1,0.43,3,1.29,0,0,0,0,1,0.43,4,1.72,2,0.86,0,0,14,6.01,0,0,0,0,0,0,0,0,50,50,0,0,1,0.43,0,0,0,0,0,0,4,1.72,12,12,0,0,29,21,9.01,12.45,8,28,28,3.43,21,9.01,1,0.43,8,3.43,3,1.29,0,0,0,0,0,0,3,1.29,0,0,0,0,0,0,1,13,11,4.72,2,0.86,5.58,1,0.43,1,0.43,0,0,0.43,25,18,7.73,10.73,7,3,0,0,0,0,0,0,0,0,0,0,0,0,0,0,0,0,8,3.43,210,0,0,57,57,21,9.01,0,0,1,0.43,0,0,0,0,0,0,0,0,0,0,0,0,0,1,0.43,0,8,3.43,2,0.86,0,0,6,3,1.29,2.58,7,3,0,0,1,0.43,1,0.43,0,0,0,0,0,0,0,0,0,0,0,0,0,0,0,0,1,0.43,1,0.43,2,2,2,0.86,0,0,1,0.43,1,0.43,0,0,1,0.43,1,0.43,1,0.43,0,0,0,0,0,0,12,5.15,5,2.15,8,3.43,12,5.15,1,0.43,2,0.86,0,0,1,0.43,1,0.43,11,4.72,0,0,0,0,0,0,0,0,1,0.43,6,2.58,3,1.29,32,13.73,21,9.01,0,0,2,0.86,12,5.15,3,1.29,4,1.72,9,3.86,66,28.33,0,0,2,0.86,2,0.86,7,3,1,0.43,3,1.29,9,3.86,2,0.86,6,2.58,0,0,0,0,1,0.43,681,17
6e9m8esbqcp4p60br7k69r2fo,David Alexander Flores Ramirez,D. Flores,Forward,Honduras Under 17,4jn3ho488kzajzwbjc41069ea,2025-11-15T11:07:46Z,225,2.5,Midfielders,cm,"st,cm",2,13,5,2,5.2,8,3.2,3,1.2,1,0.4,0,0,1,0.4,16,6.4,1,0.4,0,0,9,3.6,0,0,2,0.8,0,0,0,0,50,50,0,0,1,0.4,0,0,0,0,0,0,3,1.2,83,83,0,0,39,18,7.2,15.6,21,54,54,8.4,39,15.6,3,1.2,13,5.2,3,1.2,0,0,0,0,0,0,3,1.2,1,0.4,0,0,0,0,1,10,9,3.6,1,0.4,4,0,0,1,0.4,0,0,0.4,26,13,5.2,10.4,13,5.2,0,0,1,0.4,0,0,0,0,0,0,1,0.4,0,0,0,0,8,3.2,225,1,0.4,57,57,37,14.8,0,0,0,0,0,0,0,0,0,0,0,0,0,0,0,0,0,1,0.4,0,6,2.4,1,0.4,0,0,3,0,0,1.2,4,1.6,0,0,0,0,7,2.8,0,0,0,0,0,0,0,0,0,0,0,0,0,0,0,0,1,0.4,1,0.4,2,2,2,0.8,0,0,0,0,1,0.4,0,0,0,0,0,0,5,2,0,0,2,0.8,0,0,21,8.4,15,6,13,5.2,28,11.2,1,0.4,1,0.4,0,0,0,0,0,0,4,1.6,0,0,0,0,0,0,1,0.4,2,0.8,7,2.8,6,2.4,31,12.4,44,17.6,0,0,2,0.8,28,11.2,2,0.8,9,3.6,16,6.4,85,34,0,0,1,0.4,1,0.4,1,0.4,2,0.8,4,1.6,12,4.8,5,2,12,4.8,2,0.8,0,0,1,0.4,686,9
cah4w5dnl9goh1on050y6feok,Eliezer Josue Fuentes Rios,E. Fuentes,Goalkeeper,Honduras Under 17,4jn3ho488kzajzwbjc41069ea,2025-11-15T11:07:46Z,90,1,Goalkeepers,gk,gk,1,1,0,0,1,1,1,1,1,0,0,0,0,0,0,0,0,0,0,0,0,2,2,1,1,0,0,0,0,0,0,0,0,0,0,0,0,0,0,0,0,0,0,0,0,0,0,0,0,1,0,0,1,1,100,100,1,0,0,1,1,22,22,0,0,0,0,9,9,5,5,1,1,0,0,14,14,0,0,0,7,6,6,1,1,7,0,0,0,0,0,0,0,0,0,0,0,0,0,0,0,0,0,0,0,0,0,0,0,0,0,0,0,0,0,3,3,0,0,0,67,67,9,9,0,0,0,0,0,0,0,0,0,0,0,0,0,0,0,0,0,0,0,0,1,1,8,8,2,2,0,0,0,0,4,4,0,0,0,0,4,4,4,1,1,2,2,4,0,0,0,0,2,2,0,0,0,0,0,0,0,0,0,0,1,1,0,0,0,0,0,0,0,0,0,0,0,0,0,0,1,1,0,0,9,9,6,6,6,6,12,12,9,9,0,0,0,0,0,0,0,0,0,0,0,0,0,0,0,0,1,1,0,0,2,2,0,0,0,0,12,12,29,29,0,0,0,0,18,18,0,0,0,0,11,11,37,37,0,0,0,0,0,0,0,0,4,4,11,11,9,9,2,2,0,0,0,0,0,0,0,0,687,1
hl8hw106glgoouqnpug3reok,Enmanuel Edgardo Martín Fugon,E. Martín,Defender,Honduras Under 17,4jn3ho488kzajzwbjc41069ea,2025-11-15T11:07:46Z,270,3,Center Backs,cb,"cb,rb",2,8,5,1.67,2.67,3,1,3,1,0,0,0,0,0,0,3,1,1,0.33,2,0.67,11,3.67,0,0,1,0.33,0,0,0,0,0,0,0,0,0,0,0,0,0,0,0,0,0,0,67,67,0,0,26,14,4.67,8.67,12,46,46,4,7,2.33,5,1.67,47,15.67,1,0.33,0,0,0,0,1,0.33,3,1,0,0,1,0.33,0,0,0,14,12,4,2,0.67,4.67,0,0,0,0,0,0,0,18,9,3,6,9,3,0,0,0,0,0,0,0,0,2,0.67,1,0.33,0,0,0,0,7,2.33,0,0,0,55,55,53,17.67,0,0,0,0,0,0,0,0,0,0,0,0,0,0,0,0,0,1,0.33,0,6,2,10,3.33,0,0,5,1,0.33,1.67,5,1.67,0,0,0,0,5,1.67,0,0,0,0,0,0,0,0,0,0,0,0,0,0,0,0,0,0,0,0,0,0,3,1,0,0,0,0,0,0,0,0,0,0,0,0,2,0.67,2,0.67,0,0,9,3,29,9.67,16,5.33,18,6,25,8.33,5,1.67,1,0.33,0,0,3,1,5,1.67,1,0.33,0,0,0,0,1,0.33,0,0,14,4.67,2,0.67,1,0.33,38,12.67,62,20.67,0,0,0,0,34,11.33,6,2,3,1,28,9.33,109,36.33,0,0,3,1,1,0.33,1,0.33,8,2.67,17,5.67,21,7,10,3.33,11,3.67,0,0,0,0,1,0.33,688,3
9gtr1j0ndjd9rzn7gx3p2tl3o,Osmel Andres Medina Diaz,O. Medina,Defender,Honduras Under 17,4jn3ho488kzajzwbjc41069ea,2025-11-15T11:07:46Z,207,2.3,Center Backs,cb,cb,1,6,2,0.87,2.61,4,1.74,3,1.3,0,0,0,0,0,0,3,1.3,0,0,2,0.87,5,2.17,0,0,0,0,0,0,0,0,0,0,0,0,0,0,0,0,0,0,0,0,2,0.87,0,0,0,0,11,4,1.74,4.78,7,64,64,3.04,5,2.17,4,1.74,15,6.52,0,0,0,0,0,0,0,0,3,1.3,0,0,0,0,0,0,0,11,9,3.91,2,0.87,4.78,0,0,0,0,0,0,0,5,2,0.87,2.17,3,1.3,0,0,0,0,0,0,0,0,2,0.87,0,0,0,0,0,0,10,4.35,0,0,0,75,75,32,13.91,0,0,0,0,0,0,0,0,0,0,0,0,0,0,0,0,0,1,0.43,0,2,0.87,3,1.3,0,0,0,0,0,0,2,0.87,0,0,0,0,6,2.61,0,0,0,0,0,0,0,0,0,0,0,0,0,0,0,0,1,0.43,0,0,0,0,2,0.87,0,0,0,0,1,0.43,0,0,0,0,0,0,0,0,1,0.43,0,0,5,2.17,24,10.43,9,3.91,16,6.96,20,8.7,2,0.87,0,0,0,0,0,0,0,0,2,0.87,0,0,0,0,0,0,0,0,19,8.26,1,0.43,1,0.43,12,5.22,34,14.78,0,0,1,0.43,25,10.87,2,0.87,4,1.74,9,3.91,72,31.3,0,0,0,0,0,0,0,0,5,2.17,8,3.48,6,2.61,3,1.3,1,0.43,0,0,0,0,0,0,689,4
3lrjsmodnjcle5x3s31211h5g,Yensel Alexandro Morales Trujillo,Y. Morales,Defender,Honduras Under 17,4jn3ho488kzajzwbjc41069ea,2025-11-15T11:07:46Z,90,1,Full Backs,rb,rb,1,4,1,1,4,3,3,1,1,0,0,0,0,0,0,2,2,0,0,2,2,4,4,0,0,0,0,0,0,0,0,0,0,0,0,0,0,0,0,0,0,0,0,1,1,0,0,0,0,13,7,7,13,6,46,46,6,6,6,6,6,14,14,0,0,0,0,0,0,0,0,1,1,0,0,0,0,0,0,0,7,6,6,1,1,7,0,0,0,0,0,0,0,9,6,6,9,3,3,0,0,0,0,0,0,0,0,0,0,0,0,0,0,0,0,6,6,0,0,0,59,59,22,22,0,0,0,0,0,0,0,0,0,0,0,0,0,0,0,0,0,0,0,0,1,1,3,3,0,0,2,2,2,2,2,2,0,0,0,0,1,1,0,0,0,0,0,0,0,0,0,0,0,0,0,0,0,0,0,0,0,0,0,0,1,1,0,0,0,0,0,0,0,0,0,0,0,0,0,0,0,0,0,0,1,1,13,13,4,4,10,10,13,13,1,1,2,2,0,0,6,6,7,7,1,1,0,0,0,0,0,0,0,0,2,2,3,3,0,0,18,18,23,23,0,0,0,0,14,14,3,3,0,0,9,9,48,48,0,0,1,1,1,1,0,0,0,0,0,0,4,4,6,6,9,9,0,0,0,0,0,0,690,2
447poasbn7gac9oetatj67qxg,Darell Yasiel Oliva Garcia,D. Oliva,Midfielder,Honduras Under 17,4jn3ho488kzajzwbjc41069ea,2025-11-15T11:07:46Z,224,2.49,Full Backs,lwb,"lb,lwb",2,5,2,0.8,2.01,3,1.2,3,1.2,1,0.4,1,0.4,0,0,6,2.41,0,0,0,0,6,2.41,0,0,4,1.61,0,0,0,0,0,0,1,0.4,0,0,0,0,0,0,0,0,1,0.4,100,100,0,0,25,10,4.02,10.04,15,60,60,6.02,19,7.63,7,2.81,20,8.03,3,1.2,0,0,0,0,0,0,3,1.2,1,0.4,0,0,0,0,0,10,9,3.61,1,0.4,4.02,0,0,0,0,0,0,0,20,8,3.21,8.03,12,4.82,0,0,0,0,0,0,0,0,3,1.2,3,1.2,0,0,0,0,2,0.8,0,0,0,58,58,33,13.25,0,0,1,0.4,0,0,1,0.4,0,0,0,0,0,0,0,0,0,1,0.4,0,3,1.2,11,4.42,0,0,5,3,1.2,2.01,8,3.21,0,0,0,0,6,2.41,0,0,0,0,0,0,0,0,0,0,0,0,0,0,0,0,0,0,1,0.4,0,0,2,0.8,0,0,1,0.4,1,0.4,0,0,2,0.8,0,0,1,0.4,0,0,0,0,0,0,19,7.63,8,3.21,13,5.22,19,7.63,3,1.2,5,2.01,0,0,19,7.63,13,5.22,1,0.4,1,0.4,0,0,0,0,0,0,16,6.43,3,1.2,3,1.2,47,18.88,34,13.65,0,0,1,0.4,19,7.63,8,3.21,0,0,15,6.02,121,48.59,1,0.4,5,2.01,4,1.61,0,0,5,2.01,5,2.01,13,5.22,7,2.81,10,4.02,0,0,0,0,0,0,691,14
e2t3udl1a6fvv40d2q95skxec,Yochua Osmany Palacios Chimillo,Y. Palacios,Midfielder,Honduras Under 17,4jn3ho488kzajzwbjc41069ea,2025-11-15T11:07:46Z,247,2.74,Midfielders,cm,"cb,cm",2,10,5,1.82,3.65,5,1.82,3,1.09,0,0,0,0,0,0,4,1.46,0,0,5,1.82,6,2.19,0,0,0,0,0,0,0,0,0,0,0,0,0,0,0,0,0,0,0,0,0,0,100,100,0,0,21,8,2.92,7.66,13,62,62,4.74,8,2.92,3,1.09,26,9.49,0,0,0,0,2,0.73,0,0,3,1.09,0,0,2,0.73,0,0,0,11,10,3.65,1,0.36,4.01,0,0,0,0,0,0,0,11,3,1.09,4.01,8,2.92,0,0,0,0,0,0,0,0,3,1.09,0,0,0,0,0,0,7,2.55,0,0,0,57,57,44,16.06,0,0,1,0.36,0,0,0,0,0,0,0,0,0,0,0,0,0,1,0.36,0,3,1.09,1,0.36,0,0,3,2,0.73,1.09,6,2.19,0,0,0,0,12,4.38,0,0,0,0,0,0,0,0,0,0,0,0,0,0,0,0,1,0.36,0,0,0,0,2,0.73,0,0,0,0,1,0.36,0,0,0,0,0,0,1,0.36,2,0.73,0,0,6,2.19,25,9.12,12,4.38,16,5.84,22,8.03,2,0.73,5,1.82,1,0.36,0,0,0,0,0,0,0,0,0,0,0,0,0,0,15,5.47,0,0,0,0,27,9.85,49,17.88,0,0,1,0.36,28,10.22,7,2.55,1,0.36,21,7.66,91,33.21,0,0,0,0,0,0,0,0,7,2.55,10,3.65,14,5.11,7,2.55,11,4.01,0,0,0,0,0,0,693,13
21tv45ottfhadmu7pok3m83kk,Marco Antonio Reyes Díaz,M. Reyes,Forward,Honduras Under 17,4jn3ho488kzajzwbjc41069ea,2025-11-15T11:07:46Z,105,1.17,Wingers,rm,"st,rm",2,3,2,1.71,2.56,1,0.85,3,2.56,0,0,0,0,0,0,8,6.84,0,0,1,0.85,5,4.27,0,0,0,0,0,0,0,0,0,0,0,0,0,0,0,0,0,0,0,0,5,4.27,0,0,0,0,14,8,6.84,11.97,6,43,43,5.13,10,8.55,0,0,7,5.98,0,0,0,0,0,0,0,0,3,2.56,0,0,0,0,0,0,0,5,4,3.42,1,0.85,4.27,0,0,0,0,0,0,0,11,6,5.13,9.4,5,4.27,0,0,0,0,0,0,0,0,1,0.85,0,0,0,0,0,0,3,2.56,0,1,0.85,47,47,17,14.53,0,0,0,0,0,0,0,0,0,0,0,0,0,0,0,0,0,0,0,0,2,1.71,2,1.71,0,0,2,0,0,1.71,4,3.42,0,0,0,0,4,3.42,0,0,0,0,0,0,0,0,0,0,0,0,0,0,0,0,0,0,0,0,0,0,2,1.71,0,0,2,1.71,1,0.85,0,0,0,0,0,0,0,0,0,0,1,0.85,2,1.71,8,6.84,5,4.27,8,6.84,11,9.4,2,1.71,2,1.71,0,0,0,0,0,0,5,4.27,0,0,0,0,0,0,0,0,2,1.71,0,0,1,0.85,18,15.38,22,18.8,0,0,0,0,13,11.11,4,3.42,0,0,9,7.69,41,35.04,0,0,1,0.85,1,0.85,0,0,0,0,0,0,7,5.98,3,2.56,9,7.69,0,0,0,0,0,0,694,11
e6a7gnn9wd0tobfwi6kv8v384,Luis Gabriel Suazo Secchi,L. Suazo,Forward,Honduras Under 17,4jn3ho488kzajzwbjc41069ea,2025-11-15T11:07:46Z,165,1.83,Strikers,st,"lw,st",2,0,0,0,0,0,0,2,1.09,0,0,0,0,0,0,3,1.64,1,0.55,0,0,25,13.66,0,0,2,1.09,0,0,0,0,33,33,0,0,1,0.55,0,0,0,0,0,0,5,2.73,53,53,0,0,35,19,10.38,19.13,16,46,46,8.74,33,18.03,0,0,6,3.28,0,0,0,0,0,0,0,0,2,1.09,0,0,0,0,0,0,1,6,5,2.73,1,0.55,3.28,0,0,1,0.55,0,0,0.55,35,19,10.38,19.13,16,8.74,0,0,0,0,0,0,1,0.55,0,0,2,1.09,0,0,0,0,1,0.55,165,0,0,50,50,10,5.46,0,0,2,1.09,0,0,0,0,0,0,0,0,0,0,1,0.55,1,1,0.55,0.55,19,10.38,3,1.64,0,0,3,1,0.55,1.64,9,4.92,0,0,1,0.55,4,2.19,0,0,0,0,0,0,0,0,0,0,0,0,0,0,0,0,1,0.55,2,1.09,3,3,2,1.09,0,0,1,0.55,0,0,0,0,1,0.55,1,0.55,8,4.37,0,0,0,0,0,0,5,2.73,6,3.28,3,1.64,8,4.37,0,0,3,1.64,0,0,0,0,0,0,12,6.56,0,0,0,0,0,0,1,0.55,0,0,4,2.19,5,2.73,35,19.13,14,7.65,0,0,3,1.64,8,4.37,3,1.64,6,3.28,6,3.28,69,37.7,0,0,3,1.64,3,1.64,7,3.83,0,0,1,0.55,5,2.73,4,2.19,5,2.73,0,0,0,0,0,0,695,7
xfj0d179s4s2bk4k6v7mwbv8,Noel Eduardo Valladares Carrasco,N. Valladares,Goalkeeper,Honduras Under 17,4jn3ho488kzajzwbjc41069ea,2025-11-15T11:07:46Z,180,2,Goalkeepers,gk,gk,1,0,0,0,0,0,0,2,1,0,0,0,0,0,0,0,0,0,0,0,0,0,0,0,0,0,0,0,0,0,0,0,0,0,0,0,0,0,0,0,0,0,0,0,0,0,0,0,0,1,0,0,0.5,1,100,100,0.5,0,0,3,1.5,33,16.5,0,0,0,0,25,12.5,10,5,2,1,0,0,28,14,1,0.5,0,7,6,3,1,0.5,3.5,0,0,0,0,0,0,0,1,0,0,0.5,1,0.5,0,0,0,0,0,0,0,0,0,0,0,0,0,0,0,0,3,1.5,0,0,0,67,67,6,3,0,0,0,0,0,0,0,0,1,0.5,0,0,0,0,0,0,0,1,0.5,0,0,0,9,4.5,0,0,0,0,0,0,13,6.5,0,0,0,0,8,4,13,8,4,5,2.5,6.5,0,0,0,0,2,1,0,0,0,0,0,0,0,0,0,0,2,1,0,0,0,0,0,0,0,0,0,0,0,0,0,0,3,1.5,0,0,12,6,4,2,11,5.5,16,8,15,7.5,0,0,1,0.5,0,0,0,0,0,0,0,0,0,0,0,0,2,1,0,0,6,3,0,0,0,0,18,9,44,22,0,0,0,0,27,13.5,1,0.5,0,0,17,8.5,72,36,0,0,0,0,0,0,0,0,4,2,16,8,15,7.5,2,1,1,0.5,0,0,0,0,0,0,696,12
9h1ectik7qznn0ys5t7ex4q38,Alexander Ismael Álvarez Montalvan,A. Álvarez,Midfielder,Honduras Under 17,4jn3ho488kzajzwbjc41069ea,2025-11-15T11:07:46Z,157,1.74,Midfielders,cm,cm,1,5,2,1.15,2.87,3,1.72,2,1.15,0,0,0,0,0,0,4,2.3,0,0,1,0.57,3,1.72,0,0,2,1.15,0,0,0,0,0,0,0,0,0,0,0,0,0,0,0,0,2,1.15,50,50,0,0,21,12,6.9,12.07,9,43,43,5.17,8,4.6,2,1.15,14,8.05,1,0.57,0,0,0,0,0,0,2,1.15,0,0,0,0,0,0,0,9,9,5.17,0,0,5.17,0,0,0,0,0,0,0,16,10,5.75,9.2,6,3.45,0,0,0,0,0,0,0,0,3,1.72,2,1.15,0,0,0,0,6,3.45,0,0,0,71,71,31,17.82,0,0,0,0,0,0,0,0,0,0,0,0,0,0,0,0,0,0,0,0,1,0.57,5,2.87,0,0,1,1,0.57,0.57,9,5.17,0,0,0,0,7,4.02,0,0,0,0,0,0,0,0,0,0,0,0,0,0,0,0,0,0,1,0.57,0,0,1,0.57,0,0,0,0,1,0.57,0,0,1,0.57,1,0.57,1,0.57,0,0,0,0,2,1.15,22,12.64,13,7.47,10,5.75,20,11.49,1,0.57,2,1.15,0,0,0,0,0,0,3,1.72,0,0,1,0.57,0,0,0,0,3,1.72,5,2.87,2,1.15,16,9.2,31,17.82,0,0,1,0.57,22,12.64,3,1.72,0,0,9,5.17,55,31.61,0,0,0,0,0,0,1,0.57,1,0.57,3,1.72,5,2.87,4,2.3,6,3.45,0,0,0,0,2,1.15,698,20
e0pkyzm6eqzlrxme33k7dwgt0,Chase Mesner Adams,C. Adams,Forward,United States Under 17,x1zdh3b7nwu0ql0uc5tgic9e,2025-11-17T19:04:55Z,90,1,Strikers,st,st,1,1,0,0,1,1,1,2,2,0,0,0,0,0,0,10,10,1,1,0,0,4,4,0,0,1,1,0,0,0,0,0,0,0,0,2,2,0,0,0,0,0,0,1,1,0,0,0,0,4,2,2,4,2,50,50,2,16,16,1,1,2,2,0,0,0,0,0,0,0,0,2,2,0,0,0,0,0,0,0,2,2,2,0,0,2,0,0,0,0,0,0,0,3,2,2,3,1,1,0,0,0,0,0,0,0,0,0,0,1,1,0,0,0,0,3,3,0,1,1,60,60,15,15,0,0,2,2,0,0,0,0,0,0,0,0,0,0,0,0,0,0,0,0,2,2,0,0,0,0,1,1,1,1,0,0,0,0,0,0,3,3,0,0,0,0,0,0,0,0,0,0,0,0,0,0,0,0,1,1,3,3,0,0,1,1,0,0,1,1,1,1,0,0,0,0,0,0,0,0,0,0,1,1,0,0,9,9,8,8,4,4,12,12,0,0,0,0,0,0,0,0,0,0,2,2,0,0,3,3,0,0,0,0,0,0,0,0,1,1,14,14,18,18,0,0,4,4,12,12,0,0,7,7,6,6,33,33,0,0,0,0,0,0,1,1,0,0,0,0,6,6,0,0,6,6,1,1,0,0,0,0,699,9
l3z6ny1teb2ukdgaggqdnspg,Mathis Albert,M. Albert,Forward,United States Under 17,x1zdh3b7nwu0ql0uc5tgic9e,2025-11-17T19:04:55Z,296,3.29,Wingers,lw,"lw,lm",2,6,4,1.22,1.82,2,0.61,4,1.22,0,0,1,0.3,1,0.3,25,7.6,6,1.82,0,0,76,23.1,0,0,6,1.82,1,0.3,0,0,17,17,13,3.95,10,3.04,0,0,0,0,0,0,3,0.91,35,35,0,0,47,25,7.6,14.29,22,47,47,6.69,120,36.47,6,1.82,30,9.12,1,0.3,1,0.3,0,0,0,0,4,1.22,0,0,0,0,0,0,1,2,2,0.61,0,0,0.61,1,0.3,1,0.3,0,0,0.3,41,21,6.38,12.46,20,6.08,0,0,0,0,0,0,0,0,5,1.52,6,1.82,0,0,0,0,6,1.82,296,0,0,78,78,102,31,0,0,0,0,0,0,0,0,0,0,1,0.3,0,0,1,0.3,0,0,0,0,40,12.16,8,2.43,0,0,11,4,1.22,3.34,15,4.56,0,0,1,0.3,44,13.37,0,0,0,0,0,0,0,0,0,0,0,0,0,0,0,0,4,1.22,2,0.61,6,6,3,0.91,0,0,1,0.3,1,0.3,0,0,1,0.3,0,0,7,2.13,0,0,1,0.3,2,0.61,80,24.32,58,17.63,26,7.9,81,24.62,2,0.61,2,0.61,1,0.3,0,0,2,0.61,16,4.86,1,0.3,2,0.61,0,0,1,0.3,2,0.61,2,0.61,9,2.74,74,22.49,105,31.91,0,0,6,1.82,83,25.23,4,1.22,30,9.12,22,6.69,208,63.22,12,3.65,23,6.99,9,2.74,13,3.95,1,0.3,1,0.3,43,13.07,2,0.61,21,6.38,0,0,1,0.3,1,0.3,700,11
9ohy24mxhsqao5kymh0lbxxck,Nimfasha Berchimas,N. Berchimas,Forward,United States Under 17,x1zdh3b7nwu0ql0uc5tgic9e,2025-11-17T19:04:55Z,258,2.87,Wingers,rw,"rw,rm",2,1,0,0,0.35,1,0.35,4,1.39,0,0,0,0,0,0,19,6.62,2,0.7,1,0.35,58,20.21,0,0,2,0.7,0,0,0,0,25,25,0,0,2,0.7,0,0,0,0,0,0,7,2.44,44,44,0,0,36,23,8.01,12.54,13,36,36,4.53,85,29.62,4,1.39,26,9.06,0,0,1,0.35,0,0,0,0,4,1.39,0,0,0,0,0,0,1,1,1,0.35,0,0,0.35,0,0,1,0.35,0,0,0.35,35,23,8.01,12.2,12,4.18,1,0.35,1,0.35,0,0,1,0.35,5,1.74,2,0.7,0,0,0,0,31,10.8,258,0,0,75,75,81,28.22,0,0,2,0.7,0,0,0,0,0,0,0,0,0,0,0,0,0,0,0,0,23,8.01,11,3.83,0,0,7,4,1.39,2.44,9,3.14,0,0,0,0,5,1.74,0,0,0,0,0,0,0,0,0,0,0,0,0,0,0,0,0,0,4,1.39,4,4,3,1.05,0,0,3,1.05,1,0.35,0,0,1,0.35,1,0.35,8,2.79,0,0,1,0.35,3,1.05,61,21.25,48,16.72,14,4.88,58,20.21,0,0,2,0.7,0,0,0,0,1,0.35,17,5.92,1,0.35,0,0,0,0,1,0.35,0,0,4,1.39,2,0.7,52,18.12,81,28.22,0,0,4,1.39,61,21.25,2,0.7,15,5.23,20,6.97,150,52.26,0,0,4,1.39,4,1.39,10,3.48,0,0,1,0.35,21,7.32,3,1.05,19,6.62,0,0,0,0,0,0,702,7
cwyml9l4tfvb4ceh8tv3au0wk,Máximo Augusto Carrizo Ballesteros,M. Carrizo,Midfielder,United States Under 17,x1zdh3b7nwu0ql0uc5tgic9e,2025-11-17T19:04:55Z,185,2.06,Midfielders,cm,cm,1,10,7,3.4,4.85,3,1.46,4,1.94,1,0.49,0,0,0,0,16,7.77,1,0.49,0,0,24,11.65,0,0,4,1.94,1,0.49,0,0,0,0,1,0.49,1,0.49,0,0,0,0,0,0,1,0.49,100,100,0,0,25,16,7.77,12.14,9,36,36,4.37,35,16.99,10,4.85,25,12.14,2,0.97,0,0,0,0,0,0,4,1.94,1,0.49,0,0,0,0,0,1,1,0.49,0,0,0.49,0,0,0,0,0,0,0,15,9,4.37,7.28,6,2.91,0,0,0,0,0,0,0,0,0,0,3,1.46,0,0,0,0,15,7.28,0,0,0,84,84,70,33.98,0,0,0,0,0,0,0,0,0,0,0,0,0,0,0,0,0,0,0,0,12,5.83,4,1.94,0,0,5,3,1.46,2.43,8,3.88,0,0,0,0,18,8.74,0,0,0,0,0,0,0,0,0,0,0,0,0,0,0,0,1,0.49,2,0.97,0,0,2,0.97,0,0,1,0.49,2,0.97,0,0,0,0,0,0,2,0.97,0,0,5,2.43,1,0.49,59,28.64,37,17.96,26,12.62,62,30.1,1,0.49,2,0.97,0,0,0,0,2,0.97,1,0.49,2,0.97,0,0,0,0,0,0,2,0.97,5,2.43,1,0.49,22,10.68,74,35.92,0,0,3,1.46,63,30.58,3,1.46,8,3.88,11,5.34,109,52.91,1,0.49,5,2.43,4,1.94,0,0,1,0.49,1,0.49,14,6.8,2,0.97,10,4.85,0,0,0,0,1,0.49,703,10
b3xoqrbmua9uzr0tw8kmnw9as,Christopher John Cupps,C. Cupps,Defender,United States Under 17,x1zdh3b7nwu0ql0uc5tgic9e,2025-11-17T19:04:55Z,360,4,Center Backs,cb,cb,1,9,2,0.5,2.25,7,1.75,4,1,0,0,0,0,0,0,14,3.5,0,0,4,1,64,16,0,0,1,0.25,2,0.5,0,0,0,0,0,0,0,0,0,0,0,0,0,0,0,0,0,0,0,0,16,5,1.25,4,11,69,69,2.75,1,0.25,15,3.75,73,18.25,0,0,0,0,0,0,0,0,4,1,0,0,0,0,0,0,0,2,2,0.5,0,0,0.5,0,0,0,0,0,0,0,7,3,0.75,1.75,4,1,0,0,0,0,0,0,0,0,4,1,1,0.25,0,0,0,0,125,31.25,0,0,0,91,91,266,66.5,0,0,0,0,0,0,0,0,0,0,0,0,0,0,0,0,0,0,0,0,31,7.75,15,3.75,0,0,3,2,0.5,0.75,11,2.75,0,0,0,0,60,15,0,0,0,0,0,0,0,0,0,0,0,0,0,0,0,0,0,0,0,0,0,0,4,1,0,0,0,0,0,0,0,0,0,0,0,0,0,0,3,0.75,0,0,15,3.75,242,60.5,49,12.25,198,49.5,232,58,3,0.75,1,0.25,0,0,0,0,1,0.25,1,0.25,0,0,0,0,1,0.25,0,0,27,6.75,1,0.25,0,0,27,6.75,272,68,0,0,0,0,247,61.75,4,1,1,0.25,25,6.25,323,80.75,0,0,0,0,0,0,1,0.25,12,3,14,3.5,20,5,5,1.25,11,2.75,0,0,0,0,0,0,705,4
dkkg923101zraafj7la0j8cus,Jordan Romaine Griffin,J. Griffin,Defender,United States Under 17,x1zdh3b7nwu0ql0uc5tgic9e,2025-11-17T19:04:55Z,70,0.78,Full Backs,lb,lb,1,0,0,0,0,0,0,1,1.28,0,0,0,0,0,0,5,6.41,0,0,0,0,10,12.82,0,0,0,0,0,0,0,0,0,0,0,0,0,0,0,0,0,0,0,0,0,0,0,0,0,0,1,0,0,1.28,1,100,100,1.28,1,1.28,4,5.13,12,15.38,0,0,0,0,0,0,0,0,1,1.28,0,0,0,0,0,0,0,0,0,0,0,0,0,0,0,0,0,0,0,0,1,0,0,1.28,1,1.28,0,0,0,0,0,0,0,0,0,0,0,0,0,0,0,0,2,2.56,0,0,0,84,84,31,39.74,0,0,0,0,0,0,0,0,0,0,0,0,0,0,0,0,0,0,0,0,5,6.41,0,0,0,0,3,0,0,3.85,1,1.28,0,0,0,0,12,15.38,0,0,0,0,0,0,0,0,0,0,0,0,0,0,0,0,0,0,0,0,0,0,1,1.28,0,0,1,1.28,0,0,0,0,0,0,0,0,0,0,0,0,0,0,1,1.28,26,33.33,9,11.54,17,21.79,25,32.05,0,0,1,1.28,0,0,3,3.85,1,1.28,0,0,0,0,0,0,0,0,0,0,3,3.85,0,0,0,0,9,11.54,31,39.74,0,0,0,0,26,33.33,1,1.28,0,0,5,6.41,41,52.56,0,0,0,0,0,0,0,0,3,3.85,4,5.13,2,2.56,3,3.85,1,1.28,0,0,0,0,0,0,709,14
ersabc33m0ihy01uxccpnon4k,Pedro Viana Guimaraes,P. Guimaraes,Defender,United States Under 17,x1zdh3b7nwu0ql0uc5tgic9e,2025-11-17T19:04:55Z,270,3,Full Backs,lb,lb,1,16,7,2.33,5.33,9,3,3,1,0,0,0,0,0,0,30,10,0,0,0,0,50,16.67,0,0,1,0.33,1,0.33,0,0,0,0,0,0,0,0,0,0,0,0,0,0,1,0.33,0,0,0,0,37,16,5.33,12.33,21,57,57,7,43,14.33,32,10.67,65,21.67,1,0.33,0,0,0,0,0,0,3,1,0,0,0,0,0,0,0,2,2,0.67,0,0,0.67,0,0,0,0,0,0,0,21,9,3,7,12,4,1,0.33,0,0,0,0,0,0,6,2,1,0.33,0,0,0,0,15,5,0,0,0,90,90,182,60.67,0,0,0,0,0,0,0,0,0,0,0,0,0,0,0,0,0,0,0,0,28,9.33,13,4.33,0,0,2,2,0.67,0.67,12,4,0,0,0,0,76,25.33,0,0,0,0,0,0,0,0,0,0,0,0,0,0,0,0,1,0.33,0,0,0,0,3,1,0,0,0,0,0,0,0,0,1,0.33,1,0.33,0,0,1,0.33,0,0,13,4.33,164,54.67,88,29.33,81,27,155,51.67,4,1.33,6,2,0,0,5,1.67,18,6,1,0.33,1,0.33,0,0,0,0,0,0,17,5.67,4,1.33,2,0.67,32,10.67,186,62,0,0,1,0.33,168,56,10,3.33,1,0.33,18,6,259,86.33,0,0,1,0.33,1,0.33,0,0,2,0.67,3,1,12,4,7,2.33,15,5,0,0,0,0,1,0.33,710,3
8y7kqet5swj9dmqama0z5ngus,Julian Zakrzewski Hall,J. Hall,Forward,United States Under 17,x1zdh3b7nwu0ql0uc5tgic9e,2025-11-17T19:04:55Z,264,2.93,Strikers,st,st,1,13,8,2.73,4.44,5,1.71,3,1.02,0,0,0,0,0,0,17,5.8,0,0,0,0,25,8.53,0,0,4,1.37,2,0.68,0,0,0,0,0,0,1,0.34,0,0,0,0,0,0,4,1.37,50,50,0,0,37,22,7.51,12.63,15,41,41,5.12,45,15.36,4,1.37,12,4.1,0,0,0,0,0,0,0,0,3,1.02,0,0,0,0,0,0,0,0,0,0,0,0,0,0,0,0,0,0,0,0,24,14,4.78,8.19,10,3.41,1,0.34,0,0,0,0,0,0,3,1.02,4,1.37,0,0,0,0,10,3.41,0,1,0.34,79,79,48,16.38,0,0,0,0,0,0,0,0,0,0,0,0,0,0,0,0,0,0,0,0,10,3.41,3,1.02,0,0,2,0,0,0.68,3,1.02,0,0,0,0,10,3.41,0,0,0,0,0,0,0,0,0,0,0,0,0,0,0,0,2,0.68,3,1.02,0,0,3,1.02,0,0,1,0.34,0,0,0,0,0,0,0,0,6,2.05,0,0,6,2.05,1,0.34,38,12.97,27,9.22,12,4.1,38,12.97,0,0,0,0,0,0,0,0,0,0,10,3.41,0,0,1,0.34,0,0,0,0,4,1.37,5,1.71,4,1.37,31,10.58,49,16.72,0,0,5,1.71,39,13.31,0,0,11,3.75,10,3.41,97,33.11,0,0,0,0,0,0,6,2.05,0,0,0,0,7,2.39,3,1.02,10,3.41,1,0.34,0,0,1,0.34,711,16
ece6sffb02drwz4brwndn0rh0,Ramiz Khalil Hamouda,R. Hamouda,Defender,United States Under 17,x1zdh3b7nwu0ql0uc5tgic9e,2025-11-17T19:04:55Z,146,1.62,Center Backs,cb,cb,1,10,2,1.23,6.17,8,4.94,2,1.23,0,0,0,0,0,0,5,3.09,1,0.62,0,0,47,29.01,0,0,2,1.23,0,0,0,0,0,0,0,0,0,0,0,0,0,0,0,0,0,0,100,100,0,0,13,4,2.47,8.02,9,69,69,5.56,6,3.7,16,9.88,55,33.95,0,0,0,0,0,0,0,0,2,1.23,0,0,0,0,0,0,0,1,1,0.62,0,0,0.62,0,0,0,0,0,0,0,3,2,1.23,1.85,1,0.62,0,0,0,0,0,0,0,0,5,3.09,2,1.23,0,0,0,0,37,22.84,0,0,0,91,91,171,105.56,0,0,0,0,0,0,0,0,0,0,0,0,0,0,0,0,0,0,0,0,32,19.75,8,4.94,0,0,0,0,0,0,6,3.7,0,0,0,0,74,45.68,0,0,0,0,0,0,0,0,0,0,0,0,0,0,0,0,0,0,0,0,0,0,2,1.23,0,0,2,1.23,0,0,0,0,0,0,0,0,1,0.62,1,0.62,0,0,10,6.17,156,96.3,51,31.48,105,64.81,146,90.12,0,0,0,0,0,0,0,0,0,0,0,0,0,0,0,0,0,0,0,0,6,3.7,2,1.23,0,0,16,9.88,171,105.56,0,0,0,0,156,96.3,0,0,4,2.47,15,9.26,186,114.81,0,0,0,0,0,0,0,0,1,0.62,3,1.85,10,6.17,5,3.09,12,7.41,0,0,0,0,0,0,712,5
sqm6jwnogmzp7u7rsv3rtel0,Jamir Cordell Johnson,J. Johnson,Defender,United States Under 17,x1zdh3b7nwu0ql0uc5tgic9e,2025-11-17T19:04:55Z,64,0.71,Wingers,lm,lm,1,2,1,1.41,2.82,1,1.41,2,2.82,0,0,0,0,0,0,8,11.27,0,0,0,0,9,12.68,0,0,1,1.41,0,0,0,0,0,0,0,0,0,0,0,0,0,0,0,0,0,0,0,0,0,0,8,5,7.04,11.27,3,38,38,4.23,18,25.35,0,0,4,5.63,0,0,0,0,0,0,0,0,2,2.82,0,0,0,0,0,0,0,0,0,0,0,0,0,0,0,0,0,0,0,0,6,4,5.63,8.45,2,2.82,0,0,0,0,1,1.41,0,0,0,0,1,1.41,0,0,0,0,0,0,0,0,0,75,75,20,28.17,0,0,0,0,0,0,0,0,0,0,0,0,0,0,0,0,0,0,0,0,6,8.45,3,4.23,0,0,0,0,0,0,2,2.82,0,0,0,0,8,11.27,0,0,0,0,0,0,0,0,0,0,0,0,0,0,0,0,2,2.82,0,0,0,0,1,1.41,0,0,1,1.41,1,1.41,0,0,0,0,0,0,0,0,0,0,1,1.41,3,4.23,15,21.13,12,16.9,3,4.23,12,16.9,0,0,2,2.82,0,0,0,0,0,0,0,0,0,0,0,0,0,0,0,0,2,2.82,0,0,0,0,10,14.08,20,28.17,0,0,2,2.82,15,21.13,2,2.82,3,4.23,5,7.04,32,45.07,0,0,0,0,0,0,0,0,1,1.41,1,1.41,4,5.63,1,1.41,4,5.63,0,0,0,0,0,0,715,17
1k1vw0upmpekjnh6mmfhqz8yc,Enrique Martinez,E. Martinez,Midfielder,United States Under 17,x1zdh3b7nwu0ql0uc5tgic9e,2025-11-17T19:04:55Z,214,2.38,Center Backs,cb,cb,1,5,2,0.84,2.1,3,1.26,4,1.68,0,0,0,0,0,0,7,2.94,1,0.42,2,0.84,37,15.55,0,0,1,0.42,1,0.42,0,0,0,0,0,0,0,0,0,0,0,0,0,0,0,0,0,0,0,0,12,7,2.94,5.04,5,42,42,2.1,1,0.42,6,2.52,32,13.45,1,0.42,0,0,0,0,0,0,4,1.68,0,0,0,0,0,0,0,1,1,0.42,0,0,0.42,0,0,0,0,0,0,0,7,5,2.1,2.94,2,0.84,0,0,0,0,0,0,0,0,0,0,1,0.42,0,0,0,0,36,15.13,0,0,0,95,95,132,55.46,0,0,0,0,0,0,0,0,0,0,0,0,0,0,0,0,0,0,0,0,24,10.08,6,2.52,0,0,2,1,0.42,0.84,6,2.52,0,0,0,0,59,24.79,0,0,0,0,0,0,0,0,0,0,0,0,0,0,0,0,0,0,0,0,0,0,2,0.84,0,0,0,0,2,0.84,0,0,0,0,0,0,0,0,0,0,0,0,2,0.84,125,52.52,25,10.5,102,42.86,125,52.52,1,0.42,1,0.42,0,0,0,0,0,0,0,0,0,0,0,0,0,0,0,0,14,5.88,4,1.68,0,0,7,2.94,134,56.3,0,0,0,0,127,53.36,2,0.84,1,0.42,7,2.94,157,65.97,0,0,0,0,0,0,0,0,2,0.84,3,1.26,5,2.1,2,0.84,4,1.68,0,0,0,0,0,0,719,20
8rq61cgteiomxej2p0nxaw6c4,Luca Moisa,L. Moisa,Midfielder,United States Under 17,x1zdh3b7nwu0ql0uc5tgic9e,2025-11-17T19:04:55Z,127,1.41,Midfielders,cm,cm,1,5,3,2.13,3.55,2,1.42,4,2.84,0,0,0,0,0,0,11,7.8,0,0,0,0,6,4.26,0,0,0,0,0,0,0,0,0,0,0,0,1,0.71,0,0,0,0,0,0,1,0.71,50,50,0,0,17,10,7.09,12.06,7,41,41,4.96,21,14.89,4,2.84,8,5.67,2,1.42,0,0,0,0,0,0,4,2.84,0,0,0,0,0,0,0,2,2,1.42,0,0,1.42,0,0,0,0,0,0,0,12,7,4.96,8.51,5,3.55,0,0,0,0,0,0,0,0,1,0.71,0,0,0,0,0,0,3,2.13,0,0,0,77,77,31,21.99,0,0,0,0,0,0,0,0,0,0,0,0,0,0,0,0,0,0,0,0,2,1.42,1,0.71,0,0,0,0,0,0,3,2.13,0,0,0,0,9,6.38,0,0,0,0,0,0,0,0,0,0,0,0,0,0,0,0,0,0,1,0.71,0,0,1,0.71,0,0,0,0,3,2.13,0,0,0,0,0,0,1,0.71,0,0,2,1.42,0,0,24,17.02,16,11.35,8,5.67,24,17.02,0,0,3,2.13,0,0,0,0,0,0,2,1.42,0,0,1,0.71,0,0,0,0,2,1.42,4,2.84,1,0.71,16,11.35,31,21.99,0,0,1,0.71,24,17.02,3,2.13,6,4.26,7,4.96,54,38.3,0,0,1,0.71,1,0.71,1,0.71,0,0,1,0.71,7,4.96,1,0.71,6,4.26,0,0,0,0,0,0,721,18
8dcbkmm7ktscumo0c6qcpy1p0,Cooper Wyatt Sanchez,C. Sanchez,Midfielder,United States Under 17,x1zdh3b7nwu0ql0uc5tgic9e,2025-11-17T19:04:55Z,259,2.88,Midfielders,dm,dm,1,3,0,0,1.04,3,1.04,3,1.04,0,0,0,0,0,0,16,5.56,0,0,0,0,15,5.21,0,0,1,0.35,0,0,0,0,0,0,0,0,0,0,0,0,0,0,0,0,0,0,0,0,0,0,16,7,2.43,5.56,9,56,56,3.12,11,3.82,10,3.47,22,7.64,2,0.69,0,0,0,0,0,0,3,1.04,0,0,0,0,0,0,0,1,1,0.35,0,0,0.35,0,0,0,0,0,0,0,13,7,2.43,4.51,6,2.08,0,0,0,0,0,0,0,0,3,1.04,1,0.35,0,0,0,0,38,13.19,0,0,0,86,86,105,36.46,0,0,0,0,0,0,0,0,0,0,0,0,0,0,0,0,0,0,0,0,8,2.78,3,1.04,0,0,3,1,0.35,1.04,10,3.47,0,0,0,0,35,12.15,0,0,0,0,0,0,0,0,0,0,0,0,0,0,0,0,0,0,0,0,0,0,3,1.04,0,0,2,0.69,0,0,0,0,0,0,0,0,0,0,0,0,7,2.43,11,3.82,90,31.25,47,16.32,49,17.01,85,29.51,1,0.35,5,1.74,0,0,0,0,0,0,0,0,0,0,0,0,0,0,0,0,10,3.47,6,2.08,0,0,15,5.21,111,38.54,0,0,0,0,96,33.33,6,2.08,0,0,15,5.21,135,46.88,0,0,0,0,0,0,0,0,5,1.74,6,2.08,10,3.47,5,1.74,9,3.12,0,0,0,0,0,0,726,15
bvtvko74cyeqe297mp6shrf2s,Aidan Nicholas Stokes,A. Stokes,Goalkeeper,United States Under 17,x1zdh3b7nwu0ql0uc5tgic9e,2025-11-17T19:04:55Z,360,4,Goalkeepers,gk,gk,1,0,0,0,0,0,0,4,1,0,0,0,0,0,0,0,0,0,0,0,0,3,0.75,2,0.5,1,0.25,2,0.5,0,0,0,0,0,0,0,0,0,0,0,0,0,0,1,0.25,0,0,0,0,1,1,0.25,0.25,0,0,0,0,0,0,2,0.5,60,15,0,0,0,0,44,11,12,3,4,1,0,0,40,10,0,0,0,2,2,0.5,0,0,0.5,0,0,0,0,0,0,0,1,1,0.25,0.25,0,0,0,0,0,0,0,0,0,0,0,0,1,0.25,0,0,0,0,35,8.75,0,0,0,83,83,64,16,0,0,0,0,0,0,0,0,0,0,0,0,0,0,0,0,0,0,0,0,2,0.5,9,2.25,1,0.25,0,0,0,0,39,9.75,0,0,0,0,19,4.75,12,5,1.25,7,1.75,3,0,0,0,0,4,1,0,0,0,0,0,0,0,0,0,0,4,1,0,0,0,0,0,0,0,0,0,0,0,0,0,0,5,1.25,0,0,14,3.5,53,13.25,9,2.25,76,19,71,17.75,0,0,0,0,0,0,0,0,0,0,1,0.25,0,0,0,0,1,0.25,0,0,3,0.75,0,0,0,0,30,7.5,114,28.5,0,0,0,0,85,21.25,0,0,0,0,29,7.25,148,37,0,0,0,0,0,0,0,0,11,2.75,28,7,27,6.75,2,0.5,1,0.25,0,0,0,0,0,0,729,1
20wmdzih6b1t0ekt1v2qd4b2s,Cavan Ayaz Sullivan,C. Sullivan,Midfielder,United States Under 17,x1zdh3b7nwu0ql0uc5tgic9e,2025-11-17T19:04:55Z,288,3.2,Midfielders,cm,"cm,rm",2,4,2,0.62,1.25,2,0.62,4,1.25,2,0.62,0,0,0,0,23,7.19,1,0.31,0,0,63,19.69,0,0,8,2.5,0,0,0,0,22,22,9,2.81,4,1.25,0,0,0,0,0,0,2,0.62,38,38,0,0,31,16,5,9.69,15,48,48,4.69,115,35.94,16,5,35,10.94,1,0.31,0,0,0,0,0,0,4,1.25,2,0.62,0,0,0,0,2,2,2,0.62,0,0,0.62,1,0.31,2,0.62,0,0,0.62,27,14,4.38,8.44,13,4.06,1,0.31,0,0,0,0,2,0.62,1,0.31,6,1.88,0,0,2,0.62,27,8.44,144,1,0.31,79,79,108,33.75,0,0,2,0.62,0,0,0,0,0,0,0,0,0,0,1,0.31,1,0,0,0.31,42,13.12,14,4.38,0,0,6,2,0.62,1.88,14,4.38,0,0,0,0,25,7.81,0,0,0,0,0,0,0,0,0,0,0,0,0,0,0,0,5,1.56,4,1.25,4,4,3,0.94,0,0,2,0.62,1,0.31,3,0.94,4,1.25,1,0.31,5,1.56,1,0.31,3,0.94,8,2.5,85,26.56,68,21.25,23,7.19,79,24.69,0,0,5,1.56,0,0,0,0,4,1.25,10,3.12,2,0.62,0,0,0,0,2,0.62,2,0.62,4,1.25,3,0.94,61,19.06,110,34.38,0,0,9,2.81,87,27.19,5,1.56,22,6.88,23,7.19,188,58.75,5,1.56,14,4.38,8,2.5,8,2.5,1,0.31,3,0.94,35,10.94,2,0.62,20,6.25,0,0,2,0.62,0,0,730,6
m4w1lmkfi8siwrxs9ny5ihhw,Jude Terry,J. Terry,Midfielder,United States Under 17,x1zdh3b7nwu0ql0uc5tgic9e,2025-11-17T19:04:55Z,217,2.41,Midfielders,cm,cm,1,2,0,0,0.83,2,0.83,4,1.66,0,0,0,0,0,0,21,8.71,2,0.83,0,0,20,8.3,0,0,4,1.66,0,0,0,0,50,50,0,0,2,0.83,0,0,0,0,0,0,2,0.83,80,80,0,0,18,8,3.32,7.47,10,56,56,4.15,37,15.35,8,3.32,22,9.13,3,1.24,0,0,0,0,0,0,4,1.66,0,0,0,0,0,0,1,0,0,0,0,0,0,1,0.41,1,0.41,0,0,0.41,16,8,3.32,6.64,8,3.32,0,0,0,0,1,0.41,1,0.41,0,0,4,1.66,0,0,0,0,21,8.71,217,0,0,86,86,72,29.88,0,0,0,0,0,0,0,0,0,0,0,0,0,0,0,0,0,0,0,0,12,4.98,5,2.07,0,0,1,0,0,0.41,5,2.07,0,0,1,0.41,8,3.32,0,0,0,0,0,0,0,0,0,0,0,0,0,0,0,0,1,0.41,1,0.41,2,2,3,1.24,0,0,3,1.24,1,0.41,0,0,1,0.41,1,0.41,4,1.66,0,0,1,0.41,2,0.83,62,25.73,34,14.11,29,12.03,60,24.9,0,0,2,0.83,0,0,0,0,2,0.83,3,1.24,1,0.41,1,0.41,0,0,1,0.41,2,0.83,5,2.07,2,0.83,24,9.96,72,29.88,0,0,2,0.83,62,25.73,2,0.83,5,2.07,10,4.15,107,44.4,0,0,4,1.66,4,1.66,1,0.41,0,0,2,0.83,13,5.39,1,0.41,8,3.32,1,0.41,0,0,1,0.41,732,8
57xpqejjk7bk6wooe0nl29b10,Mateo Theodore Tsakiris,M. Tsakiris,Defender,United States Under 17,x1zdh3b7nwu0ql0uc5tgic9e,2025-11-17T19:04:55Z,185,2.06,Midfielders,dm,"dm,rb",2,5,1,0.49,2.43,4,1.94,3,1.46,0,0,0,0,0,0,17,8.25,0,0,1,0.49,18,8.74,0,0,0,0,1,0.49,0,0,0,0,0,0,0,0,0,0,0,0,0,0,0,0,0,0,0,0,20,7,3.4,9.71,13,65,65,6.31,18,8.74,15,7.28,34,16.5,3,1.46,0,0,0,0,0,0,3,1.46,0,0,0,0,0,0,0,1,1,0.49,0,0,0.49,0,0,0,0,0,0,0,15,6,2.91,7.28,9,4.37,0,0,0,0,0,0,0,0,1,0.49,0,0,0,0,0,0,33,16.02,0,0,0,84,84,110,53.4,0,0,0,0,0,0,0,0,0,0,0,0,0,0,0,0,0,0,0,0,6,2.91,2,0.97,0,0,4,2,0.97,1.94,8,3.88,0,0,0,0,27,13.11,0,0,0,0,0,0,0,0,0,0,0,0,0,0,0,0,1,0.49,0,0,0,0,2,0.97,1,0.49,0,0,1,0.49,0,0,0,0,0,0,0,0,0,0,0,0,3,1.46,92,44.66,46,22.33,47,22.82,90,43.69,5,2.43,3,1.46,0,0,0,0,6,2.91,0,0,0,0,0,0,0,0,0,0,2,0.97,6,2.91,1,0.49,19,9.22,111,53.88,1,0.49,1,0.49,93,45.15,8,3.88,1,0.49,18,8.74,137,66.5,0,0,0,0,0,0,0,0,3,1.46,5,2.43,13,6.31,5,2.43,13,6.31,0,0,0,0,0,0,733,19
8ftpgljt7qw0wmddiw9gqaot0,Juan Giovanni Villa,G. Villa,Defender,United States Under 17,x1zdh3b7nwu0ql0uc5tgic9e,2025-11-17T19:04:55Z,290,3.22,Full Backs,rb,rb,1,8,5,1.55,2.48,3,0.93,4,1.24,0,0,0,0,0,0,14,4.35,0,0,1,0.31,46,14.29,0,0,1,0.31,1,0.31,0,0,0,0,0,0,0,0,0,0,0,0,0,0,1,0.31,0,0,0,0,26,11,3.42,8.07,15,58,58,4.66,33,10.25,29,9.01,56,17.39,2,0.62,0,0,0,0,0,0,4,1.24,0,0,0,0,0,0,0,2,2,0.62,0,0,0.62,0,0,0,0,0,0,0,18,6,1.86,5.59,12,3.73,0,0,0,0,0,0,0,0,6,1.86,1,0.31,0,0,0,0,78,24.22,0,0,0,85,85,158,49.07,0,0,0,0,0,0,0,0,0,0,0,0,0,0,0,0,0,0,0,0,19,5.9,17,5.28,0,0,4,1,0.31,1.24,15,4.66,0,0,0,0,12,3.73,0,0,0,0,0,0,0,0,0,0,0,0,0,0,0,0,0,0,0,0,0,0,3,0.93,0,0,0,0,1,0.31,0,0,1,0.31,1,0.31,0,0,2,0.62,0,0,11,3.42,134,41.61,63,19.57,74,22.98,125,38.82,2,0.62,4,1.24,0,0,5,1.55,34,10.56,1,0.31,0,0,0,0,0,0,0,0,4,1.24,3,0.93,6,1.86,36,11.18,160,49.69,0,0,0,0,136,42.24,6,1.86,0,0,24,7.45,237,73.6,0,0,1,0.31,1,0.31,0,0,2,0.62,12,3.73,22,6.83,3,0.93,12,3.73,0,0,0,0,0,0,736,2
7tf5k1p0njjd3eqs2mzuzw3ro,Alassana Bagayogo,A. Bagayogo,Forward,Burkina Faso Under 17,2b1ntcicsvmcxk28saaarvfth,2025-11-24T16:06:46Z,455,5.06,Wingers,lm,lm,1,19,11,2.17,3.75,8,1.58,6,1.19,0,0,0,0,1,0.2,20,3.95,6,1.19,0,0,50,9.88,0,0,7,1.38,0,0,0,0,9,9,0,0,7,1.38,0,0,0,0,0,0,4,0.79,42,42,0,0,81,43,8.5,16.01,38,47,47,7.51,138,27.27,10,1.98,40,7.91,3,0.59,0,0,0,0,0,0,6,1.19,0,0,0,0,0,0,1,4,4,0.79,0,0,0.79,0,0,1,0.2,0,0,0.2,62,32,6.32,12.25,30,5.93,0,0,0,0,0,0,0,0,3,0.59,7,1.38,0,0,1,0.2,8,1.58,455,1,0.2,53,53,111,21.94,0,0,1,0.2,0,0,0,0,0,0,0,0,0,0,0,0,0,0,0,0,28,5.53,12,2.37,0,0,12,8,1.58,2.37,22,4.35,0,0,0,0,43,8.5,0,0,0,0,0,0,0,0,0,0,0,0,0,0,0,0,4,0.79,7,1.38,11,11,5,0.99,0,0,2,0.4,1,0.2,0,0,1,0.2,1,0.2,10,1.98,1,0.2,4,0.79,2,0.4,59,11.66,50,9.88,10,1.98,57,11.26,2,0.4,9,1.78,2,0.4,0,0,2,0.4,18,3.56,1,0.2,2,0.4,0,0,1,0.2,6,1.19,7,1.38,9,1.78,103,20.36,111,21.94,0,0,11,2.17,59,11.66,11,2.17,36,7.11,52,10.28,240,47.43,0,0,8,1.58,8,1.58,14,2.77,4,0.79,9,1.78,57,11.26,3,0.59,43,8.5,2,0.4,0,0,1,0.2,740,20
64bcmhkj3oht3otvuvdgocges,Cherif Badra Ali Barro,C. Barro,Midfielder,Burkina Faso Under 17,2b1ntcicsvmcxk28saaarvfth,2025-11-24T16:06:46Z,496,5.51,Wingers,rm,"am,rm,lm",3,14,9,1.63,2.54,5,0.91,6,1.09,1,0.18,0,0,0,0,37,6.72,5,0.91,0,0,45,8.17,0,0,9,1.63,0,0,0,0,11,11,0,0,4,0.73,0,0,0,0,0,0,6,1.09,25,25,0,0,58,28,5.08,10.53,30,52,52,5.44,95,17.24,8,1.45,38,6.9,6,1.09,1,0.18,0,0,0,0,6,1.09,1,0.18,0,0,0,0,1,2,2,0.36,0,0,0.36,0,0,1,0.18,0,0,0.18,44,19,3.45,7.99,25,4.54,1,0.18,0,0,1,0.18,1,0.18,5,0.91,8,1.45,0,0,0,0,33,5.99,496,0,0,74,74,128,23.23,0,0,0,0,0,0,0,0,0,0,0,0,0,0,1,0.18,1,0,0,0.18,24,4.36,11,2,0,0,11,4,0.73,2,20,3.63,0,0,1,0.18,20,3.63,0,0,0,0,0,0,0,0,0,0,0,0,0,0,0,0,6,1.09,3,0.54,9,9,6,1.09,0,0,5,0.91,0,0,0,0,5,0.91,4,0.73,1,0.18,0,0,2,0.36,2,0.36,95,17.24,69,12.52,31,5.63,93,16.88,4,0.73,8,1.45,0,0,0,0,1,0.18,9,1.63,2,0.36,3,0.54,0,0,1,0.18,2,0.36,7,1.27,12,2.18,61,11.07,128,23.23,0,0,9,1.63,95,17.24,12,2.18,16,2.9,33,5.99,219,39.75,0,0,4,0.73,4,0.73,3,0.54,1,0.18,6,1.09,30,5.44,7,1.27,27,4.9,0,0,1,0.18,0,0,741,10
9cjfg14s9fc648cnkjshht2c4,Mikael Coulibaly,M. Coulibaly,Defender,Burkina Faso Under 17,2b1ntcicsvmcxk28saaarvfth,2025-11-24T16:06:46Z,540,6,Full Backs,lb,lb,1,11,4,0.67,1.83,7,1.17,6,1,0,0,0,0,0,0,32,5.33,0,0,0,0,58,9.67,0,0,4,0.67,2,0.33,0,0,0,0,0,0,4,0.67,0,0,0,0,0,0,4,0.67,64,64,0,0,62,25,4.17,10.33,37,60,60,6.17,84,14,30,5,118,19.67,0,0,0,0,0,0,0,0,6,1,0,0,0,0,0,0,0,4,4,0.67,0,0,0.67,0,0,0,0,0,0,0,51,21,3.5,8.5,30,5,0,0,0,0,0,0,0,0,11,1.83,4,0.67,0,0,0,0,1,0.17,0,0,0,70,70,195,32.5,0,0,2,0.33,0,0,0,0,0,0,0,0,0,0,0,0,0,0,0,0,37,6.17,32,5.33,0,0,24,14,2.33,4,30,5,0,0,0,0,53,8.83,0,0,0,0,0,0,0,0,0,0,0,0,0,0,0,0,1,0.17,0,0,0,0,6,1,0,0,0,0,0,0,0,0,5,0.83,5,0.83,7,1.17,4,0.67,0,0,14,2.33,137,22.83,81,13.5,67,11.17,129,21.5,6,1,10,1.67,0,0,18,3,51,8.5,8,1.33,0,0,0,0,0,0,0,0,19,3.17,1,0.17,7,1.17,112,18.67,204,34,0,0,1,0.17,143,23.83,16,2.67,4,0.67,61,10.17,397,66.17,0,0,15,2.5,15,2.5,4,0.67,11,1.83,22,3.67,54,9,22,3.67,39,6.5,0,0,0,0,1,0.17,742,3
apv7l4s9byemx945wv6q0thjo,Issouf Dabo,I. Dabo,Defender,Burkina Faso Under 17,2b1ntcicsvmcxk28saaarvfth,2025-11-24T16:06:46Z,540,6,Center Backs,cb,cb,1,13,6,1,2.17,7,1.17,6,1,0,0,0,0,0,0,7,1.17,0,0,4,0.67,72,12,0,0,1,0.17,2,0.33,0,0,0,0,0,0,0,0,0,0,0,0,0,0,3,0.5,67,67,0,0,37,16,2.67,6.17,21,57,57,3.5,8,1.33,8,1.33,115,19.17,2,0.33,0,0,1,0.17,0,0,6,1,0,0,1,0.17,0,0,0,4,4,0.67,0,0,0.67,0,0,0,0,0,0,0,24,10,1.67,4,14,2.33,0,0,0,0,0,0,0,0,6,1,1,0.17,0,0,0,0,39,6.5,0,0,0,62,62,168,28,0,0,1,0.17,0,0,0,0,0,0,0,0,0,0,0,0,0,0,0,0,44,7.33,17,2.83,0,0,22,11,1.83,3.67,31,5.17,0,0,0,0,20,3.33,0,0,0,0,0,0,0,0,0,0,0,0,0,0,0,0,0,0,0,0,0,0,6,1,0,0,0,0,0,0,0,0,1,0.17,1,0.17,4,0.67,5,0.83,0,0,16,2.67,104,17.33,43,7.17,73,12.17,99,16.5,1,0.17,7,1.17,0,0,0,0,1,0.17,5,0.83,0,0,0,0,0,0,0,0,40,6.67,4,0.67,2,0.33,84,14,181,30.17,0,0,0,0,115,19.17,8,1.33,1,0.17,66,11,288,48,0,0,1,0.17,1,0.17,2,0.33,23,3.83,49,8.17,47,7.83,20,3.33,17,2.83,0,0,0,0,1,0.17,743,4
92ujdf9un3ub2acmqhylheej8,Halidou Diakité,H. Diakité,Midfielder,Burkina Faso Under 17,2b1ntcicsvmcxk28saaarvfth,2025-11-24T16:06:46Z,131,1.46,Wingers,rm,rm,1,4,3,2.05,2.74,1,0.68,6,4.11,0,0,0,0,0,0,7,4.79,0,0,0,0,20,13.7,0,0,2,1.37,0,0,0,0,0,0,0,0,1,0.68,0,0,0,0,0,0,1,0.68,40,40,0,0,25,15,10.27,17.12,10,40,40,6.85,44,30.14,3,2.05,14,9.59,1,0.68,0,0,0,0,0,0,6,4.11,0,0,0,0,0,0,0,1,1,0.68,0,0,0.68,0,0,0,0,0,0,0,21,12,8.22,14.38,9,6.16,0,0,0,0,0,0,0,0,1,0.68,2,1.37,0,0,0,0,16,10.96,0,0,0,75,75,44,30.14,0,0,0,0,0,0,0,0,0,0,0,0,0,0,0,0,0,0,0,0,13,8.9,5,3.42,0,0,8,5,3.42,5.48,12,8.22,0,0,0,0,7,4.79,0,0,0,0,0,0,0,0,0,0,0,0,0,0,0,0,3,2.05,4,2.74,0,0,1,0.68,0,0,1,0.68,5,3.42,0,0,0,0,0,0,2,1.37,0,0,1,0.68,1,0.68,33,22.6,23,15.75,10,6.85,32,21.92,3,2.05,0,0,1,0.68,0,0,0,0,4,2.74,0,0,2,1.37,0,0,0,0,1,0.68,2,1.37,4,2.74,24,16.44,44,30.14,0,0,7,4.79,33,22.6,3,2.05,10,6.85,11,7.53,82,56.16,0,0,2,1.37,2,1.37,3,2.05,1,0.68,1,0.68,11,7.53,2,1.37,10,6.85,0,0,0,0,1,0.68,745,9
c9intl20w7rb87o07gpo4bor8,Sie Eric Stephane Ouattara,E. Ouattara,Midfielder,Burkina Faso Under 17,2b1ntcicsvmcxk28saaarvfth,2025-11-24T16:06:46Z,82,0.91,Strikers,st,st,1,8,5,5.49,8.79,3,3.3,4,4.4,0,0,0,0,0,0,5,5.49,1,1.1,0,0,3,3.3,0,0,0,0,0,0,0,0,50,50,0,0,0,0,0,0,0,0,0,0,0,0,100,100,0,0,16,10,10.99,17.58,6,38,38,6.59,13,14.29,1,1.1,2,2.2,3,3.3,0,0,0,0,0,0,4,4.4,0,0,0,0,0,0,1,1,1,1.1,0,0,1.1,1,1.1,1,1.1,0,0,1.1,8,5,5.49,8.79,3,3.3,0,0,0,0,0,0,1,1.1,0,0,0,0,0,0,0,0,4,4.4,82,0,0,73,73,15,16.48,0,0,0,0,0,0,0,0,0,0,0,0,0,0,0,0,0,0,0,0,1,1.1,0,0,0,0,1,1,1.1,1.1,1,1.1,0,0,1,1.1,5,5.49,0,0,0,0,0,0,0,0,0,0,0,0,0,0,0,0,1,1.1,1,1.1,2,2,1,1.1,0,0,1,1.1,3,3.3,0,0,0,0,0,0,1,1.1,0,0,2,2.2,0,0,11,12.09,7,7.69,5,5.49,12,13.19,1,1.1,0,0,0,0,0,0,0,0,0,0,0,0,1,1.1,0,0,1,1.1,0,0,3,3.3,1,1.1,7,7.69,16,17.58,0,0,2,2.2,12,13.19,1,1.1,3,3.3,4,4.4,29,31.87,0,0,0,0,0,0,0,0,0,0,0,0,3,3.3,1,1.1,4,4.4,1,1.1,0,0,0,0,746,17
9ho8i8up6s8v14iskgxy32vbo,Fadil Adama Yassir Barro,F. Barro,Defender,Burkina Faso Under 17,2b1ntcicsvmcxk28saaarvfth,2025-11-24T16:06:46Z,540,6,Center Backs,cb,cb,1,17,5,0.83,2.83,12,2,6,1,0,0,0,0,0,0,8,1.33,0,0,4,0.67,45,7.5,0,0,0,0,2,0.33,0,0,0,0,0,0,2,0.33,0,0,0,0,0,0,1,0.17,100,100,0,0,29,10,1.67,4.83,19,66,66,3.17,9,1.5,6,1,86,14.33,1,0.17,0,0,4,0.67,1,0.17,6,1,0,0,5,0.83,0,0,0,4,4,0.67,0,0,0.67,0,0,0,0,0,0,0,12,5,0.83,2,7,1.17,1,0.17,0,0,0,0,0,0,5,0.83,0,0,0,0,0,0,34,5.67,0,0,0,69,69,156,26,0,0,0,0,0,0,0,0,0,0,0,0,0,0,0,0,0,0,0,0,16,2.67,11,1.83,0,0,6,5,0.83,1,9,1.5,0,0,0,0,44,7.33,0,0,0,0,0,0,0,0,0,0,0,0,0,0,0,0,2,0.33,3,0.5,0,0,6,1,0,0,0,0,0,0,0,0,0,0,0,0,3,0.5,7,1.17,0,0,18,3,108,18,29,4.83,91,15.17,102,17,0,0,3,0.5,0,0,0,0,1,0.17,1,0.17,0,0,1,0.17,0,0,0,0,43,7.17,4,0.67,1,0.17,61,10.17,172,28.67,0,0,5,0.83,120,20,3,0.5,5,0.83,52,8.67,261,43.5,0,0,1,0.17,1,0.17,0,0,20,3.33,42,7,46,7.67,7,1.17,10,1.67,0,0,0,0,1,0.17,747,5
bq8dg2r493pz8t1hj885keql0,Mohamed Fofana,M. Fofana,Midfielder,Burkina Faso Under 17,2b1ntcicsvmcxk28saaarvfth,2025-11-24T16:06:46Z,107,1.19,Midfielders,dm,dm,1,10,7,5.88,8.4,3,2.52,3,2.52,0,0,0,0,0,0,9,7.56,0,0,0,0,11,9.24,0,0,0,0,0,0,0,0,0,0,0,0,0,0,0,0,0,0,0,0,2,1.68,0,0,0,0,25,16,13.45,21.01,9,36,36,7.56,11,9.24,7,5.88,18,15.13,1,0.84,0,0,0,0,0,0,3,2.52,0,0,0,0,0,0,0,2,2,1.68,0,0,1.68,0,0,0,0,0,0,0,15,9,7.56,12.61,6,5.04,0,0,0,0,0,0,0,0,3,2.52,0,0,0,0,0,0,11,9.24,0,0,0,73,73,49,41.18,0,0,0,0,0,0,0,0,0,0,0,0,0,0,0,0,0,0,0,0,7,5.88,2,1.68,0,0,1,1,0.84,0.84,3,2.52,0,0,0,0,11,9.24,0,0,0,0,0,0,0,0,0,0,0,0,0,0,0,0,0,0,0,0,0,0,1,0.84,0,0,0,0,2,1.68,0,0,0,0,0,0,0,0,0,0,0,0,1,0.84,36,30.25,21,17.65,15,12.61,35,29.41,2,1.68,3,2.52,0,0,0,0,2,1.68,5,4.2,0,0,0,0,0,0,0,0,4,3.36,3,2.52,1,0.84,23,19.33,49,41.18,0,0,0,0,36,30.25,5,4.2,0,0,13,10.92,78,65.55,0,0,1,0.84,1,0.84,3,2.52,3,2.52,4,3.36,10,8.4,4,3.36,9,7.56,0,0,0,0,1,0.84,748,6
1pq1dvc6xqpa4wr6j3g9lny8k,Ouezen Eddie Kogo,E. Kogo,Midfielder,Burkina Faso Under 17,2b1ntcicsvmcxk28saaarvfth,2025-11-24T16:06:46Z,527,5.86,Midfielders,dm,dm,1,11,7,1.19,1.88,4,0.68,6,1.02,0,0,0,0,0,0,20,3.41,2,0.34,0,0,39,6.66,0,0,1,0.17,2,0.34,0,0,0,0,0,0,0,0,0,0,0,0,0,0,1,0.17,71,71,0,0,46,23,3.92,7.85,23,50,50,3.92,38,6.48,19,3.24,69,11.77,4,0.68,0,0,0,0,0,0,6,1.02,0,0,0,0,0,0,0,3,3,0.51,0,0,0.51,0,0,0,0,0,0,0,35,16,2.73,5.97,19,3.24,0,0,0,0,0,0,0,0,7,1.19,1,0.17,0,0,0,0,41,7,0,0,0,79,79,164,27.99,0,0,0,0,0,0,0,0,0,0,0,0,0,0,0,0,0,0,0,0,16,2.73,13,2.22,0,0,7,5,0.85,1.19,41,7,0,0,0,0,39,6.66,0,0,0,0,0,0,0,0,0,0,0,0,0,0,0,0,5,0.85,0,0,0,0,6,1.02,0,0,1,0.17,0,0,0,0,0,0,0,0,5,0.85,1,0.17,3,0.51,13,2.22,129,22.01,72,12.29,62,10.58,121,20.65,3,0.51,7,1.19,1,0.17,0,0,0,0,3,0.51,1,0.17,0,0,0,0,0,0,12,2.05,9,1.54,4,0.68,50,8.53,169,28.84,0,0,5,0.85,134,22.87,10,1.71,5,0.85,35,5.97,247,42.15,0,0,1,0.17,1,0.17,2,0.34,5,0.85,8,1.37,28,4.78,8,1.37,27,4.61,0,0,0,0,2,0.34,750,18
d5zim8dmoubb898i1tnieyvo,Abdoul Samad Ousmane Ouedraogo,O. Ouedraogo,Defender,Burkina Faso Under 17,2b1ntcicsvmcxk28saaarvfth,2025-11-24T16:06:46Z,484,5.38,Full Backs,rb,rb,1,13,5,0.93,2.42,8,1.49,6,1.12,0,0,0,0,0,0,38,7.06,1,0.19,0,0,34,6.32,0,0,0,0,1,0.19,0,0,0,0,0,0,1,0.19,0,0,0,0,0,0,3,0.56,58,58,0,0,60,25,4.65,11.15,35,58,58,6.51,46,8.55,16,2.97,50,9.29,3,0.56,0,0,0,0,0,0,6,1.12,0,0,0,0,0,0,0,4,4,0.74,0,0,0.74,0,0,0,0,0,0,0,47,20,3.72,8.74,27,5.02,1,0.19,0,0,0,0,0,0,9,1.67,0,0,0,0,0,0,35,6.51,0,0,0,79,79,114,21.19,0,0,1,0.19,0,0,0,0,0,0,0,0,0,0,0,0,0,0,0,0,19,3.53,17,3.16,0,0,2,2,0.37,0.37,17,3.16,0,0,0,0,2,0.37,0,0,0,0,0,0,0,0,0,0,0,0,0,0,0,0,0,0,0,0,0,0,6,1.12,0,0,3,0.56,0,0,0,0,1,0.19,1,0.19,7,1.3,3,0.56,0,0,8,1.49,90,16.73,42,7.81,60,11.15,93,17.29,6,1.12,11,2.04,0,0,26,4.83,34,6.32,8,1.49,0,0,0,0,0,0,0,0,19,3.53,8,1.49,4,0.74,79,14.68,125,23.23,0,0,0,0,101,18.77,17,3.16,1,0.19,24,4.46,283,52.6,0,0,9,1.67,9,1.67,5,0.93,7,1.3,11,2.04,28,5.2,5,0.93,13,2.42,0,0,0,0,0,0,752,2
cqkt8drl3yvn4o1mf9hyf0cgk,Rahim Ouattara,R. Ouattara,Goalkeeper,Burkina Faso Under 17,2b1ntcicsvmcxk28saaarvfth,2025-11-24T16:06:46Z,540,6,Goalkeepers,gk,gk,1,4,0,0,0.67,4,0.67,6,1,0,0,0,0,0,0,0,0,0,0,0,0,6,1,5,0.83,0,0,2,0.33,0,0,0,0,0,0,0,0,0,0,0,0,0,0,0,0,0,0,1,0.17,5,0,0,0.83,5,100,100,0.83,0,0,2,0.33,54,9,0,0,0,0,45,7.5,14,2.33,6,1,0,0,36,6,0,0,0,4,4,0.67,0,0,0.67,0,0,0,0,0,0,0,1,0,0,0.17,1,0.17,0,0,0,0,0,0,0,0,0,0,0,0,0,0,0,0,23,3.83,0,0,0,76,76,42,7,0,0,0,0,0,0,0,0,0,0,0,0,0,0,0,0,0,0,0,0,1,0.17,11,1.83,5,0.83,0,0,0,0,41,6.83,0,0,0,0,23,3.83,23,14,2.33,9,1.5,3.83,0,0,1,0.17,5,0.83,0,0,0,0,0,0,0,0,0,0,6,1,0,0,0,0,0,0,0,0,0,0,0,0,0,0,5,0.83,0,0,15,2.5,32,5.33,7,1.17,55,9.17,47,7.83,0,0,0,0,0,0,0,0,0,0,0,0,0,0,0,0,1,0.17,0,0,12,2,0,0,1,0.17,41,6.83,100,16.67,0,0,0,0,62,10.33,0,0,0,0,38,6.33,166,27.67,0,0,0,0,0,0,0,0,14,2.33,37,6.17,32,5.33,6,1,1,0.17,0,0,0,0,0,0,754,1
665cquzbapjxfdm4n3rd64no,Asharaf Loukman Tapsoba,A. Tapsoba,Forward,Burkina Faso Under 17,2b1ntcicsvmcxk28saaarvfth,2025-11-24T16:06:46Z,439,4.88,Strikers,st,st,1,33,21,4.3,6.76,12,2.46,5,1.02,0,0,2,0.41,1,0.2,19,3.89,3,0.61,0,0,18,3.69,0,0,8,1.64,1,0.2,0,0,11,11,0,0,1,0.2,0,0,0,0,0,0,3,0.61,25,25,0,0,58,38,7.79,11.89,20,34,34,4.1,76,15.57,2,0.41,8,1.64,6,1.23,1,0.2,0,0,0,0,5,1.02,0,0,0,0,0,0,1,3,3,0.61,0,0,0.61,0,0,1,0.2,0,0,0.2,25,17,3.48,5.12,8,1.64,1,0.2,1,0.2,0,0,0,0,0,0,8,1.64,0,0,0,0,18,3.69,439,3,0.61,71,71,62,12.7,0,0,0,0,0,0,0,0,0,0,0,0,0,0,1,0.2,0,0,0,0,8,1.64,3,0.61,0,0,7,4,0.82,1.43,11,2.25,0,0,0,0,21,4.3,0,0,0,0,0,0,0,0,0,0,0,0,0,0,0,0,7,1.43,2,0.41,9,9,5,1.02,0,0,2,0.41,0,0,0,0,0,0,0,0,1,0.2,0,0,5,1.02,1,0.2,44,9.02,38,7.79,10,2.05,47,9.63,1,0.2,1,0.2,0,0,0,0,0,0,6,1.23,0,0,2,0.41,0,0,1,0.2,2,0.41,11,2.25,5,1.02,45,9.22,66,13.52,0,0,9,1.84,48,9.84,2,0.41,19,3.89,18,3.69,128,26.23,0,0,2,0.41,2,0.41,3,0.61,1,0.2,3,0.61,17,3.48,3,0.61,15,3.07,2,0.41,1,0.2,3,0.61,757,19
8dnyealn4gjr09knwim0pzd3o,Ismael Zalle,I. Zalle,Midfielder,Burkina Faso Under 17,2b1ntcicsvmcxk28saaarvfth,2025-11-24T16:06:46Z,450,5,Midfielders,dm,dm,1,13,4,0.8,2.6,9,1.8,5,1,0,0,0,0,0,0,17,3.4,4,0.8,2,0.4,30,6,0,0,8,1.6,2,0.4,0,0,0,0,0,0,3,0.6,0,0,0,0,0,0,1,0.2,57,57,0,0,53,23,4.6,10.6,30,57,57,6,53,10.6,21,4.2,66,13.2,8,1.6,0,0,0,0,0,0,5,1,1,0.2,0,0,0,0,0,3,3,0.6,0,0,0.6,0,0,0,0,0,0,0,40,19,3.8,8,21,4.2,0,0,0,0,0,0,0,0,10,2,7,1.4,0,0,0,0,50,10,0,0,0,70,70,158,31.6,0,0,0,0,0,0,0,0,0,0,0,0,0,0,0,0,0,0,0,0,13,2.6,13,2.6,0,0,13,10,2,2.6,18,3.6,0,0,0,0,28,5.6,0,0,0,0,0,0,0,0,0,0,0,0,0,0,0,0,2,0.4,0,0,0,0,5,1,0,0,0,0,0,0,0,0,0,0,0,0,4,0.8,3,0.6,4,0.8,7,1.4,110,22,77,15.4,36,7.2,106,21.2,4,0.8,8,1.6,0,0,0,0,0,0,4,0.8,0,0,0,0,0,0,0,0,16,3.2,9,1.8,6,1.2,62,12.4,161,32.2,0,0,2,0.4,113,22.6,12,2.4,1,0.2,48,9.6,252,50.4,0,0,3,0.6,3,0.6,3,0.6,8,1.6,16,3.2,38,7.6,13,2.6,32,6.4,1,0.2,0,0,2,0.4,759,7
djjazyqgs7pop9l5dqlyvj7ys,Mohamed Zongo,M. Zongo,Midfielder,Burkina Faso Under 17,2b1ntcicsvmcxk28saaarvfth,2025-11-24T16:06:46Z,524,5.82,Midfielders,am,"rm,am",2,11,5,0.86,1.89,6,1.03,6,1.03,3,0.52,3,0.52,2,0.34,38,6.53,3,0.52,0,0,59,10.14,0,0,22,3.78,2,0.34,0,0,17,17,28,4.81,3,0.52,0,0,0,0,0,0,5,0.86,40,40,0,0,45,23,3.95,7.73,22,49,49,3.78,148,25.43,25,4.3,60,10.31,3,0.52,0,0,0,0,0,0,6,1.03,3,0.52,0,0,0,0,2,4,4,0.69,0,0,0.69,2,0.34,1,0.17,1,0.17,0.34,34,18,3.09,5.84,16,2.75,1,0.17,0,0,2,0.34,0,0,0,0,19,3.26,0,0,2,0.34,42,7.22,262,3,0.52,72,72,166,28.52,0,0,1,0.17,0,0,0,0,0,0,0,0,0,0,0,0,0,0,0,0,36,6.19,17,2.92,0,0,9,5,0.86,1.55,31,5.33,0,0,0,0,32,5.5,0,0,0,0,0,0,0,0,0,0,0,0,0,0,0,0,6,1.03,6,1.03,6,6,6,1.03,0,0,2,0.34,0,0,11,1.89,16,2.75,4,0.69,4,0.69,0,0,8,1.37,10,1.72,119,20.45,101,17.35,40,6.87,115,19.76,2,0.34,4,0.69,6,1.03,0,0,2,0.34,11,1.89,6,1.03,1,0.17,0,0,0,0,2,0.34,4,0.69,6,1.03,104,17.87,172,29.55,0,0,12,2.06,125,21.48,6,1.03,12,2.06,47,8.08,294,50.52,16,2.75,29,4.98,7,1.2,6,1.03,0,0,5,0.86,70,12.03,6,1.03,42,7.22,0,0,1,0.17,0,0,760,8
vuz7cp6lc5e9tdmk03k9if4k,Milan Nicolas Jacobus Hendericks,M. Hendericks,Defender,Czechia Under 17,7oakkrk1ar2rcb4t2qyka9ir1,2025-11-17T19:50:25Z,360,4,Center Backs,cb,cb,1,9,6,1.5,2.25,3,0.75,4,1,0,0,0,0,0,0,22,5.5,0,0,4,1,65,16.25,0,0,0,0,0,0,0,0,0,0,0,0,1,0.25,0,0,0,0,0,0,1,0.25,50,50,0,0,21,14,3.5,5.25,7,33,33,1.75,6,1.5,18,4.5,75,18.75,3,0.75,0,0,17,4.25,0,0,4,1,0,0,17,4.25,0,0,0,6,4,1,2,0.5,1.5,0,0,0,0,0,0,0,12,8,2,3,4,1,0,0,0,0,0,0,0,0,1,0.25,0,0,0,0,0,0,121,30.25,0,0,0,90,90,231,57.75,0,0,0,0,0,0,0,0,0,0,0,0,0,0,0,0,0,0,0,0,43,10.75,21,5.25,0,0,4,3,0.75,1,21,5.25,0,0,0,0,33,8.25,0,0,0,0,0,0,0,0,0,0,0,0,0,0,0,0,1,0.25,0,0,0,0,4,1,0,0,0,0,0,0,0,0,0,0,0,0,1,0.25,4,1,0,0,22,5.5,208,52,57,14.25,170,42.5,205,51.25,3,0.75,0,0,0,0,0,0,3,0.75,2,0.5,0,0,0,0,0,0,0,0,19,4.75,3,0.75,0,0,27,6.75,251,62.75,0,0,1,0.25,227,56.75,3,0.75,2,0.5,24,6,294,73.5,0,0,0,0,0,0,1,0.25,7,1.75,18,4.5,20,5,4,1,6,1.5,0,0,0,0,0,0,762,4
9uctfb1sznb11w13lklqtg8wk,Filip Hruška,F. Hruška,Midfielder,Czechia Under 17,7oakkrk1ar2rcb4t2qyka9ir1,2025-11-17T19:50:25Z,158,1.76,Midfielders,am,am,1,3,2,1.14,1.7,1,0.57,4,2.27,0,0,0,0,0,0,10,5.68,0,0,0,0,13,7.39,0,0,3,1.7,0,0,0,0,0,0,2,1.14,0,0,0,0,0,0,0,0,2,1.14,100,100,0,0,13,7,3.98,7.39,6,46,46,3.41,34,19.32,6,3.41,9,5.11,0,0,0,0,0,0,0,0,4,2.27,0,0,0,0,0,0,0,5,3,1.7,2,1.14,2.84,0,0,0,0,0,0,0,10,5,2.84,5.68,5,2.84,0,0,0,0,1,0.57,0,0,3,1.7,3,1.7,0,0,0,0,16,9.09,0,1,0.57,71,71,42,23.86,0,0,0,0,0,0,0,0,0,0,0,0,0,0,0,0,0,0,0,0,7,3.98,8,4.55,0,0,4,2,1.14,2.27,5,2.84,0,0,0,0,11,6.25,0,0,0,0,0,0,0,0,0,0,0,0,0,0,0,0,1,0.57,1,0.57,0,0,1,0.57,0,0,1,0.57,3,1.7,0,0,1,0.57,1,0.57,1,0.57,0,0,1,0.57,4,2.27,30,17.05,23,13.07,11,6.25,29,16.48,1,0.57,1,0.57,1,0.57,2,1.14,3,1.7,2,1.14,1,0.57,0,0,0,0,0,0,3,1.7,2,1.14,2,1.14,24,13.64,46,26.14,0,0,2,1.14,33,18.75,2,1.14,6,3.41,13,7.39,80,45.45,1,0.57,4,2.27,3,1.7,0,0,0,0,1,0.57,16,9.09,1,0.57,12,6.82,0,0,0,0,0,0,763,12
ezymmgih6jkwh008ya8ui0hxx,Jan Hájek,J. Hájek,Forward,Czechia Under 17,7oakkrk1ar2rcb4t2qyka9ir1,2025-11-17T19:50:25Z,53,0.59,Wingers,lm,lm,1,0,0,0,0,0,0,2,3.39,0,0,0,0,0,0,2,3.39,0,0,0,0,10,16.95,0,0,1,1.69,0,0,0,0,0,0,1,1.69,2,3.39,0,0,0,0,0,0,0,0,0,0,0,0,3,2,3.39,5.08,1,33,33,1.69,17,28.81,1,1.69,5,8.47,0,0,0,0,0,0,0,0,2,3.39,0,0,0,0,0,0,0,1,0,0,1,1.69,1.69,0,0,0,0,0,0,0,3,2,3.39,5.08,1,1.69,0,0,0,0,0,0,0,0,0,0,1,1.69,0,0,0,0,0,0,0,0,0,54,54,13,22.03,0,0,0,0,0,0,0,0,0,0,0,0,0,0,0,0,0,0,0,0,9,15.25,2,3.39,0,0,0,0,0,0,1,1.69,0,0,0,0,6,10.17,0,0,0,0,0,0,0,0,0,0,0,0,0,0,0,0,0,0,1,1.69,0,0,1,1.69,0,0,1,1.69,1,1.69,0,0,0,0,0,0,0,0,0,0,0,0,0,0,7,11.86,5,8.47,2,3.39,7,11.86,0,0,0,0,0,0,0,0,0,0,2,3.39,0,0,0,0,0,0,0,0,0,0,0,0,1,1.69,14,23.73,13,22.03,0,0,1,1.69,7,11.86,0,0,3,5.08,6,10.17,24,40.68,1,1.69,5,8.47,3,5.08,2,3.39,0,0,1,1.69,11,18.64,0,0,5,8.47,0,0,0,0,0,0,764,15
f0qnfolvse3450u6p4xcuv4es,Nikola Jadrní?ek,N. Jadrní?ek,Midfielder,Czechia Under 17,7oakkrk1ar2rcb4t2qyka9ir1,2025-11-17T19:50:25Z,69,0.77,Midfielders,dm,dm,1,0,0,0,0,0,0,2,2.6,0,0,0,0,0,0,9,11.69,1,1.3,0,0,12,15.58,0,0,2,2.6,0,0,0,0,0,0,0,0,0,0,0,0,0,0,0,0,1,1.3,0,0,0,0,5,3,3.9,6.49,2,40,40,2.6,9,11.69,2,2.6,8,10.39,2,2.6,0,0,0,0,0,0,2,2.6,0,0,0,0,0,0,0,0,0,0,0,0,0,0,0,0,0,0,0,0,5,3,3.9,6.49,2,2.6,0,0,0,0,0,0,0,0,2,2.6,2,2.6,0,0,0,0,15,19.48,0,0,0,98,98,40,51.95,0,0,0,0,0,0,0,0,0,0,0,0,0,0,0,0,0,0,0,0,4,5.19,4,5.19,0,0,0,0,0,0,3,3.9,0,0,0,0,10,12.99,0,0,0,0,0,0,0,0,0,0,0,0,0,0,0,0,0,0,1,1.3,0,0,1,1.3,0,0,1,1.3,1,1.3,0,0,1,1.3,1,1.3,0,0,0,0,1,1.3,4,5.19,39,50.65,13,16.88,29,37.66,37,48.05,0,0,0,0,0,0,0,0,0,0,1,1.3,0,0,0,0,0,0,0,0,1,1.3,2,2.6,2,2.6,6,7.79,42,54.55,0,0,1,1.3,41,53.25,0,0,3,3.9,1,1.3,57,74.03,0,0,0,0,0,0,0,0,0,0,1,1.3,1,1.3,0,0,0,0,0,0,0,0,0,0,765,6
6zrzp40dw0sl605x9pa5uruok,Jan Jakub Janega,J. Janega,Midfielder,Czechia Under 17,7oakkrk1ar2rcb4t2qyka9ir1,2025-11-17T19:50:25Z,231,2.57,Midfielders,am,am,1,1,1,0.39,0.39,0,0,4,1.56,1,0.39,0,0,0,0,13,5.06,0,0,0,0,21,8.17,0,0,8,3.11,0,0,0,0,0,0,9,3.5,1,0.39,0,0,0,0,0,0,2,0.78,33,33,0,0,25,13,5.06,9.73,12,48,48,4.67,63,24.51,5,1.95,13,5.06,2,0.78,0,0,0,0,0,0,4,1.56,1,0.39,0,0,0,0,0,2,1,0.39,1,0.39,0.78,0,0,0,0,0,0,0,24,12,4.67,9.34,12,4.67,0,0,0,0,0,0,0,0,0,0,7,2.72,0,0,0,0,19,7.39,0,1,0.39,77,77,52,20.23,0,0,0,0,0,0,0,0,0,0,0,0,0,0,0,0,0,0,0,0,11,4.28,8,3.11,0,0,4,2,0.78,1.56,10,3.89,0,0,0,0,13,5.06,0,0,0,0,0,0,0,0,0,0,0,0,0,0,0,0,1,0.39,1,0.39,0,0,3,1.17,0,0,2,0.78,1,0.39,4,1.56,6,2.33,2,0.78,1,0.39,1,0.39,1,0.39,4,1.56,40,15.56,37,14.4,15,5.84,42,16.34,3,1.17,4,1.56,0,0,0,0,0,0,4,1.56,2,0.78,1,0.39,0,0,0,0,2,0.78,4,1.56,4,1.56,38,14.79,58,22.57,0,0,2,0.78,46,17.9,7,2.72,9,3.5,12,4.67,112,43.58,3,1.17,11,4.28,3,1.17,2,0.78,1,0.39,2,0.78,21,8.17,2,0.78,10,3.89,0,0,0,0,0,0,766,10
aqlh4wckipla1obav77vf4mj8,Martin Ková?,M. Ková?,Defender,Czechia Under 17,7oakkrk1ar2rcb4t2qyka9ir1,2025-11-17T19:50:25Z,225,2.5,Full Backs,rb,rb,1,4,2,0.8,1.6,2,0.8,4,1.6,1,0.4,0,0,0,0,10,4,0,0,1,0.4,20,8,0,0,2,0.8,0,0,0,0,0,0,0,0,1,0.4,0,0,0,0,0,0,1,0.4,80,80,0,0,29,14,5.6,11.6,15,52,52,6,24,9.6,8,3.2,35,14,0,0,0,0,0,0,0,0,4,1.6,1,0.4,0,0,0,0,0,5,3,1.2,2,0.8,2,0,0,0,0,0,0,0,25,12,4.8,10,13,5.2,0,0,0,0,1,0.4,0,0,1,0.4,1,0.4,0,0,0,0,32,12.8,0,0,0,80,80,71,28.4,0,0,0,0,0,0,0,0,0,0,0,0,0,0,0,0,0,0,0,0,12,4.8,14,5.6,0,0,4,2,0.8,1.6,5,2,0,0,0,0,1,0.4,0,0,0,0,0,0,0,0,0,0,0,0,0,0,0,0,1,0.4,0,0,0,0,2,0.8,0,0,1,0.4,2,0.8,0,0,1,0.4,1,0.4,4,1.6,0,0,0,0,2,0.8,57,22.8,30,12,34,13.6,61,24.4,3,1.2,3,1.2,0,0,7,2.8,24,9.6,2,0.8,1,0.4,1,0.4,0,0,0,0,5,2,3,1.2,3,1.2,30,12,78,31.2,0,0,1,0.4,63,25.2,6,2.4,2,0.8,15,6,142,56.8,0,0,1,0.4,1,0.4,1,0.4,2,0.8,2,0.8,7,2.8,9,3.6,13,5.2,0,0,0,0,1,0.4,768,5
5id9r03jzi242ytxe4mlo6tck,Adam Novák,A. Novák,Forward,Czechia Under 17,7oakkrk1ar2rcb4t2qyka9ir1,2025-11-17T19:50:25Z,272,3.02,Wingers,rm,rm,1,7,2,0.66,2.32,5,1.66,4,1.32,2,0.66,0,0,0,0,11,3.64,3,0.99,0,0,37,12.25,0,0,3,0.99,0,0,0,0,0,0,0,0,4,1.32,0,0,0,0,0,0,6,1.99,44,44,0,0,47,23,7.62,15.56,24,51,51,7.95,64,21.19,9,2.98,28,9.27,2,0.66,0,0,0,0,0,0,4,1.32,2,0.66,0,0,0,0,0,4,3,0.99,1,0.33,1.32,0,0,0,0,0,0,0,40,21,6.95,13.25,19,6.29,0,0,0,0,0,0,0,0,0,0,1,0.33,0,0,0,0,23,7.62,0,1,0.33,66,66,67,22.19,0,0,0,0,0,0,0,0,0,0,0,0,0,0,0,0,0,0,0,0,20,6.62,7,2.32,0,0,11,5,1.66,3.64,15,4.97,0,0,0,0,5,1.66,0,0,0,0,0,0,0,0,0,0,0,0,0,0,0,0,2,0.66,1,0.33,0,0,4,1.32,0,0,4,1.32,0,0,0,0,3,0.99,3,0.99,7,2.32,0,0,1,0.33,3,0.99,44,14.57,31,10.26,16,5.3,41,13.58,2,0.66,7,2.32,1,0.33,0,0,3,0.99,15,4.97,3,0.99,0,0,0,0,0,0,0,0,2,0.66,3,0.99,63,20.86,67,22.19,0,0,3,0.99,44,14.57,9,2.98,12,3.97,23,7.62,147,48.68,0,0,9,2.98,9,2.98,9,2.98,0,0,2,0.66,27,8.94,5,1.66,21,6.95,0,0,0,0,0,0,770,17
bpmrun1i49crme41tahj4251w,Adam Paar,A. Paar,Goalkeeper,Czechia Under 17,7oakkrk1ar2rcb4t2qyka9ir1,2025-11-17T19:50:25Z,360,4,Goalkeepers,gk,gk,1,1,0,0,0.25,1,0.25,4,1,0,0,0,0,0,0,0,0,0,0,0,0,12,3,1,0.25,0,0,0,0,0,0,0,0,0,0,0,0,0,0,0,0,0,0,0,0,0,0,0,0,1,0,0,0.25,1,100,100,0.25,0,0,0,0,60,15,0,0,0,0,33,8.25,0,0,4,1,0,0,15,3.75,0,0,0,6,4,1,2,0.5,1.5,0,0,0,0,0,0,0,0,0,0,0,0,0,0,0,0,0,0,0,0,0,0,0,0,0,0,0,0,0,35,8.75,0,0,0,83,83,105,26.25,0,0,0,0,0,0,0,0,0,0,0,0,0,0,0,0,0,0,0,0,5,1.25,6,1.5,2,0.5,2,1,0.25,0.5,44,11,0,0,0,0,32,8,16,9,2.25,7,1.75,4,0,0,2,0.5,1,0.25,0,0,0,0,0,0,0,0,0,0,4,1,0,0,0,0,0,0,0,0,0,0,0,0,0,0,4,1,0,0,26,6.5,87,21.75,4,1,101,25.25,79,19.75,0,0,0,0,0,0,0,0,0,0,0,0,0,0,0,0,3,0.75,0,0,2,0.5,0,0,1,0.25,22,5.5,127,31.75,0,0,0,0,105,26.25,0,0,0,0,22,5.5,166,41.5,0,0,0,0,0,0,0,0,10,2.5,20,5,13,3.25,9,2.25,2,0.5,1,0.25,0,0,0,0,771,21
a7b2bvbelh54m9cbyd3glch04,Martin Palaš?ák,M. Palaš?ák,Midfielder,Czechia Under 17,7oakkrk1ar2rcb4t2qyka9ir1,2025-11-17T19:50:25Z,277,3.08,Midfielders,dm,dm,1,4,1,0.32,1.3,3,0.97,4,1.3,0,0,0,0,0,0,11,3.57,1,0.32,2,0.65,25,8.12,0,0,4,1.3,0,0,1,0.32,0,0,0,0,0,0,0,0,0,0,0,0,3,0.97,56,56,0,0,28,15,4.87,9.09,13,46,46,4.22,25,8.12,11,3.57,26,8.44,1,0.32,0,0,0,0,0,0,4,1.3,0,0,0,0,0,0,0,5,4,1.3,1,0.32,1.62,0,0,0,0,0,0,0,24,14,4.55,7.79,10,3.25,0,0,0,0,0,0,0,0,3,0.97,4,1.3,0,0,0,0,23,7.47,0,0,0,81,81,78,25.32,0,0,2,0.65,0,0,0,0,0,0,0,0,0,0,0,0,0,0,0,0,10,3.25,2,0.65,0,0,4,4,1.3,1.3,14,4.55,0,0,0,0,21,6.82,0,0,0,0,0,0,0,0,0,0,0,0,0,0,0,0,1,0.32,1,0.32,0,0,3,0.97,0,0,1,0.32,1,0.32,0,0,0,0,0,0,5,1.62,0,0,1,0.32,6,1.95,63,20.45,30,9.74,35,11.36,59,19.16,2,0.65,1,0.32,0,0,0,0,0,0,7,2.27,0,0,0,0,1,0.32,0,0,2,0.65,4,1.3,3,0.97,34,11.04,81,26.3,0,0,2,0.65,65,21.1,3,0.97,4,1.3,16,5.19,132,42.86,0,0,2,0.65,2,0.65,4,1.3,1,0.32,5,1.62,13,4.22,5,1.62,11,3.57,0,0,0,0,1,0.32,772,20
2bokdeq61nsm10xyy0j9e48ic,Sebastian Pech,S. Pech,Defender,Czechia Under 17,7oakkrk1ar2rcb4t2qyka9ir1,2025-11-17T19:50:25Z,360,4,Center Backs,cb,cb,1,9,4,1,2.25,5,1.25,4,1,0,0,0,0,0,0,14,3.5,0,0,4,1,57,14.25,0,0,1,0.25,0,0,0,0,0,0,2,0.5,1,0.25,0,0,0,0,0,0,0,0,0,0,0,0,16,6,1.5,4,10,62,62,2.5,7,1.75,17,4.25,96,24,0,0,0,0,1,0.25,1,0.25,4,1,0,0,2,0.5,0,0,0,6,4,1,2,0.5,1.5,0,0,0,0,0,0,0,7,2,0.5,1.75,5,1.25,0,0,0,0,0,0,0,0,2,0.5,1,0.25,0,0,0,0,65,16.25,0,0,0,86,86,266,66.5,0,0,0,0,0,0,0,0,0,0,0,0,0,0,0,0,0,0,0,0,32,8,18,4.5,0,0,2,1,0.25,0.5,8,2,0,0,0,0,107,26.75,0,0,0,0,0,0,0,0,0,0,0,0,0,0,0,0,0,0,0,0,0,0,4,1,0,0,0,0,0,0,1,0.25,1,0.25,0,0,0,0,5,1.25,0,0,35,8.75,230,57.5,54,13.5,191,47.75,209,52.25,0,0,4,1,0,0,0,0,2,0.5,0,0,0,0,0,0,0,0,0,0,15,3.75,1,0.25,1,0.25,41,10.25,282,70.5,0,0,0,0,244,61,4,1,0,0,38,9.5,321,80.25,0,0,2,0.5,1,0.25,0,0,14,3.5,27,6.75,26,6.5,14,3.5,11,2.75,0,0,0,0,1,0.25,773,13
f5hw3m397840ryw1bqpodfod0,Petr Potm?šil,P. Potm?šil,Forward,Czechia Under 17,7oakkrk1ar2rcb4t2qyka9ir1,2025-11-17T19:50:25Z,236,2.62,Wingers,lm,lm,1,6,5,1.91,2.29,1,0.38,4,1.53,0,0,0,0,2,0.76,14,5.34,3,1.15,0,0,22,8.4,0,0,4,1.53,0,0,0,0,67,67,0,0,4,1.53,0,0,0,0,0,0,6,2.29,17,17,0,0,28,20,7.63,10.69,8,29,29,3.05,65,24.81,3,1.15,17,6.49,0,0,0,0,0,0,0,0,4,1.53,0,0,0,0,0,0,2,3,2,0.76,1,0.38,1.15,2,0.76,2,0.76,0,0,0.76,22,15,5.73,8.4,7,2.67,1,0.38,0,0,1,0.38,0,0,2,0.76,4,1.53,0,0,1,0.38,3,1.15,118,2,0.76,59,59,51,19.47,0,0,0,0,0,0,0,0,0,0,0,0,0,0,0,0,0,0,0,0,10,3.82,6,2.29,0,0,7,2,0.76,2.67,6,2.29,0,0,1,0.38,18,6.87,0,0,0,0,0,0,0,0,0,0,0,0,0,0,0,0,0,0,3,1.15,2,2,2,0.76,0,0,1,0.38,2,0.76,0,0,2,0.76,2,0.76,1,0.38,0,0,0,0,2,0.76,30,11.45,24,9.16,9,3.44,29,11.07,0,0,3,1.15,0,0,0,0,0,0,11,4.2,2,0.76,1,0.38,0,0,2,0.76,2,0.76,3,1.15,3,1.15,47,17.94,52,19.85,0,0,3,1.15,31,11.83,3,1.15,16,6.11,21,8.02,104,39.69,0,0,7,2.67,7,2.67,5,1.91,1,0.38,4,1.53,24,9.16,4,1.53,17,6.49,1,0.38,0,0,0,0,774,11
bowlrae6ezghypthbq6zao55g,Vít Škrko?,V. Škrko?,Forward,Czechia Under 17,7oakkrk1ar2rcb4t2qyka9ir1,2025-11-17T19:50:25Z,332,3.69,Strikers,st,st,1,8,3,0.81,2.17,5,1.36,4,1.08,0,0,0,0,3,0.81,10,2.71,2,0.54,0,0,13,3.52,0,0,1,0.27,0,0,0,0,40,40,0,0,0,0,0,0,0,0,0,0,6,1.63,20,20,0,0,25,14,3.79,6.78,11,44,44,2.98,45,12.2,1,0.27,6,1.63,0,0,0,0,0,0,0,0,4,1.08,0,0,0,0,0,0,4,5,4,1.08,1,0.27,1.36,4,1.08,4,1.08,0,0,1.08,17,11,2.98,4.61,6,1.63,2,0.54,1,0.27,1,0.27,1,0.27,0,0,1,0.27,0,0,2,0.54,13,3.52,83,1,0.27,74,74,34,9.21,0,0,1,0.27,0,0,0,0,0,0,0,0,0,0,0,0,0,0,0,0,6,1.63,1,0.27,0,0,4,2,0.54,1.08,7,1.9,0,0,1,0.27,8,2.17,0,0,0,0,0,0,0,0,0,0,0,0,0,0,0,0,5,1.36,5,1.36,2,2,4,1.08,0,0,1,0.27,0,0,0,0,0,0,0,0,1,0.27,0,0,6,1.63,0,0,25,6.78,17,4.61,11,2.98,28,7.59,0,0,2,0.54,0,0,0,0,1,0.27,10,2.71,0,0,1,0.27,0,0,4,1.08,2,0.54,3,0.81,3,0.81,38,10.3,37,10.03,0,0,10,2.71,28,7.59,2,0.54,27,7.32,9,2.44,98,26.56,0,0,0,0,0,0,4,1.08,0,0,0,0,7,1.9,2,0.54,9,2.44,0,0,1,0.27,0,0,775,9
447xbdl414dk1mbi68hr37ris,Hugo Soch?rek,H. Soch?rek,Midfielder,Czechia Under 17,7oakkrk1ar2rcb4t2qyka9ir1,2025-11-17T19:50:25Z,345,3.83,Midfielders,dm,dm,1,4,2,0.52,1.04,2,0.52,4,1.04,0,0,0,0,0,0,28,7.31,2,0.52,0,0,64,16.71,0,0,3,0.78,0,0,0,0,0,0,0,0,4,1.04,0,0,0,0,0,0,3,0.78,75,75,0,0,36,8,2.09,9.4,28,78,78,7.31,48,12.53,16,4.18,34,8.88,0,0,0,0,0,0,0,0,4,1.04,0,0,0,0,0,0,0,6,4,1.04,2,0.52,1.57,0,0,0,0,0,0,0,32,6,1.57,8.36,26,6.79,0,0,0,0,0,0,0,0,4,1.04,3,0.78,0,0,0,0,27,7.05,0,0,0,87,87,135,35.25,0,0,0,0,0,0,0,0,0,0,0,0,0,0,0,0,0,0,0,0,39,10.18,7,1.83,0,0,5,2,0.52,1.31,24,6.27,0,0,0,0,50,13.05,0,0,0,0,0,0,0,0,0,0,0,0,0,0,0,0,1,0.26,5,1.31,0,0,4,1.04,0,0,1,0.26,0,0,0,0,0,0,0,0,6,1.57,0,0,3,0.78,10,2.61,117,30.55,61,15.93,60,15.67,111,28.98,2,0.52,8,2.09,0,0,0,0,1,0.26,5,1.31,0,0,0,0,0,0,0,0,2,0.52,0,0,10,2.61,38,9.92,139,36.29,0,0,6,1.57,121,31.59,10,2.61,10,2.61,18,4.7,211,55.09,0,0,2,0.52,2,0.52,2,0.52,0,0,4,1.04,15,3.92,5,1.31,14,3.66,0,0,0,0,0,0,776,19
a786n9f4kongc1wexhfbn2wwk,Matyáš Tomek,M. Tomek,Forward,Czechia Under 17,7oakkrk1ar2rcb4t2qyka9ir1,2025-11-17T19:50:25Z,118,1.31,Wingers,lm,lm,1,4,3,2.29,3.05,1,0.76,3,2.29,0,0,0,0,0,0,5,3.82,1,0.76,1,0.76,3,2.29,0,0,2,1.53,0,0,0,0,0,0,0,0,0,0,0,0,0,0,0,0,2,1.53,0,0,0,0,17,10,7.63,12.98,7,41,41,5.34,25,19.08,1,0.76,3,2.29,1,0.76,0,0,0,0,0,0,3,2.29,0,0,0,0,0,0,0,2,1,0.76,1,0.76,1.53,0,0,0,0,0,0,0,13,7,5.34,9.92,6,4.58,0,0,0,0,0,0,0,0,1,0.76,2,1.53,0,0,0,0,7,5.34,0,0,0,82,82,22,16.79,0,0,0,0,0,0,0,0,0,0,0,0,0,0,0,0,0,0,0,0,3,2.29,4,3.05,0,0,5,3,2.29,3.82,4,3.05,0,0,0,0,7,5.34,0,0,0,0,0,0,0,0,0,0,0,0,0,0,0,0,1,0.76,0,0,0,0,1,0.76,0,0,1,0.76,2,1.53,0,0,1,0.76,1,0.76,0,0,0,0,0,0,1,0.76,18,13.74,11,8.4,8,6.11,17,12.98,0,0,2,1.53,0,0,0,0,2,1.53,3,2.29,1,0.76,0,0,0,0,0,0,2,1.53,2,1.53,4,3.05,10,7.63,22,16.79,0,0,1,0.76,18,13.74,2,1.53,6,4.58,4,3.05,49,37.4,0,0,1,0.76,1,0.76,1,0.76,0,0,0,0,5,3.82,0,0,4,3.05,0,0,0,0,0,0,778,7
2pqpwdglhdkm4b2uzgiw8pg5w,Jonáš Topi?,J. Topi?,Defender,Czechia Under 17,7oakkrk1ar2rcb4t2qyka9ir1,2025-11-17T19:50:25Z,217,2.41,Full Backs,rb,"rb,lb",2,7,5,2.07,2.9,2,0.83,3,1.24,1,0.41,0,0,0,0,11,4.56,0,0,1,0.41,24,9.96,0,0,1,0.41,0,0,0,0,0,0,0,0,0,0,0,0,0,0,0,0,1,0.41,33,33,0,0,20,13,5.39,8.3,7,35,35,2.9,28,11.62,6,2.49,30,12.45,1,0.41,0,0,0,0,0,0,3,1.24,1,0.41,0,0,0,0,0,4,3,1.24,1,0.41,1.66,0,0,0,0,0,0,0,13,8,3.32,5.39,5,2.07,0,0,0,0,0,0,0,0,4,1.66,0,0,0,0,0,0,19,7.88,0,0,0,79,79,75,31.12,0,0,2,0.83,0,0,0,0,0,0,0,0,0,0,0,0,0,0,0,0,19,7.88,6,2.49,0,0,4,1,0.41,1.66,9,3.73,0,0,0,0,15,6.22,0,0,0,0,0,0,0,0,0,0,0,0,0,0,0,0,2,0.83,1,0.41,0,0,3,1.24,0,0,2,0.83,0,0,0,0,0,0,0,0,1,0.41,0,0,0,0,2,0.83,59,24.48,28,11.62,31,12.86,57,23.65,3,1.24,0,0,0,0,3,1.24,15,6.22,3,1.24,1,0.41,0,0,0,0,0,0,4,1.66,3,1.24,1,0.41,29,12.03,75,31.12,0,0,3,1.24,59,24.48,3,1.24,5,2.07,16,6.64,128,53.11,0,0,2,0.83,2,0.83,2,0.83,0,0,2,0.83,13,5.39,5,2.07,14,5.81,0,0,0,0,0,0,779,18
d14tit0inh3n731bbmg0n3y1g,Lukáš Van?k,L. Van?k,Defender,Czechia Under 17,7oakkrk1ar2rcb4t2qyka9ir1,2025-11-17T19:50:25Z,293,3.26,Full Backs,lb,lb,1,7,6,1.84,2.15,1,0.31,4,1.23,0,0,0,0,0,0,19,5.83,0,0,4,1.23,43,13.19,0,0,3,0.92,0,0,0,0,0,0,6,1.84,3,0.92,0,0,0,0,0,0,4,1.23,25,25,0,0,39,21,6.44,11.96,18,46,46,5.52,59,18.1,7,2.15,44,13.5,2,0.61,0,0,0,0,0,0,4,1.23,0,0,0,0,0,0,0,4,3,0.92,1,0.31,1.23,0,0,0,0,0,0,0,32,15,4.6,9.82,17,5.21,0,0,0,0,0,0,0,0,2,0.61,3,0.92,0,0,0,0,5,1.53,0,1,0.31,85,85,97,29.75,0,0,1,0.31,0,0,0,0,0,0,0,0,0,0,0,0,0,0,0,0,25,7.67,15,4.6,0,0,5,3,0.92,1.53,10,3.07,0,0,0,0,40,12.27,0,0,0,0,0,0,0,0,0,0,0,0,1,0.31,0,0,2,0.61,0,0,0,0,3,0.92,0,0,0,0,1,0.31,1,0.31,2,0.61,1,0.31,2,0.61,0,0,0,0,5,1.53,82,25.15,45,13.8,50,15.34,88,26.99,3,0.92,6,1.84,0,0,7,2.15,20,6.13,10,3.07,0,0,0,0,0,0,0,0,8,2.45,3,0.92,6,1.84,48,14.72,108,33.13,0,0,2,0.61,93,28.53,9,2.76,4,1.23,15,4.6,208,63.8,4,1.23,4,1.23,0,0,6,1.84,2,0.61,6,1.84,15,4.6,4,1.23,9,2.76,0,0,0,0,1,0.31,780,8
u7b4fqyxekx7au5vizm56t5g,Nazrullo Ashuralizoda,N. Ashuralizoda,Forward,Tajikistan Under 17,4k7fqlpfsgewjsp1maoiv3q4,2025-11-14T14:46:46Z,159,1.77,Wingers,rm,rm,1,3,1,0.56,1.69,2,1.13,3,1.69,0,0,0,0,0,0,5,2.82,1,0.56,0,0,11,6.21,0,0,0,0,0,0,0,0,0,0,2,1.13,1,0.56,0,0,0,0,0,0,3,1.69,0,0,0,0,16,10,5.65,9.04,6,38,38,3.39,19,10.73,1,0.56,11,6.21,0,0,0,0,0,0,0,0,3,1.69,0,0,0,0,0,0,0,6,6,3.39,0,0,3.39,0,0,0,0,0,0,0,13,9,5.08,7.34,4,2.26,0,0,0,0,0,0,0,0,3,1.69,0,0,0,0,0,0,11,6.21,0,0,0,78,78,32,18.08,0,0,0,0,0,0,0,0,0,0,0,0,0,0,0,0,0,2,1.13,0,8,4.52,3,1.69,0,0,1,1,0.56,0.56,8,4.52,0,0,0,0,5,2.82,0,0,0,0,0,0,0,0,0,0,0,0,0,0,0,0,0,0,2,1.13,0,0,1,0.56,0,0,1,0.56,2,1.13,0,0,0,0,0,0,0,0,1,0.56,0,0,1,0.56,25,14.12,16,9.04,9,5.08,24,13.56,2,1.13,0,0,0,0,0,0,1,0.56,5,2.82,0,0,0,0,0,0,0,0,0,0,2,1.13,2,1.13,22,12.43,32,18.08,0,0,2,1.13,25,14.12,2,1.13,3,1.69,7,3.95,63,35.59,2,1.13,4,2.26,2,1.13,2,1.13,1,0.56,1,0.56,8,4.52,3,1.69,6,3.39,0,0,0,0,0,0,783,9
adjc31o3qm4s4aidd19av8idw,Ramazon Bakhtaliev,R. Bakhtaliev,Midfielder,Tajikistan Under 17,4k7fqlpfsgewjsp1maoiv3q4,2025-11-14T14:46:46Z,208,2.31,Midfielders,cm,"cm,dm",2,7,3,1.3,3.03,4,1.73,3,1.3,0,0,0,0,0,0,3,1.3,0,0,1,0.43,18,7.79,0,0,1,0.43,0,0,0,0,0,0,0,0,0,0,0,0,0,0,0,0,1,0.43,67,67,0,0,33,9,3.9,14.29,24,73,73,10.39,15,6.49,5,2.16,21,9.09,3,1.3,0,0,0,0,0,0,3,1.3,0,0,0,0,0,0,0,8,8,3.46,0,0,3.46,0,0,0,0,0,0,0,26,6,2.6,11.26,20,8.66,1,0.43,0,0,0,0,0,0,3,1.3,1,0.43,0,0,0,0,11,4.76,0,0,0,76,76,50,21.65,0,0,0,0,0,0,1,0.43,0,0,0,0,0,0,0,0,0,2,0.87,0,9,3.9,3,1.3,0,0,3,2,0.87,1.3,12,5.19,0,0,0,0,19,8.23,0,0,0,0,0,0,0,0,0,0,0,0,0,0,0,0,2,0.87,0,0,0,0,2,0.87,0,0,2,0.87,1,0.43,0,0,0,0,0,0,2,0.87,0,0,1,0.43,5,2.16,38,16.45,24,10.39,17,7.36,36,15.58,2,0.87,6,2.6,1,0.43,0,0,0,0,2,0.87,0,0,0,0,0,0,0,0,3,1.3,4,1.73,10,4.33,23,9.96,54,23.38,0,0,2,0.87,41,17.75,8,3.46,1,0.43,13,5.63,100,43.29,0,0,0,0,0,0,1,0.43,0,0,2,0.87,10,4.33,3,1.3,11,4.76,0,0,0,0,0,0,784,8
912gxh4vhpsn5y1h9v4r0lqms,Parviz Bobonazarov,P. Bobonazarov,Midfielder,Tajikistan Under 17,4k7fqlpfsgewjsp1maoiv3q4,2025-11-14T14:46:46Z,192,2.13,Midfielders,dm,dm,1,8,4,1.88,3.76,4,1.88,3,1.41,0,0,0,0,0,0,18,8.45,0,0,2,0.94,14,6.57,0,0,0,0,0,0,0,0,0,0,1,0.47,0,0,0,0,0,0,0,0,1,0.47,75,75,0,0,25,13,6.1,11.74,12,48,48,5.63,22,10.33,6,2.82,31,14.55,1,0.47,0,0,0,0,0,0,3,1.41,0,0,0,0,0,0,0,6,6,2.82,0,0,2.82,0,0,0,0,0,0,0,17,9,4.23,7.98,8,3.76,0,0,0,0,0,0,0,0,4,1.88,0,0,0,0,0,0,15,7.04,0,0,0,76,76,78,36.62,0,0,0,0,0,0,0,0,0,0,0,0,0,0,0,0,0,2,0.94,0,5,2.35,4,1.88,0,0,7,3,1.41,3.29,7,3.29,0,0,0,0,18,8.45,0,0,0,0,0,0,0,0,0,0,0,0,0,0,0,0,0,0,0,0,0,0,2,0.94,0,0,0,0,1,0.47,0,0,1,0.47,1,0.47,3,1.41,0,0,3,1.41,2,0.94,59,27.7,33,15.49,31,14.55,61,28.64,1,0.47,3,1.41,0,0,0,0,1,0.47,2,0.94,0,0,0,0,0,0,0,0,4,1.88,2,0.94,1,0.47,28,13.15,82,38.5,0,0,0,0,63,29.58,4,1.88,0,0,19,8.92,124,58.22,1,0.47,2,0.94,1,0.47,1,0.47,5,2.35,8,3.76,15,7.04,6,2.82,11,5.16,0,0,0,0,0,0,785,17
b53xqdqk88symvdh4gzfempsk,Mustafo Hasanbekov,M. Hasanbekov,Defender,Tajikistan Under 17,4k7fqlpfsgewjsp1maoiv3q4,2025-11-14T14:46:46Z,183,2.03,Center Backs,cb,cb,1,5,4,1.97,2.46,1,0.49,3,1.48,0,0,0,0,0,0,5,2.46,0,0,5,2.46,24,11.82,0,0,0,0,0,0,1,0.49,0,0,0,0,0,0,0,0,0,0,0,0,0,0,0,0,0,0,8,6,2.96,3.94,2,25,25,0.99,3,1.48,1,0.49,38,18.72,1,0.49,0,0,0,0,0,0,3,1.48,0,0,0,0,0,0,0,6,6,2.96,0,0,2.96,0,0,0,0,0,0,0,3,2,0.99,1.48,1,0.49,0,0,0,0,0,0,0,0,1,0.49,0,0,0,0,0,0,43,21.18,0,0,0,83,83,103,50.74,0,0,0,0,0,0,1,0.49,0,0,0,0,0,0,0,0,0,2,0.99,0,5,2.46,2,0.99,0,0,2,2,0.99,0.99,3,1.48,0,0,0,0,19,9.36,0,0,0,0,0,0,0,0,0,0,0,0,0,0,0,0,0,0,0,0,0,0,2,0.99,0,0,0,0,1,0.49,0,0,0,0,0,0,0,0,2,0.99,0,0,4,1.97,85,41.87,14,6.9,72,35.47,82,40.39,0,0,1,0.49,0,0,0,0,0,0,0,0,0,0,0,0,1,0.49,0,0,11,5.42,1,0.49,0,0,19,9.36,105,51.72,0,0,0,0,86,42.36,1,0.49,0,0,19,9.36,126,62.07,0,0,0,0,0,0,0,0,11,5.42,12,5.91,13,6.4,6,2.96,7,3.45,0,0,0,0,0,0,786,5
2cu5c562x4hsfkjnsra00pudw,Abdullo Ibragimzoda,A. Ibragimzoda,Midfielder,Tajikistan Under 17,4k7fqlpfsgewjsp1maoiv3q4,2025-11-14T14:46:46Z,136,1.51,Wingers,lm,lm,1,2,2,1.32,1.32,0,0,3,1.99,0,0,0,0,0,0,8,5.3,1,0.66,0,0,34,22.52,0,0,0,0,0,0,0,0,0,0,1,0.66,1,0.66,0,0,0,0,0,0,1,0.66,53,53,0,0,27,14,9.27,17.88,13,48,48,8.61,32,21.19,2,1.32,9,5.96,0,0,0,0,0,0,0,0,3,1.99,0,0,0,0,0,0,0,6,6,3.97,0,0,3.97,0,0,0,0,0,0,0,25,12,7.95,16.56,13,8.61,0,0,0,0,0,0,0,0,2,1.32,0,0,0,0,0,0,3,1.99,0,0,0,66,66,35,23.18,0,0,0,0,0,0,0,0,0,0,0,0,0,0,0,0,0,2,1.32,0,21,13.91,7,4.64,0,0,1,0,0,0.66,9,5.96,0,0,0,0,16,10.6,0,0,0,0,0,0,0,0,0,0,0,0,0,0,0,0,0,0,0,0,0,0,1,0.66,0,0,1,0.66,2,1.32,0,0,1,0.66,1,0.66,10,6.62,1,0.66,1,0.66,4,2.65,23,15.23,15,9.93,10,6.62,20,13.25,1,0.66,2,1.32,0,0,0,0,4,2.65,10,6.62,0,0,0,0,0,0,0,0,1,0.66,1,0.66,0,0,36,23.84,36,23.84,0,0,0,0,24,15.89,3,1.99,11,7.28,12,7.95,90,59.6,0,0,2,1.32,2,1.32,9,5.96,0,0,1,0.66,10,6.62,4,2.65,11,7.28,0,0,0,0,0,0,787,15
56v5nthd8ge1zsadgiy3vqb6c,Haidarsho Khudoidodov,H. Khudoidodov,Midfielder,Tajikistan Under 17,4k7fqlpfsgewjsp1maoiv3q4,2025-11-14T14:46:46Z,52,0.58,Midfielders,cm,cm,1,1,1,1.72,1.72,0,0,2,3.45,0,0,1,1.72,0,0,2,3.45,0,0,1,1.72,9,15.52,0,0,2,3.45,0,0,0,0,0,0,1,1.72,0,0,0,0,0,0,0,0,0,0,0,0,0,0,4,3,5.17,6.9,1,25,25,1.72,9,15.52,1,1.72,6,10.34,1,1.72,0,0,0,0,0,0,2,3.45,0,0,0,0,0,0,0,4,4,6.9,0,0,6.9,0,0,0,0,0,0,0,3,2,3.45,5.17,1,1.72,0,0,0,0,0,0,0,0,0,0,2,3.45,0,0,0,0,2,3.45,0,0,0,64,64,11,18.97,0,0,0,0,0,0,0,0,0,0,0,0,0,0,0,0,0,0,0,0,3,5.17,3,5.17,0,0,1,0,0,1.72,3,5.17,0,0,0,0,1,1.72,0,0,0,0,0,0,0,0,0,0,0,0,0,0,0,0,0,0,1,1.72,0,0,1,1.72,0,0,1,1.72,1,1.72,0,0,1,1.72,1,1.72,0,0,0,0,0,0,0,0,7,12.07,5,8.62,3,5.17,7,12.07,0,0,0,0,0,0,0,0,1,1.72,0,0,0,0,0,0,0,0,0,0,0,0,1,1.72,1,1.72,8,13.79,11,18.97,0,0,1,1.72,7,12.07,0,0,0,0,4,6.9,20,34.48,1,1.72,3,5.17,1,1.72,0,0,0,0,2,3.45,7,12.07,0,0,2,3.45,0,0,0,0,0,0,789,11
cg3cifayabz7wughq4czef5zo,Asadbek Makhtumov,A. Makhtumov,Forward,Tajikistan Under 17,4k7fqlpfsgewjsp1maoiv3q4,2025-11-14T14:46:46Z,93,1.03,Strikers,st,st,1,1,0,0,0.97,1,0.97,3,2.91,0,0,0,0,0,0,9,8.74,0,0,0,0,4,3.88,0,0,0,0,0,0,0,0,0,0,0,0,0,0,0,0,0,0,0,0,0,0,0,0,0,0,6,2,1.94,5.83,4,67,67,3.88,15,14.56,0,0,2,1.94,0,0,0,0,0,0,0,0,3,2.91,0,0,0,0,0,0,0,6,6,5.83,0,0,5.83,0,0,0,0,0,0,0,5,2,1.94,4.85,3,2.91,0,0,0,0,0,0,0,0,0,0,0,0,0,0,0,0,3,2.91,0,0,0,82,82,11,10.68,0,0,0,0,0,0,0,0,0,0,0,0,0,0,0,0,0,1,0.97,0,2,1.94,1,0.97,0,0,1,1,0.97,0.97,1,0.97,0,0,0,0,0,0,0,0,0,0,0,0,0,0,0,0,0,0,0,0,0,0,2,1.94,0,0,0,0,1,0.97,0,0,1,0.97,2,1.94,0,0,0,0,0,0,0,0,0,0,0,0,0,0,9,8.74,7,6.8,5,4.85,12,11.65,0,0,1,0.97,0,0,0,0,0,0,2,1.94,0,0,0,0,0,0,0,0,0,0,0,0,2,1.94,6,5.83,14,13.59,0,0,2,1.94,12,11.65,1,0.97,4,3.88,2,1.94,27,26.21,0,0,0,0,0,0,2,1.94,0,0,0,0,2,1.94,0,0,2,1.94,0,0,0,0,0,0,791,14
3llntcmzujom6lmk17z91spp0,Abdusamad Melikmurodov,A. Melikmurodov,Defender,Tajikistan Under 17,4k7fqlpfsgewjsp1maoiv3q4,2025-11-14T14:46:46Z,270,3,Full Backs,lb,"cb,lb",2,3,0,0,1,3,1,3,1,0,0,0,0,0,0,15,5,1,0.33,0,0,19,6.33,0,0,0,0,0,0,0,0,0,0,0,0,0,0,0,0,0,0,0,0,1,0.33,0,0,0,0,17,7,2.33,5.67,10,59,59,3.33,3,1,10,3.33,65,21.67,1,0.33,0,0,0,0,0,0,3,1,0,0,0,0,0,0,0,10,10,3.33,0,0,3.33,0,0,0,0,0,0,0,14,7,2.33,4.67,7,2.33,0,0,0,0,0,0,0,0,3,1,0,0,0,0,0,0,14,4.67,0,0,0,80,80,120,40,0,0,0,0,0,0,0,0,0,0,0,0,0,0,0,0,0,2,0.67,0,8,2.67,8,2.67,0,0,4,1,0.33,1.33,12,4,0,0,0,0,29,9.67,0,0,0,0,0,0,0,0,0,0,0,0,0,0,0,0,0,0,0,0,0,0,3,1,0,0,0,0,0,0,0,0,0,0,0,0,0,0,3,1,0,0,4,1.33,96,32,35,11.67,64,21.33,95,31.67,2,0.67,4,1.33,0,0,10,3.33,11,3.67,2,0.67,0,0,0,0,0,0,0,0,18,6,2,0.67,1,0.33,38,12.67,123,41,0,0,0,0,99,33,6,2,0,0,24,8,184,61.33,0,0,0,0,0,0,1,0.33,7,2.33,10,3.33,12,4,12,4,14,4.67,0,0,0,0,0,0,792,2
17axrhv8ltjffpsugbsnitt04,Bakhodur Nazarzoda,B. Nazarzoda,Midfielder,Tajikistan Under 17,4k7fqlpfsgewjsp1maoiv3q4,2025-11-14T14:46:46Z,148,1.64,Midfielders,dm,dm,1,5,1,0.61,3.05,4,2.44,3,1.83,1,0.61,0,0,0,0,6,3.66,0,0,2,1.22,13,7.93,0,0,3,1.83,0,0,0,0,0,0,0,0,0,0,0,0,0,0,0,0,2,1.22,0,0,0,0,17,10,6.1,10.37,7,41,41,4.27,11,6.71,9,5.49,26,15.85,0,0,0,0,0,0,0,0,3,1.83,1,0.61,0,0,0,0,0,4,4,2.44,0,0,2.44,0,0,0,0,0,0,0,12,9,5.49,7.32,3,1.83,0,0,0,0,0,0,0,0,1,0.61,2,1.22,0,0,0,0,15,9.15,0,0,0,78,78,60,36.59,0,0,0,0,0,0,0,0,0,0,0,0,0,0,0,0,0,0,0,0,8,4.88,2,1.22,0,0,2,0,0,1.22,8,4.88,0,0,0,0,14,8.54,0,0,0,0,0,0,0,0,0,0,0,0,0,0,0,0,0,0,0,0,0,0,2,1.22,0,0,2,1.22,1,0.61,0,0,0,0,0,0,0,0,2,1.22,0,0,5,3.05,47,28.66,22,13.41,26,15.85,43,26.22,2,1.22,0,0,0,0,0,0,0,0,5,3.05,0,0,0,0,0,0,0,0,7,4.27,3,1.83,1,0.61,19,11.59,61,37.2,0,0,0,0,48,29.27,2,1.22,0,0,13,7.93,88,53.66,0,0,0,0,0,0,3,1.83,2,1.22,3,1.83,8,4.88,5,3.05,10,6.1,0,0,0,0,0,0,793,6
anp4ik76ho3rdbpvs6aau3c44,Muhammad Nazriev,M. Nazriev,Forward,Tajikistan Under 17,4k7fqlpfsgewjsp1maoiv3q4,2025-11-14T14:46:46Z,270,3,Strikers,st,st,1,5,3,1,1.67,2,0.67,3,1,0,0,1,0.33,1,0.33,29,9.67,0,0,1,0.33,20,6.67,0,0,3,1,0,0,0,0,33,33,0,0,1,0.33,0,0,0,0,0,0,5,1.67,29,29,0,0,20,15,5,6.67,5,25,25,1.67,52,17.33,1,0.33,9,3,1,0.33,0,0,0,0,0,0,3,1,0,0,0,0,0,0,2,10,10,3.33,0,0,3.33,2,0.67,1,0.33,1,0.33,0.67,15,12,4,5,3,1,0,0,0,0,0,0,1,0.33,0,0,3,1,0,0,1,0.33,6,2,135,1,0.33,82,82,50,16.67,0,0,1,0.33,0,0,0,0,0,0,0,0,0,0,0,0,0,2,0.67,0,12,4,3,1,0,0,1,0,0,0.33,3,1,0,0,1,0.33,11,3.67,0,0,0,0,0,0,0,0,0,0,0,0,0,0,0,0,3,1,3,1,3,3,3,1,0,0,0,0,0,0,0,0,0,0,0,0,2,0.67,0,0,1,0.33,0,0,41,13.67,33,11,13,4.33,46,15.33,1,0.33,0,0,0,0,0,0,0,0,10,3.33,0,0,1,0.33,0,0,1,0.33,3,1,1,0.33,0,0,35,11.67,55,18.33,0,0,6,2,46,15.33,1,0.33,10,3.33,9,3,96,32,0,0,2,0.67,2,0.67,5,1.67,0,0,0,0,9,3,2,0.67,9,3,2,0.67,0,0,0,0,794,7
59ojqtdubiir9if5gy737hkpg,Shukhrat Nurmatov,S. Nurmatov,Defender,Tajikistan Under 17,4k7fqlpfsgewjsp1maoiv3q4,2025-11-14T14:46:46Z,45,0.5,Center Backs,cb,cb,1,1,1,2,2,0,0,1,2,0,0,0,0,0,0,0,0,0,0,0,0,3,6,0,0,0,0,0,0,0,0,0,0,0,0,0,0,0,0,0,0,0,0,1,2,0,0,0,0,3,3,6,6,0,0,0,0,0,0,1,2,7,14,0,0,0,0,0,0,0,0,1,2,0,0,0,0,0,0,0,4,4,8,0,0,8,0,0,0,0,0,0,0,2,2,4,4,0,0,0,0,0,0,0,0,0,0,0,0,0,0,0,0,0,0,3,6,0,0,0,92,92,12,24,0,0,0,0,0,0,0,0,0,0,0,0,0,0,0,0,0,0,0,0,0,0,0,0,0,0,1,1,2,2,0,0,0,0,0,0,2,4,0,0,0,0,0,0,0,0,0,0,0,0,0,0,0,0,0,0,0,0,0,0,1,2,0,0,1,2,0,0,0,0,0,0,0,0,0,0,0,0,0,0,1,2,11,22,4,8,7,14,10,20,0,0,0,0,0,0,0,0,0,0,1,2,0,0,0,0,0,0,0,0,1,2,0,0,0,0,2,4,12,24,0,0,0,0,11,22,0,0,0,0,1,2,15,30,0,0,0,0,0,0,0,0,0,0,1,2,1,2,0,0,0,0,0,0,0,0,0,0,795,12
d5miedk3va8ba9mejw2jdd2c4,Mehrubon Odilzoda,M. Odilzoda,Midfielder,Tajikistan Under 17,4k7fqlpfsgewjsp1maoiv3q4,2025-11-14T14:46:46Z,179,1.99,Midfielders,am,am,1,5,3,1.51,2.51,2,1.01,3,1.51,1,0.5,0,0,0,0,23,11.56,0,0,0,0,15,7.54,0,0,5,2.51,0,0,0,0,0,0,0,0,0,0,0,0,0,0,0,0,1,0.5,50,50,0,0,19,10,5.03,9.55,9,47,47,4.52,23,11.56,11,5.53,27,13.57,1,0.5,0,0,0,0,0,0,3,1.51,1,0.5,0,0,0,0,0,4,4,2.01,0,0,2.01,0,0,0,0,0,0,0,14,7,3.52,7.04,7,3.52,0,0,0,0,0,0,0,0,4,2.01,4,2.01,0,0,0,0,38,19.1,0,0,0,88,87,104,52.26,0,0,0,0,0,0,0,0,0,0,0,0,0,0,0,0,0,1,0.5,0,6,3.02,5,2.51,0,0,3,1,0.5,1.51,11,5.53,0,0,0,0,21,10.55,0,0,0,0,0,0,0,0,0,0,0,0,0,0,0,0,2,1.01,0,0,0,0,2,1.01,0,0,2,1.01,1,0.5,0,0,0,0,0,0,1,0.5,1,0.5,2,1.01,3,1.51,91,45.73,39,19.6,56,28.14,92,46.23,0,0,3,1.51,1,0.5,0,0,0,0,2,1.01,1,0.5,0,0,0,0,0,0,4,2.01,1,0.5,3,1.51,26,13.07,109,54.77,0,0,2,1.01,95,47.74,3,1.51,2,1.01,14,7.04,142,71.36,0,0,2,1.01,2,1.01,1,0.5,2,1.01,2,1.01,13,6.53,3,1.51,12,6.03,0,0,0,0,0,0,796,21
d2olrzojls8g37yllpo6l1d78,Muhammadrahim Rahmonov,M. Rahmonov,Goalkeeper,Tajikistan Under 17,4k7fqlpfsgewjsp1maoiv3q4,2025-11-14T14:46:46Z,90,1,Goalkeepers,gk,gk,1,0,0,0,0,0,0,1,1,0,0,0,0,0,0,0,0,0,0,0,0,2,2,0,0,0,0,0,0,0,0,0,0,0,0,0,0,0,0,0,0,0,0,0,0,0,0,1,1,0,0,0,0,0,0,0,0,0,0,0,0,20,20,0,0,0,0,10,10,5,5,1,1,0,0,13,13,0,0,0,2,2,2,0,0,2,0,0,0,0,0,0,0,0,0,0,0,0,0,0,0,0,0,0,0,0,0,0,0,0,0,0,0,0,0,8,8,0,0,0,58,58,12,12,0,0,0,0,0,0,0,0,1,1,0,0,0,0,0,0,0,1,1,0,0,0,2,2,0,0,0,0,0,0,8,8,0,0,0,0,5,5,5,4,4,1,1,5,0,0,0,0,0,0,0,0,0,0,0,0,0,0,0,0,1,1,0,0,0,0,0,0,0,0,0,0,0,0,0,0,1,1,0,0,2,2,7,7,2,2,17,17,17,17,0,0,0,0,0,0,0,0,0,0,0,0,0,0,0,0,2,2,0,0,1,1,0,0,0,0,14,14,33,33,0,0,0,0,19,19,0,0,0,0,14,14,42,42,0,0,0,0,0,0,0,0,5,5,14,14,10,10,4,4,0,0,0,0,0,0,0,0,797,1
bc74jkfxoo3brn9pqsifcpz4k,Abubakr Rahmonqulov,A. Rahmonqulov,Goalkeeper,Tajikistan Under 17,4k7fqlpfsgewjsp1maoiv3q4,2025-11-14T14:46:46Z,180,2,Goalkeepers,gk,gk,1,2,0,0,1,2,1,2,1,0,0,0,0,0,0,0,0,0,0,0,0,4,2,1,0.5,1,0.5,0,0,0,0,0,0,0,0,0,0,0,0,0,0,0,0,0,0,0,0,1,0.5,3,1,0.5,1.5,2,67,67,1,0,0,2,1,22,11,0,0,0,0,28,14,2,1,2,1,0,0,20,10,0,0,0,8,8,4,0,0,4,0,0,0,0,0,0,0,1,1,0.5,0.5,0,0,0,0,0,0,0,0,0,0,0,0,1,0.5,0,0,0,0,12,6,0,0,0,88,88,16,8,0,0,0,0,0,0,0,0,2,1,0,0,1,0.5,0,0,0,1,0.5,0,0,0,8,4,1,0.5,0,0,0,0,18,9,0,0,0,0,10,5,7,4,2,3,1.5,3.5,1,0.5,1,0.5,0,0,0,0,0,0,0,0,0,0,0,0,2,1,0,0,0,0,0,0,0,0,0,0,0,0,0,0,1,0.5,0,0,12,6,14,7,9,4.5,28,14,25,12.5,0,0,0,0,0,0,0,0,0,0,0,0,0,0,0,0,4,2,0,0,2,1,0,0,0,0,7,3.5,44,22,0,0,0,0,37,18.5,0,0,0,0,7,3.5,65,32.5,0,0,0,0,0,0,0,0,2,1,7,3.5,7,3.5,0,0,0,0,0,0,0,0,0,0,798,16
4l9fw9fpbaym8msjbiylb13bo,Mehrojidin Rozykov,M. Rozykov,Defender,Tajikistan Under 17,4k7fqlpfsgewjsp1maoiv3q4,2025-11-14T14:46:46Z,270,3,Center Backs,cb,cb,1,11,3,1,3.67,8,2.67,3,1,0,0,0,0,0,0,7,2.33,0,0,4,1.33,22,7.33,0,0,0,0,0,0,1,0.33,0,0,0,0,0,0,0,0,0,0,0,0,0,0,0,0,0,0,18,5,1.67,6,13,72,72,4.33,2,0.67,4,1.33,61,20.33,2,0.67,0,0,0,0,0,0,3,1,0,0,0,0,0,0,0,10,10,3.33,0,0,3.33,0,0,0,0,0,0,0,7,2,0.67,2.33,5,1.67,0,0,0,0,0,0,0,0,8,2.67,0,0,0,0,0,0,42,14,0,0,0,80,80,147,49,0,0,0,0,0,0,0,0,0,0,0,0,0,0,0,0,0,2,0.67,0,11,3.67,2,0.67,0,0,3,2,0.67,1,14,4.67,0,0,0,0,42,14,0,0,0,0,0,0,0,0,0,0,0,0,0,0,0,0,0,0,0,0,0,0,3,1,0,0,0,0,0,0,0,0,0,0,0,0,0,0,1,0.33,0,0,4,1.33,118,39.33,27,9,94,31.33,117,39,0,0,4,1.33,0,0,0,0,0,0,0,0,0,0,0,0,1,0.33,0,0,22,7.33,2,0.67,1,0.33,36,12,152,50.67,0,0,0,0,121,40.33,4,1.33,1,0.33,31,10.33,211,70.33,0,0,0,0,0,0,0,0,9,3,13,4.33,13,4.33,18,6,18,6,0,0,0,0,1,0.33,799,4
al0s8tmxp1kjkhslzcbnlfnkk,Sadriddin Sattorov,S. Sattorov,Defender,Tajikistan Under 17,4k7fqlpfsgewjsp1maoiv3q4,2025-11-14T14:46:46Z,59,0.66,Full Backs,rb,rb,1,2,1,1.52,3.03,1,1.52,1,1.52,0,0,0,0,0,0,3,4.55,0,0,1,1.52,3,4.55,0,0,0,0,0,0,0,0,0,0,0,0,0,0,0,0,0,0,0,0,0,0,100,100,0,0,4,2,3.03,6.06,2,50,50,3.03,3,4.55,0,0,14,21.21,1,1.52,0,0,0,0,0,0,1,1.52,0,0,0,0,0,0,0,0,0,0,0,0,0,0,0,0,0,0,0,0,2,1,1.52,3.03,1,1.52,0,0,0,0,0,0,0,0,4,6.06,0,0,0,0,0,0,5,7.58,0,0,0,71,71,24,36.36,0,0,0,0,0,0,1,1.52,0,0,0,0,0,0,0,0,0,0,0,0,1,1.52,1,1.52,0,0,2,2,3.03,3.03,1,1.52,0,0,0,0,2,3.03,0,0,0,0,0,0,0,0,0,0,0,0,0,0,0,0,0,0,0,0,0,0,1,1.52,0,0,1,1.52,0,0,0,0,0,0,0,0,1,1.52,0,0,0,0,0,0,17,25.76,5,7.58,12,18.18,17,25.76,0,0,0,0,0,0,1,1.52,2,3.03,0,0,0,0,0,0,0,0,0,0,5,7.58,1,1.52,0,0,9,13.64,24,36.36,0,0,0,0,17,25.76,0,0,0,0,7,10.61,42,63.64,0,0,0,0,0,0,0,0,3,4.55,3,4.55,3,4.55,4,6.06,4,6.06,0,0,0,0,1,1.52,800,3
9gmubbvbkd8oqnqzlg6vrsvmc,Ahmadjon Shoev,A. Shoev,Defender,Tajikistan Under 17,4k7fqlpfsgewjsp1maoiv3q4,2025-11-14T14:46:46Z,267,2.97,Wingers,rm,"rm,rb",2,1,1,0.34,0.34,0,0,3,1.01,0,0,0,0,0,0,22,7.41,3,1.01,1,0.34,27,9.09,0,0,0,0,0,0,0,0,0,0,0,0,1,0.34,0,0,0,0,0,0,1,0.34,33,33,0,0,24,9,3.03,8.08,15,62,62,5.05,23,7.74,3,1.01,38,12.79,0,0,0,0,0,0,0,0,3,1.01,0,0,0,0,0,0,0,9,9,3.03,0,0,3.03,0,0,0,0,0,0,0,23,8,2.69,7.74,15,5.05,0,0,0,0,0,0,0,0,2,0.67,0,0,0,0,0,0,25,8.42,0,1,0.34,77,77,84,28.28,0,0,0,0,0,0,0,0,0,0,0,0,0,0,0,0,0,2,0.67,0,14,4.71,5,1.68,0,0,9,5,1.68,3.03,11,3.7,0,0,0,0,2,0.67,0,0,0,0,0,0,0,0,0,0,0,0,0,0,0,0,1,0.34,0,0,0,0,3,1.01,0,0,1,0.34,0,0,0,0,0,0,0,0,1,0.34,0,0,0,0,3,1.01,65,21.89,29,9.76,39,13.13,65,21.89,4,1.35,8,2.69,0,0,3,1.01,8,2.69,3,1.01,0,0,0,0,1,0.34,0,0,8,2.69,2,0.67,2,0.67,29,9.76,87,29.29,0,0,1,0.34,68,22.9,12,4.04,1,0.34,19,6.4,148,49.83,0,0,2,0.67,2,0.67,2,0.67,6,2.02,6,2.02,11,3.7,10,3.37,13,4.38,0,0,0,0,0,0,801,10
4883yl1lrc33lt9ek4d47z84,Zarif Zarifzoda,Z. Zarifzoda,Midfielder,Tajikistan Under 17,4k7fqlpfsgewjsp1maoiv3q4,2025-11-14T14:46:46Z,166,1.84,Wingers,lm,lm,1,1,1,0.54,0.54,0,0,3,1.63,0,0,0,0,0,0,9,4.89,0,0,2,1.09,27,14.67,0,0,2,1.09,0,0,0,0,0,0,1,0.54,2,1.09,0,0,0,0,0,0,4,2.17,67,67,0,0,18,11,5.98,9.78,7,39,39,3.8,44,23.91,9,4.89,43,23.37,1,0.54,0,0,0,0,0,0,3,1.63,0,0,0,0,0,0,0,6,6,3.26,0,0,3.26,0,0,0,0,0,0,0,17,10,5.43,9.24,7,3.8,0,0,0,0,0,0,0,0,2,1.09,2,1.09,0,0,0,0,5,2.72,0,0,0,77,77,79,42.93,0,0,1,0.54,0,0,0,0,0,0,0,0,0,0,0,0,0,0,0,0,14,7.61,8,4.35,0,0,8,3,1.63,4.35,11,5.98,0,0,0,0,23,12.5,0,0,0,0,0,0,0,0,0,0,0,0,0,0,0,0,2,1.09,0,0,0,0,2,1.09,0,0,1,0.54,1,0.54,0,0,1,0.54,1,0.54,4,2.17,0,0,1,0.54,0,0,61,33.15,38,20.65,25,13.59,62,33.7,0,0,3,1.63,0,0,1,0.54,14,7.61,6,3.26,1,0.54,0,0,0,0,0,0,2,1.09,2,1.09,0,0,34,18.48,80,43.48,0,0,2,1.09,62,33.7,3,1.63,0,0,18,9.78,131,71.2,0,0,3,1.63,3,1.63,2,1.09,0,0,5,2.72,16,8.7,5,2.72,13,7.07,0,0,0,0,0,0,802,13
d0pg9w0njsux841nz8amq80es,Alex Bob Noonan,A. Noonan,Goalkeeper,Republic of Ireland Under 17,469ico6kht36i8fzq39mdft5s,2025-11-19T11:07:50Z,450,5,Goalkeepers,gk,gk,1,1,0,0,0.2,1,0.2,5,1,0,0,0,0,0,0,0,0,0,0,0,0,16,3.2,5,1,0,0,1,0.2,0,0,0,0,0,0,1,0.2,0,0,0,0,0,0,0,0,0,0,1,0.2,3,1,0.2,0.6,2,67,67,0.4,0,0,6,1.2,96,19.2,0,0,0,0,47,9.4,15,3,5,1,0,0,41,8.2,2,0.4,0,6,4,0.8,2,0.4,1.2,0,0,0,0,0,0,0,2,1,0.2,0.4,1,0.2,0,0,0,0,0,0,0,0,0,0,0,0,0,0,0,0,19,3.8,0,0,0,79,79,94,18.8,0,0,0,0,0,0,0,0,0,0,0,0,0,0,0,0,0,0,0,0,6,1.2,23,4.6,0,0,0,0,0,0,46,9.2,0,0,0,0,42,8.4,12,8,1.6,4,0.8,2.4,0,0,0,0,3,0.6,0,0,0,0,0,0,0,0,0,0,5,1,0,0,0,0,0,0,0,0,0,0,0,0,0,0,10,2,0,0,36,7.2,74,14.8,25,5,83,16.6,72,14.4,0,0,0,0,0,0,0,0,0,0,0,0,0,0,0,0,3,0.6,0,0,6,1.2,0,0,1,0.2,50,10,157,31.4,0,0,0,0,108,21.6,0,0,0,0,49,9.8,205,41,0,0,0,0,0,0,0,0,22,4.4,48,9.6,37,7.4,12,2.4,1,0.2,0,0,0,0,0,0,803,1
8lp4di2vhygm54rw8kzgvcf10,Ryan Alex Butler,R. Butler,Defender,Republic of Ireland Under 17,469ico6kht36i8fzq39mdft5s,2025-11-19T11:07:50Z,450,5,Full Backs,rb,"rb,cb",2,19,2,0.4,3.8,17,3.4,5,1,0,0,0,0,0,0,23,4.6,1,0.2,4,0.8,22,4.4,0,0,2,0.4,1,0.2,0,0,0,0,0,0,0,0,0,0,0,0,0,0,1,0.2,50,50,0,0,42,8,1.6,8.4,34,81,81,6.8,39,7.8,20,4,82,16.4,0,0,0,0,0,0,0,0,5,1,0,0,0,0,0,0,0,6,4,0.8,2,0.4,1.2,0,0,0,0,0,0,0,23,6,1.2,4.6,17,3.4,0,0,0,0,0,0,0,0,4,0.8,2,0.4,1,0.2,0,0,37,7.4,0,0,0,70,70,142,28.4,0,0,0,0,0,0,0,0,0,0,0,0,0,0,0,0,0,0,0,0,12,2.4,22,4.4,0,0,5,2,0.4,1,11,2.2,0,0,0,0,5,1,0,0,0,0,0,0,0,0,0,0,0,0,0,0,0,0,0,0,3,0.6,0,0,5,1,0,0,0,0,0,0,0,0,1,0.2,1,0.2,1,0.2,2,0.4,1,0.2,10,2,99,19.8,53,10.6,52,10.4,94,18.8,2,0.4,7,1.4,0,0,4,0.8,25,5,2,0.4,0,0,1,0.2,0,0,0,0,26,5.2,3,0.6,7,1.4,55,11,147,29.4,0,0,3,0.6,104,20.8,9,1.8,6,1.2,43,8.6,250,50,0,0,4,0.8,4,0.8,1,0.2,11,2.2,20,4,32,6.4,15,3,23,4.6,1,0.2,1,0.2,0,0,804,12
5a15468f9nrtssk5x1r4rd1xw,Joshua Charlie Cullen,J. Cullen,Defender,Republic of Ireland Under 17,469ico6kht36i8fzq39mdft5s,2025-11-19T11:07:50Z,62,0.69,Center Backs,cb,cb,1,4,1,1.45,5.8,3,4.35,1,1.45,0,0,0,0,0,0,4,5.8,0,0,0,0,3,4.35,0,0,0,0,0,0,0,0,0,0,0,0,0,0,0,0,0,0,0,0,0,0,0,0,0,0,5,1,1.45,7.25,4,80,80,5.8,2,2.9,7,10.14,17,24.64,0,0,0,0,1,1.45,0,0,1,1.45,0,0,1,1.45,0,0,0,0,0,0,0,0,0,0,0,0,0,0,0,0,1,0,0,1.45,1,1.45,0,0,0,0,0,0,0,0,0,0,0,0,0,0,0,0,9,13.04,0,0,0,69,69,32,46.38,0,0,0,0,0,0,0,0,0,0,0,0,0,0,0,0,0,0,0,0,1,1.45,6,8.7,0,0,1,0,0,1.45,0,0,0,0,0,0,4,5.8,0,0,0,0,0,0,0,0,0,0,0,0,0,0,0,0,0,0,0,0,0,0,1,1.45,0,0,1,1.45,0,0,0,0,0,0,0,0,0,0,1,1.45,0,0,6,8.7,22,31.88,7,10.14,17,24.64,18,26.09,0,0,1,1.45,0,0,1,1.45,6,8.7,0,0,0,0,0,0,0,0,0,0,3,4.35,0,0,0,0,12,17.39,34,49.28,0,0,0,0,24,34.78,1,1.45,0,0,10,14.49,49,71.01,0,0,0,0,0,0,0,0,3,4.35,5,7.25,8,11.59,2,2.9,5,7.25,0,0,0,0,0,0,805,2
4bi3eja8dkrtrbq77zkktqas4,Rory James Finneran,R. Finneran,Midfielder,Republic of Ireland Under 17,469ico6kht36i8fzq39mdft5s,2025-11-19T11:07:50Z,450,5,Midfielders,dm,dm,1,10,6,1.2,2,4,0.8,5,1,1,0.2,1,0.2,0,0,16,3.2,2,0.4,6,1.2,32,6.4,0,0,8,1.6,1,0.2,0,0,0,0,13,2.6,0,0,0,0,0,0,0,0,9,1.8,78,78,0,0,58,28,5.6,11.6,30,52,52,6,54,10.8,20,4,67,13.4,1,0.2,0,0,0,0,0,0,5,1,1,0.2,0,0,0,0,0,6,4,0.8,2,0.4,1.2,0,0,0,0,0,0,0,48,22,4.4,9.6,26,5.2,0,0,0,0,0,0,0,0,12,2.4,7,1.4,0,0,0,0,37,7.4,0,0,0,77,77,141,28.2,0,0,0,0,0,0,0,0,0,0,0,0,0,0,0,0,0,0,0,0,17,3.4,11,2.2,0,0,7,5,1,1.4,31,6.2,0,0,0,0,38,7.6,0,0,0,0,0,0,0,0,0,0,0,0,0,0,0,0,0,0,2,0.4,0,0,5,1,0,0,0,0,0,0,5,1,6,1.2,1,0.2,7,1.4,2,0.4,1,0.2,19,3.8,109,21.8,75,15,54,10.8,104,20.8,6,1.2,7,1.4,0,0,0,0,0,0,11,2.2,3,0.6,0,0,0,0,0,0,12,2.4,4,0.8,6,1.2,71,14.2,158,31.6,0,0,2,0.4,123,24.6,13,2.6,2,0.4,35,7,277,55.4,7,1.4,14,2.8,1,0.2,2,0.4,9,1.8,15,3,42,8.4,7,1.4,20,4,0,0,0,0,0,0,807,6
5qhpe04mgfja6p41nh9s6czro,Maxim Kovalevskis,M. Kovalevskis,Forward,Republic of Ireland Under 17,469ico6kht36i8fzq39mdft5s,2025-11-19T11:07:50Z,108,1.2,Wingers,rm,"rm,rw",2,2,1,0.83,1.67,1,0.83,2,1.67,0,0,0,0,1,0.83,5,4.17,0,0,0,0,9,7.5,0,0,1,0.83,0,0,0,0,100,100,0,0,0,0,0,0,0,0,0,0,1,0.83,60,60,0,0,20,9,7.5,16.67,11,55,55,9.17,19,15.83,0,0,8,6.67,1,0.83,0,0,0,0,0,0,2,1.67,0,0,0,0,0,0,1,1,1,0.83,0,0,0.83,1,0.83,1,0.83,0,0,0.83,18,8,6.67,15,10,8.33,0,0,0,0,0,0,0,0,0,0,1,0.83,0,0,1,0.83,5,4.17,108,0,0,68,68,19,15.83,0,0,0,0,0,0,0,0,0,0,0,0,0,0,0,0,0,0,0,0,6,5,2,1.67,0,0,1,0,0,0.83,0,0,0,0,0,0,1,0.83,0,0,0,0,0,0,0,0,0,0,0,0,0,0,0,0,0,0,1,0.83,1,1,2,1.67,0,0,2,1.67,0,0,0,0,0,0,0,0,3,2.5,0,0,1,0.83,0,0,13,10.83,8,6.67,5,4.17,13,10.83,3,2.5,1,0.83,0,0,0,0,0,0,3,2.5,0,0,0,0,0,0,1,0.83,0,0,2,1.67,3,2.5,17,14.17,19,15.83,0,0,1,0.83,13,10.83,4,3.33,7,5.83,6,5,45,37.5,0,0,3,2.5,3,2.5,2,1.67,0,0,0,0,7,5.83,2,1.67,6,5,0,0,0,0,0,0,808,17
f4vhv7infc8twrhls2nomaplg,Vincent Scott McGinley Leonard,V. Leonard,Defender,Republic of Ireland Under 17,469ico6kht36i8fzq39mdft5s,2025-11-19T11:07:50Z,450,5,Center Backs,cb,cb,1,27,8,1.6,5.4,19,3.8,5,1,0,0,0,0,1,0.2,14,2.8,1,0.2,4,0.8,45,9,0,0,2,0.4,1,0.2,0,0,33,33,0,0,0,0,0,0,0,0,0,0,0,0,100,100,0,0,38,12,2.4,7.6,26,68,68,5.2,11,2.2,10,2,74,14.8,0,0,0,0,0,0,0,0,5,1,0,0,0,0,0,0,1,6,4,0.8,2,0.4,1.2,0,0,1,0.2,0,0,0.2,11,4,0.8,2.2,7,1.4,0,0,0,0,0,0,0,0,3,0.6,2,0.4,0,0,0,0,64,12.8,450,1,0.2,83,83,208,41.6,0,0,0,0,0,0,0,0,0,0,0,0,0,0,0,0,0,0,0,0,22,4.4,10,2,0,0,2,1,0.2,0.4,16,3.2,0,0,1,0.2,74,14.8,0,0,0,0,0,0,0,0,0,0,0,0,0,0,0,0,0,0,3,0.6,3,3,5,1,0,0,0,0,0,0,0,0,0,0,0,0,3,0.6,4,0.8,0,0,31,6.2,172,34.4,47,9.4,141,28.2,157,31.4,1,0.2,2,0.4,1,0.2,0,0,0,0,0,0,0,0,1,0.2,0,0,1,0.2,28,5.6,1,0.2,1,0.2,40,8,226,45.2,0,0,3,0.6,188,37.6,3,0.6,7,1.4,38,7.6,283,56.6,0,0,0,0,0,0,0,0,10,2,21,4.2,28,5.6,10,2,17,3.4,0,0,0,0,0,0,810,5
b14nboxv4liaxr3jscd2okhlg,Ramón David Martos Pugh,R. Martos,Midfielder,Republic of Ireland Under 17,469ico6kht36i8fzq39mdft5s,2025-11-19T11:07:50Z,328,3.64,Midfielders,cm,"am,cm,dm",3,6,6,1.65,1.65,0,0,5,1.37,1,0.27,1,0.27,0,0,25,6.87,3,0.82,2,0.55,24,6.59,0,0,8,2.2,0,0,0,0,0,0,3,0.82,3,0.82,0,0,0,0,0,0,3,0.82,50,50,0,0,49,26,7.14,13.46,23,47,47,6.32,54,14.84,16,4.4,38,10.44,8,2.2,0,0,0,0,0,0,5,1.37,1,0.27,0,0,0,0,0,2,2,0.55,0,0,0.55,0,0,0,0,0,0,0,43,20,5.49,11.81,23,6.32,2,0.55,0,0,0,0,0,0,4,1.1,7,1.92,0,0,0,0,35,9.62,0,0,0,87,87,125,34.34,0,0,0,0,0,0,0,0,0,0,0,0,0,0,0,0,0,0,0,0,12,3.3,13,3.57,0,0,6,3,0.82,1.65,17,4.67,0,0,0,0,35,9.62,0,0,0,0,0,0,0,0,0,0,0,0,0,0,0,0,1,0.27,2,0.55,0,0,4,1.1,0,0,3,0.82,1,0.27,3,0.82,3,0.82,0,0,3,0.82,0,0,1,0.27,8,2.2,109,29.95,71,19.51,48,13.19,108,29.67,10,2.75,4,1.1,0,0,0,0,0,0,6,1.65,0,0,0,0,0,0,0,0,6,1.65,11,3.02,6,1.65,30,8.24,133,36.54,0,0,3,0.82,116,31.87,14,3.85,6,1.65,17,4.67,212,58.24,0,0,1,0.27,1,0.27,3,0.82,4,1.1,6,1.65,13,3.57,5,1.37,11,3.02,0,0,0,0,1,0.27,811,10
31xj4x8u9cq5rs0vwsas3d3is,Gavin McAteer,G. McAteer,Midfielder,Republic of Ireland Under 17,469ico6kht36i8fzq39mdft5s,2025-11-19T11:07:50Z,74,0.82,Midfielders,cm,cm,1,1,1,1.22,1.22,0,0,2,2.44,0,0,0,0,0,0,6,7.32,0,0,0,0,7,8.54,0,0,1,1.22,0,0,0,0,0,0,0,0,0,0,0,0,0,0,0,0,2,2.44,100,100,0,0,4,3,3.66,4.88,1,25,25,1.22,11,13.41,4,4.88,11,13.41,0,0,0,0,0,0,0,0,2,2.44,0,0,0,0,0,0,0,1,1,1.22,0,0,1.22,0,0,0,0,0,0,0,3,2,2.44,3.66,1,1.22,0,0,0,0,0,0,0,0,0,0,1,1.22,0,0,0,0,5,6.1,0,0,0,70,70,23,28.05,0,0,0,0,0,0,0,0,0,0,0,0,0,0,0,0,0,0,0,0,4,4.88,2,2.44,0,0,3,2,2.44,3.66,4,4.88,0,0,0,0,4,4.88,0,0,0,0,0,0,0,0,0,0,0,0,0,0,0,0,0,0,0,0,0,0,1,1.22,0,0,1,1.22,1,1.22,0,0,0,0,0,0,1,1.22,0,0,0,0,2,2.44,16,19.51,11,13.41,8,9.76,17,20.73,0,0,0,0,0,0,0,0,0,0,2,2.44,0,0,0,0,0,0,0,0,2,2.44,0,0,0,0,13,15.85,26,31.71,0,0,0,0,19,23.17,0,0,0,0,7,8.54,38,46.34,0,0,2,2.44,0,0,0,0,0,0,2,2.44,7,8.54,2,2.44,5,6.1,0,0,0,0,0,0,812,14
2anqxxemgx32hyn2fy8dbddsk,Oisin David McDonagh,O. McDonagh,Defender,Republic of Ireland Under 17,469ico6kht36i8fzq39mdft5s,2025-11-19T11:07:50Z,315,3.5,Center Backs,cb,cb,1,17,7,2,4.86,10,2.86,4,1.14,0,0,0,0,0,0,6,1.71,0,0,4,1.14,29,8.29,0,0,1,0.29,0,0,1,0.29,0,0,0,0,2,0.57,0,0,0,0,0,0,1,0.29,100,100,0,0,27,9,2.57,7.71,18,67,67,5.14,10,2.86,1,0.29,58,16.57,0,0,0,0,0,0,0,0,4,1.14,0,0,0,0,0,0,0,3,2,0.57,1,0.29,0.86,0,0,0,0,0,0,0,10,2,0.57,2.86,8,2.29,0,0,0,0,0,0,0,0,7,2,1,0.29,0,0,0,0,56,16,0,0,0,77,77,129,36.86,0,0,1,0.29,0,0,0,0,0,0,0,0,0,0,0,0,0,0,0,0,20,5.71,4,1.14,0,0,4,3,0.86,1.14,7,2,0,0,0,0,19,5.43,0,0,0,0,0,0,0,0,0,0,0,0,0,0,0,0,2,0.57,1,0.29,0,0,3,0.86,0,0,0,0,1,0.29,0,0,0,0,0,0,1,0.29,1,0.29,0,0,9,2.57,99,28.29,17,4.86,91,26,99,28.29,3,0.86,2,0.57,0,0,3,0.86,1,0.29,1,0.29,0,0,0,0,1,0.29,0,0,11,3.14,0,0,3,0.86,37,10.57,139,39.71,0,0,3,0.86,108,30.86,5,1.43,5,1.43,31,8.86,191,54.57,0,0,0,0,0,0,0,0,7,2,14,4,21,6,10,2.86,17,4.86,0,0,0,0,0,0,813,4
2653ar0qv3iemuoo9i097tn9w,Grady Francis McDonnell,G. McDonnell,Midfielder,Republic of Ireland Under 17,469ico6kht36i8fzq39mdft5s,2025-11-19T11:07:50Z,342,3.8,Midfielders,cm,"cm,rw,am",3,15,5,1.32,3.95,10,2.63,5,1.32,0,0,0,0,0,0,10,2.63,2,0.53,2,0.53,37,9.74,0,0,2,0.53,1,0.26,0,0,12,12,0,0,4,1.05,0,0,0,0,0,0,10,2.63,36,36,0,0,69,31,8.16,18.16,38,55,55,10,56,14.74,5,1.32,23,6.05,2,0.53,0,0,0,0,0,0,5,1.32,0,0,0,0,0,0,1,5,3,0.79,2,0.53,1.32,1,0.26,1,0.26,0,0,0.26,54,26,6.84,14.21,28,7.37,1,0.26,1,0.26,0,0,1,0.26,1,0.26,2,0.53,0,0,0,0,10,2.63,342,0,0,57,57,54,14.21,0,0,2,0.53,0,0,0,0,0,0,0,0,0,0,0,0,0,0,0,0,18,4.74,5,1.32,0,0,10,3,0.79,2.63,14,3.68,0,0,0,0,11,2.89,0,0,0,0,0,0,0,0,0,0,0,0,0,0,0,0,7,1.84,1,0.26,8,8,4,1.05,0,0,2,0.53,1,0.26,0,0,0,0,0,0,4,1.05,1,0.26,1,0.26,3,0.79,31,8.16,24,6.32,7,1.84,28,7.37,2,0.53,7,1.84,1,0.26,1,0.26,1,0.26,17,4.47,1,0.26,1,0.26,0,0,0,0,3,0.79,6,1.58,15,3.95,53,13.95,54,14.21,0,0,8,2.11,31,8.16,9,2.37,13,3.42,23,6.05,149,39.21,0,0,3,0.79,3,0.79,7,1.84,2,0.53,5,1.32,20,5.26,6,1.58,18,4.74,0,0,0,0,0,0,814,7
72zn6ugujcii1l59o98mz2p04,Kian McMahon-Brown,K. McMahon-Brown,Forward,Republic of Ireland Under 17,469ico6kht36i8fzq39mdft5s,2025-11-19T11:07:50Z,175,1.94,Midfielders,dm,dm,1,11,6,3.09,5.67,5,2.58,5,2.58,0,0,0,0,1,0.52,11,5.67,2,1.03,1,0.52,20,10.31,0,0,5,2.58,0,0,1,0.52,25,25,0,0,3,1.55,0,0,0,0,0,0,1,0.52,0,0,0,0,26,14,7.22,13.4,12,46,46,6.19,47,24.23,4,2.06,19,9.79,0,0,0,0,0,0,0,0,5,2.58,0,0,0,0,0,0,1,3,1,0.52,2,1.03,1.55,1,0.52,1,0.52,0,0,0.52,15,8,4.12,7.73,7,3.61,0,0,0,0,0,0,0,0,1,0.52,5,2.58,0,0,0,0,9,4.64,175,1,0.52,79,79,42,21.65,0,0,0,0,0,0,0,0,0,0,0,0,0,0,0,0,0,0,0,0,11,5.67,6,3.09,0,0,4,3,1.55,2.06,13,6.7,0,0,1,0.52,6,3.09,0,0,0,0,0,0,0,0,0,0,0,0,0,0,0,0,2,1.03,2,1.03,4,4,1,0.52,0,0,1,0.52,4,2.06,0,0,0,0,0,0,0,0,0,0,1,0.52,7,3.61,33,17.01,26,13.4,10,5.15,29,14.95,0,0,2,1.03,0,0,1,0.52,3,1.55,4,2.06,2,1.03,0,0,1,0.52,0,0,3,1.55,5,2.58,5,2.58,21,10.82,45,23.2,0,0,4,2.06,36,18.56,2,1.03,6,3.09,9,4.64,93,47.94,0,0,2,1.03,2,1.03,3,1.55,3,1.55,3,1.55,10,5.15,1,0.52,6,3.09,1,0.52,1,0.52,0,0,815,8
32spas8paludyakkbu9hb6vx0,Michael John Noonan,M. Noonan,Forward,Republic of Ireland Under 17,469ico6kht36i8fzq39mdft5s,2025-11-19T11:07:50Z,422,4.69,Strikers,st,st,1,17,8,1.71,3.62,9,1.92,5,1.07,0,0,0,0,1,0.21,22,4.69,2,0.43,1,0.21,37,7.89,0,0,5,1.07,0,0,0,0,21,21,0,0,3,0.64,0,0,0,0,0,0,13,2.77,45,45,0,0,68,34,7.25,14.5,34,50,50,7.25,85,18.12,2,0.43,16,3.41,1,0.21,0,0,0,0,0,0,5,1.07,0,0,0,0,0,0,3,6,4,0.85,2,0.43,1.28,3,0.64,3,0.64,0,0,0.64,51,26,5.54,10.87,25,5.33,1,0.21,2,0.43,1,0.21,2,0.43,0,0,5,1.07,0,0,1,0.21,20,4.26,141,1,0.21,57,57,67,14.29,0,0,1,0.21,0,0,0,0,0,0,0,0,0,0,0,0,0,0,0,0,20,4.26,3,0.64,0,0,7,1,0.21,1.49,15,3.2,0,0,0,0,11,2.35,0,0,0,0,0,0,0,0,0,0,0,0,0,0,0,0,8,1.71,6,1.28,5,5,5,1.07,0,0,1,0.21,0,0,0,0,0,0,0,0,5,1.07,0,0,6,1.28,1,0.21,38,8.1,27,5.76,13,2.77,39,8.32,4,0.85,1,0.21,1,0.21,0,0,0,0,19,4.05,2,0.43,4,0.85,0,0,3,0.64,1,0.21,6,1.28,15,3.2,69,14.71,69,14.71,0,0,14,2.99,40,8.53,5,1.07,20,4.26,29,6.18,164,34.97,0,0,1,0.21,1,0.21,6,1.28,0,0,2,0.43,24,5.12,6,1.28,27,5.76,5,1.07,1,0.21,1,0.21,816,9
3wfkpuc63m4urrw8b5r3fbwus,Victor Ozhianvuna,V. Ozhianvuna,Forward,Republic of Ireland Under 17,469ico6kht36i8fzq39mdft5s,2025-11-19T11:07:50Z,342,3.8,Wingers,rm,"cm,rm",2,6,3,0.79,1.58,3,0.79,5,1.32,0,0,0,0,0,0,23,6.05,2,0.53,0,0,34,8.95,0,0,4,1.05,1,0.26,0,0,0,0,0,0,1,0.26,0,0,0,0,0,0,0,0,58,58,0,0,54,22,5.79,14.21,32,59,59,8.42,74,19.47,6,1.58,36,9.47,1,0.26,0,0,0,0,0,0,5,1.32,0,0,0,0,0,0,0,5,3,0.79,2,0.53,1.32,0,0,0,0,0,0,0,48,19,5,12.63,29,7.63,0,0,0,0,0,0,0,0,3,0.79,4,1.05,0,0,0,0,27,7.11,0,0,0,76,76,101,26.58,0,0,1,0.26,0,0,0,0,0,0,0,0,0,0,0,0,0,0,0,0,23,6.05,10,2.63,0,0,9,6,1.58,2.37,27,7.11,0,0,0,0,15,3.95,0,0,0,0,0,0,0,0,0,0,0,0,0,0,0,0,1,0.26,0,0,0,0,3,0.79,0,0,0,0,2,0.53,0,0,1,0.26,1,0.26,7,1.84,4,1.05,1,0.26,6,1.58,77,20.26,53,13.95,25,6.58,71,18.68,8,2.11,11,2.89,1,0.26,2,0.53,10,2.63,5,1.32,0,0,0,0,0,0,0,0,2,0.53,5,1.32,4,1.05,49,12.89,101,26.58,0,0,1,0.26,77,20.26,19,5,8,2.11,24,6.32,196,51.58,0,0,4,1.05,4,1.05,5,1.32,3,0.79,5,1.32,22,5.79,6,1.58,19,5,1,0.26,0,0,1,0.26,819,15
22lkmlgdja9i4vmmxj9cegt90,Finn Thomas Sherlock,F. Sherlock,Defender,Republic of Ireland Under 17,469ico6kht36i8fzq39mdft5s,2025-11-19T11:07:50Z,143,1.59,Center Backs,cb,"lb,cb",2,6,3,1.89,3.77,3,1.89,3,1.89,0,0,0,0,0,0,4,2.52,0,0,2,1.26,23,14.47,0,0,2,1.26,0,0,0,0,0,0,3,1.89,0,0,0,0,0,0,0,0,0,0,0,0,0,0,12,4,2.52,7.55,8,67,67,5.03,9,5.66,9,5.66,34,21.38,0,0,0,0,0,0,0,0,3,1.89,0,0,0,0,0,0,0,4,2,1.26,2,1.26,2.52,0,0,0,0,0,0,0,6,1,0.63,3.77,5,3.14,0,0,0,0,0,0,0,0,1,0.63,2,1.26,1,0.63,0,0,8,5.03,0,0,0,81,81,77,48.43,0,0,0,0,0,0,0,0,0,0,0,0,0,0,0,0,0,0,0,0,13,8.18,12,7.55,0,0,3,2,1.26,1.89,5,3.14,0,0,0,0,32,20.13,0,0,0,0,0,0,0,0,0,0,0,0,0,0,0,0,0,0,0,0,0,0,2,1.26,0,0,1,0.63,1,0.63,0,0,0,0,0,0,0,0,1,0.63,0,0,4,2.52,62,38.99,26,16.35,36,22.64,58,36.48,0,0,2,1.26,1,0.63,5,3.14,10,6.29,0,0,1,0.63,0,0,0,0,0,0,10,6.29,1,0.63,3,1.89,26,16.35,78,49.06,0,0,0,0,62,38.99,2,1.26,0,0,16,10.06,122,76.73,3,1.89,4,2.52,1,0.63,0,0,1,0.63,11,6.92,18,11.32,2,1.26,5,3.14,0,0,0,0,1,0.63,820,3
7oi76mt85dgseyv58ekxx5st0,Ademide Joseph Solanke,A. Solanke,Defender,Republic of Ireland Under 17,469ico6kht36i8fzq39mdft5s,2025-11-19T11:07:50Z,321,3.57,Full Backs,lb,"lb,lm",2,8,2,0.56,2.24,6,1.68,4,1.12,3,0.84,0,0,0,0,14,3.92,0,0,0,0,29,8.12,0,0,10,2.8,0,0,0,0,0,0,5,1.4,1,0.28,0,0,0,0,0,0,2,0.56,50,50,0,0,33,14,3.92,9.24,19,58,58,5.32,52,14.57,11,3.08,47,13.17,1,0.28,0,0,0,0,0,0,4,1.12,3,0.84,0,0,0,0,0,3,2,0.56,1,0.28,0.84,0,0,0,0,0,0,0,25,12,3.36,7,13,3.64,0,0,0,0,0,0,0,0,7,1.96,7,1.96,1,0.28,0,0,5,1.4,0,0,0,68,68,84,23.53,0,0,0,0,0,0,0,0,0,0,0,0,0,0,0,0,0,0,0,0,18,5.04,17,4.76,0,0,5,4,1.12,1.4,9,2.52,0,0,0,0,23,6.44,0,0,0,0,0,0,0,0,0,0,0,0,0,0,0,0,1,0.28,0,0,0,0,4,1.12,0,0,3,0.84,0,0,2,0.56,14,3.92,10,2.8,1,0.28,0,0,0,0,6,1.68,57,15.97,42,11.76,33,9.24,55,15.41,3,0.84,6,1.68,0,0,6,1.68,19,5.32,3,0.84,2,0.56,0,0,0,0,0,0,12,3.36,3,0.84,3,0.84,58,16.25,89,24.93,0,0,1,0.28,61,17.09,9,2.52,3,0.84,28,7.84,198,55.46,3,0.84,12,3.36,8,2.24,1,0.28,2,0.56,5,1.4,34,9.52,6,1.68,23,6.44,0,0,0,0,1,0.28,821,13
3vts0mwq0n0b1rrphq14yzhn8,Jaden Chidi Umeh,J. Umeh,Forward,Republic of Ireland Under 17,469ico6kht36i8fzq39mdft5s,2025-11-19T11:07:50Z,446,4.96,Wingers,lw,"lm,lw,st",3,20,7,1.41,4.03,13,2.62,5,1.01,0,0,0,0,1,0.2,20,4.03,4,0.81,0,0,33,6.65,0,0,4,0.81,1,0.2,0,0,8,8,0,0,6,1.21,0,0,0,0,0,0,6,1.21,12,12,0,0,65,37,7.46,13.1,28,43,43,5.65,101,20.36,6,1.21,25,5.04,3,0.6,0,0,0,0,0,0,5,1.01,0,0,0,0,0,0,1,5,3,0.6,2,0.4,1.01,0,0,1,0.2,0,0,0.2,45,30,6.05,9.07,15,3.02,0,0,1,0.2,0,0,0,0,3,0.6,4,0.81,0,0,0,0,6,1.21,446,2,0.4,67,67,73,14.72,0,0,2,0.4,0,0,0,0,0,0,0,0,0,0,0,0,0,0,0,0,25,5.04,11,2.22,0,0,5,3,0.6,1.01,10,2.02,0,0,0,0,22,4.44,0,0,0,0,0,0,0,0,0,0,0,0,0,0,0,0,6,1.21,6,1.21,12,12,5,1.01,0,0,1,0.2,0,0,0,0,2,0.4,2,0.4,2,0.4,0,0,3,0.6,1,0.2,49,9.88,36,7.26,15,3.02,48,9.68,0,0,4,0.81,1,0.2,0,0,1,0.2,21,4.23,1,0.2,4,0.81,0,0,1,0.2,4,0.81,8,1.61,9,1.81,71,14.31,73,14.72,0,0,12,2.42,49,9.88,4,0.81,29,5.85,24,4.84,175,35.28,0,0,8,1.61,8,1.61,15,3.02,3,0.6,3,0.6,27,5.44,5,1.01,21,4.23,1,0.2,0,0,0,0,823,11
4cvy378wdtz83rtayis9terys,Miraziz Abdukarimov,M. Abdukarimov,Defender,Uzbekistan Under 17,6qauy5nu5yqpo8svebjbq9k6b,2025-11-19T20:30:17Z,52,0.58,Full Backs,rb,rb,1,2,1,1.72,3.45,1,1.72,2,3.45,0,0,0,0,0,0,2,3.45,0,0,0,0,2,3.45,0,0,0,0,0,0,0,0,0,0,0,0,0,0,0,0,0,0,0,0,0,0,0,0,0,0,7,5,8.62,12.07,2,29,29,3.45,8,13.79,3,5.17,7,12.07,2,3.45,0,0,0,0,0,0,2,3.45,0,0,0,0,0,0,0,0,0,0,0,0,0,0,0,0,0,0,0,0,5,4,6.9,8.62,1,1.72,0,0,0,0,0,0,0,0,1,1.72,0,0,0,0,0,0,5,8.62,0,0,0,47,47,15,25.86,0,0,0,0,0,0,0,0,0,0,0,0,0,0,0,0,0,0,0,0,1,1.72,4,6.9,0,0,0,0,0,0,2,3.45,0,0,0,0,1,1.72,0,0,0,0,0,0,0,0,0,0,0,0,0,0,0,0,1,1.72,0,0,0,0,1,1.72,0,0,1,1.72,1,1.72,0,0,0,0,0,0,0,0,0,0,0,0,0,0,7,12.07,5,8.62,2,3.45,7,12.07,0,0,1,1.72,0,0,2,3.45,2,3.45,0,0,0,0,0,0,0,0,0,0,0,0,2,3.45,0,0,11,18.97,15,25.86,0,0,1,1.72,7,12.07,1,1.72,2,3.45,8,13.79,24,41.38,0,0,0,0,0,0,0,0,1,1.72,3,5.17,7,12.07,1,1.72,5,8.62,0,0,0,0,1,1.72,824,6
5wi68j8nxqxu5833d435imk9g,Azizbek Abdumuminov,A. Abdumuminov,Midfielder,Uzbekistan Under 17,6qauy5nu5yqpo8svebjbq9k6b,2025-11-19T20:30:17Z,376,4.18,Strikers,st,"st,cm",2,17,10,2.39,4.07,7,1.67,5,1.2,0,0,0,0,2,0.48,16,3.83,1,0.24,0,0,24,5.74,0,0,2,0.48,0,0,0,0,33,33,0,0,2,0.48,0,0,0,0,0,0,6,1.44,100,100,0,0,50,32,7.66,11.96,18,36,36,4.31,55,13.16,4,0.96,30,7.18,8,1.91,0,0,0,0,0,0,5,1.2,0,0,0,0,0,0,2,5,5,1.2,0,0,1.2,2,0.48,1,0.24,1,0.24,0.48,33,22,5.26,7.89,11,2.63,0,0,0,0,0,0,0,0,5,1.2,2,0.48,0,0,0,0,10,2.39,188,2,0.48,62,62,73,17.46,0,0,0,0,0,0,0,0,0,0,0,0,0,0,0,0,0,1,0.24,0,9,2.15,4,0.96,0,0,8,3,0.72,1.91,15,3.59,0,0,2,0.48,19,4.55,0,0,0,0,0,0,0,0,0,0,0,0,0,0,0,0,3,0.72,3,0.72,3,3,5,1.2,0,0,2,0.48,0,0,0,0,0,0,0,0,1,0.24,1,0.24,5,1.2,2,0.48,45,10.77,31,7.42,16,3.83,45,10.77,2,0.48,5,1.2,0,0,0,0,1,0.24,6,1.44,0,0,0,0,0,0,1,0.24,3,0.72,9,2.15,3,0.72,55,13.16,75,17.94,0,0,6,1.44,47,11.24,7,1.67,12,2.87,28,6.7,142,33.97,0,0,4,0.96,4,0.96,0,0,2,0.48,5,1.2,25,5.98,7,1.67,23,5.5,0,0,1,0.24,2,0.48,825,16
3hcygpprvtgs7ogwafuujb7kk,Abdumalik Anvarov,A. Anvarov,Forward,Uzbekistan Under 17,6qauy5nu5yqpo8svebjbq9k6b,2025-11-19T20:30:17Z,376,4.18,Full Backs,lb,lb,1,14,10,2.39,3.35,4,0.96,5,1.2,1,0.24,0,0,0,0,9,2.15,0,0,0,0,28,6.7,0,0,6,1.44,0,0,0,0,0,0,0,0,6,1.44,0,0,0,0,0,0,2,0.48,60,60,0,0,37,19,4.55,8.85,18,49,49,4.31,61,14.59,11,2.63,60,14.35,2,0.48,0,0,0,0,0,0,5,1.2,2,0.48,0,0,0,0,0,6,6,1.44,0,0,1.44,0,0,0,0,0,0,0,23,9,2.15,5.5,14,3.35,0,0,0,0,0,0,0,0,4,0.96,4,0.96,0,0,0,0,6,1.44,0,0,0,67,67,95,22.73,0,0,1,0.24,0,0,0,0,0,0,0,0,0,0,0,0,0,0,0,0,21,5.02,16,3.83,0,0,7,2,0.48,1.67,7,1.67,0,0,0,0,20,4.78,0,0,0,0,0,0,0,0,0,0,0,0,0,0,0,0,1,0.24,1,0.24,0,0,4,0.96,0,0,4,0.96,1,0.24,0,0,3,0.72,3,0.72,3,0.72,0,0,0,0,1,0.24,64,15.31,34,8.13,33,7.89,63,15.07,3,0.72,7,1.67,0,0,16,3.83,20,4.78,4,0.96,1,0.24,0,0,0,0,0,0,13,3.11,3,0.72,2,0.48,71,16.99,95,22.73,0,0,2,0.48,64,15.31,10,2.39,2,0.48,31,7.42,207,49.52,0,0,9,2.15,9,2.15,2,0.48,4,0.96,10,2.39,30,7.18,10,2.39,21,5.02,0,0,0,0,1,0.24,827,13
148htrusu1tdv438izlu4ff2s,Muminkhon Bakhodirkhonov,M. Bakhodirkhonov,Midfielder,Uzbekistan Under 17,6qauy5nu5yqpo8svebjbq9k6b,2025-11-19T20:30:17Z,450,5,Center Backs,cb,cb,1,18,9,1.8,3.6,9,1.8,5,1,0,0,0,0,0,0,13,2.6,2,0.4,3,0.6,70,14,0,0,1,0.2,0,0,0,0,0,0,0,0,1,0.2,0,0,0,0,0,0,4,0.8,17,17,0,0,52,28,5.6,10.4,24,46,46,4.8,21,4.2,14,2.8,122,24.4,4,0.8,0,0,0,0,2,0.4,5,1,0,0,2,0.4,0,0,0,8,8,1.6,0,0,1.6,0,0,0,0,0,0,0,34,19,3.8,6.8,15,3,0,0,0,0,0,0,0,0,1,0.2,1,0.2,0,0,0,0,62,12.4,0,1,0.2,74,74,200,40,0,0,0,0,0,0,0,0,0,0,0,0,0,0,0,0,0,1,0.2,0,39,7.8,13,2.6,0,0,11,3,0.6,2.2,30,6,0,0,0,0,30,6,0,0,0,0,0,0,0,0,0,0,0,0,0,0,0,0,3,0.6,2,0.4,0,0,5,1,0,0,0,0,0,0,0,0,0,0,0,0,1,0.2,9,1.8,0,0,24,4.8,149,29.8,49,9.8,119,23.8,144,28.8,2,0.4,8,1.6,0,0,0,0,0,0,9,1.8,0,0,0,0,0,0,0,0,30,6,7,1.4,5,1,73,14.6,227,45.4,0,0,5,1,168,33.6,10,2,8,1.6,59,11.8,310,62,0,0,1,0.2,1,0.2,5,1,15,3,35,7,40,8,20,4,24,4.8,0,0,0,0,0,0,828,4
1q3g0asgjltmaznogwb4opvys,Azizbek Erimbetov,A. Erimbetov,Midfielder,Uzbekistan Under 17,6qauy5nu5yqpo8svebjbq9k6b,2025-11-19T20:30:17Z,429,4.77,Midfielders,cm,"dm,cm",2,10,6,1.26,2.1,4,0.84,5,1.05,0,0,0,0,1,0.21,20,4.19,1,0.21,2,0.42,40,8.39,0,0,5,1.05,0,0,0,0,50,50,0,0,0,0,0,0,0,0,0,0,3,0.63,40,40,0,0,44,24,5.03,9.22,20,45,45,4.19,31,6.5,15,3.14,57,11.95,1,0.21,0,0,0,0,0,0,5,1.05,0,0,0,0,0,0,1,7,7,1.47,0,0,1.47,1,0.21,0,0,1,0.21,0.21,34,18,3.77,7.13,16,3.35,0,0,0,0,0,0,0,0,7,1.47,5,1.05,0,0,1,0.21,35,7.34,429,0,0,75,75,156,32.7,0,0,0,0,0,0,0,0,0,0,0,0,0,0,0,0,0,0,0,0,19,3.98,7,1.47,0,0,6,5,1.05,1.26,24,5.03,0,0,0,0,46,9.64,0,0,0,0,0,0,0,0,0,0,0,0,0,0,0,0,1,0.21,1,0.21,2,2,5,1.05,0,0,2,0.42,0,0,0,0,0,0,0,0,2,0.42,1,0.21,2,0.42,9,1.89,117,24.53,53,11.11,65,13.63,109,22.85,5,1.05,3,0.63,1,0.21,0,0,0,0,6,1.26,1,0.21,0,0,0,0,0,0,3,0.63,2,0.42,6,1.26,56,11.74,158,33.12,0,0,2,0.42,118,24.74,8,1.68,3,0.63,40,8.39,216,45.28,0,0,0,0,0,0,3,0.63,6,1.26,14,2.94,29,6.08,11,2.31,26,5.45,0,0,0,0,0,0,829,19
2vp4umswy1yxkk7nke1hfuqs4,Mukhammad Khabibullaev,M. Khabibullaev,Midfielder,Uzbekistan Under 17,6qauy5nu5yqpo8svebjbq9k6b,2025-11-19T20:30:17Z,267,2.97,Midfielders,cm,cm,1,5,3,1.01,1.68,2,0.67,5,1.68,0,0,1,0.34,0,0,18,6.06,4,1.35,0,0,28,9.43,0,0,5,1.68,0,0,0,0,0,0,12,4.04,2,0.67,0,0,0,0,0,0,3,1.01,0,0,0,0,29,19,6.4,9.76,10,34,34,3.37,69,23.23,8,2.69,37,12.46,4,1.35,0,0,0,0,0,0,5,1.68,0,0,0,0,0,0,0,5,5,1.68,0,0,1.68,0,0,0,0,0,0,0,24,16,5.39,8.08,8,2.69,0,0,0,0,0,0,0,0,1,0.34,5,1.68,0,0,0,0,17,5.72,0,0,0,76,76,82,27.61,0,0,0,0,0,0,0,0,0,0,0,0,0,0,0,0,0,1,0.34,0,13,4.38,2,0.67,0,0,4,0,0,1.35,8,2.69,0,0,0,0,16,5.39,0,0,0,0,0,0,0,0,0,0,0,0,0,0,0,0,1,0.34,1,0.34,0,0,3,1.01,0,0,2,0.67,2,0.67,4,1.35,5,1.68,1,0.34,0,0,0,0,1,0.34,3,1.01,62,20.88,58,19.53,15,5.05,65,21.89,2,0.67,3,1.01,0,0,0,0,0,0,6,2.02,1,0.34,0,0,0,0,0,0,0,0,8,2.69,3,1.01,40,13.47,88,29.63,0,0,2,0.67,68,22.9,5,1.68,10,3.37,20,6.73,142,47.81,3,1.01,6,2.02,2,0.67,3,1.01,1,0.34,3,1.01,20,6.73,6,2.02,17,5.72,1,0.34,0,0,1,0.34,831,10
eeilo410h5ai8osjhow46buok,Mukhammad Khakimov,M. Khakimov,Defender,Uzbekistan Under 17,6qauy5nu5yqpo8svebjbq9k6b,2025-11-19T20:30:17Z,360,4,Center Backs,cb,cb,1,7,2,0.5,1.75,5,1.25,4,1,0,0,0,0,0,0,9,2.25,0,0,3,0.75,50,12.5,0,0,2,0.5,0,0,0,0,0,0,0,0,1,0.25,0,0,0,0,0,0,0,0,0,0,0,0,20,6,1.5,5,14,70,70,3.5,6,1.5,10,2.5,75,18.75,1,0.25,0,0,6,1.5,2,0.5,4,1,0,0,8,2,0,0,0,5,5,1.25,0,0,1.25,0,0,0,0,0,0,0,13,4,1,3.25,9,2.25,0,0,0,0,0,0,0,0,6,1.5,2,0.5,0,0,0,0,15,3.75,0,0,0,81,81,139,34.75,0,0,0,0,0,0,0,0,0,0,0,0,0,0,0,0,0,1,0.25,0,32,8,16,4,0,0,1,1,0.25,0.25,15,3.75,0,0,0,0,57,14.25,0,0,0,0,0,0,0,0,0,0,0,0,0,0,0,0,0,0,0,0,0,0,4,1,0,0,0,0,0,0,0,0,0,0,0,0,0,0,3,0.75,0,0,11,2.75,113,28.25,34,8.5,93,23.25,116,29,1,0.25,3,0.75,0,0,0,0,0,0,0,0,0,0,0,0,0,0,0,0,29,7.25,3,0.75,5,1.25,37,9.25,156,39,0,0,0,0,127,31.75,4,1,0,0,29,7.25,219,54.75,0,0,3,0.75,0,0,0,0,9,2.25,19,4.75,26,6.5,6,1.5,10,2.5,0,0,0,0,2,0.5,832,3
cyunfphk9a111bhpt5hh567tg,Sadriddin Khasanov,S. Khasanov,Forward,Uzbekistan Under 17,6qauy5nu5yqpo8svebjbq9k6b,2025-11-19T20:30:17Z,406,4.51,Wingers,lm,"lw,lm",2,6,5,1.11,1.33,1,0.22,5,1.11,1,0.22,2,0.44,1,0.22,16,3.55,4,0.89,1,0.22,40,8.87,0,0,4,0.89,0,0,0,0,50,50,13,2.88,4,0.89,0,0,0,0,0,0,5,1.11,14,14,0,0,36,28,6.21,7.98,8,22,22,1.77,78,17.29,6,1.33,32,7.1,2,0.44,0,0,0,0,0,0,5,1.11,1,0.22,0,0,0,0,2,6,6,1.33,0,0,1.33,2,0.44,2,0.44,0,0,0.44,30,23,5.1,6.65,7,1.55,0,0,1,0.22,0,0,1,0.22,2,0.44,3,0.67,0,0,1,0.22,5,1.11,203,0,0,80,80,79,17.52,0,0,1,0.22,0,0,0,0,0,0,0,0,0,0,0,0,0,0,0,0,30,6.65,10,2.22,0,0,9,8,1.77,2,21,4.66,0,0,0,0,31,6.87,0,0,0,0,0,0,0,0,0,0,0,0,0,0,0,0,2,0.44,2,0.44,2,2,5,1.11,0,0,2,0.44,0,0,1,0.22,3,0.67,1,0.22,1,0.22,1,0.22,3,0.67,4,0.89,63,13.97,47,10.42,24,5.32,64,14.19,3,0.67,2,0.44,0,0,0,0,1,0.22,11,2.44,0,0,1,0.22,0,0,2,0.44,2,0.44,8,1.77,1,0.22,55,12.2,84,18.63,0,0,4,0.89,68,15.08,5,1.11,17,3.77,16,3.55,167,37.03,7,1.55,8,1.77,1,0.22,6,1.33,2,0.44,3,0.67,15,3.33,9,2,13,2.88,1,0.22,2,0.44,1,0.22,833,7
4l126ebxgh4gh1i465z2xppg4,Amirkhon Muradov,A. Muradov,Defender,Uzbekistan Under 17,6qauy5nu5yqpo8svebjbq9k6b,2025-11-19T20:30:17Z,101,1.12,Center Backs,cb,cb,1,2,0,0,1.79,2,1.79,3,2.68,0,0,0,0,1,0.89,1,0.89,0,0,1,0.89,8,7.14,0,0,0,0,0,0,0,0,50,50,0,0,0,0,0,0,0,0,0,0,1,0.89,0,0,0,0,10,4,3.57,8.93,6,60,60,5.36,4,3.57,3,2.68,16,14.29,0,0,0,0,0,0,0,0,3,2.68,0,0,0,0,0,0,1,4,4,3.57,0,0,3.57,0,0,1,0.89,0,0,0.89,8,4,3.57,7.14,4,3.57,0,0,0,0,0,0,0,0,1,0.89,0,0,0,0,1,0.89,3,2.68,101,0,0,52,52,21,18.75,0,0,0,0,0,0,1,0.89,0,0,0,0,0,0,0,0,0,1,0.89,0,2,1.79,4,3.57,0,0,2,0,0,1.79,4,3.57,0,0,0,0,5,4.46,0,0,0,0,0,0,0,0,0,0,0,0,0,0,0,0,1,0.89,1,0.89,2,2,1,0.89,0,0,0,0,2,1.79,0,0,0,0,0,0,0,0,1,0.89,0,0,3,2.68,11,9.82,7,6.25,7,6.25,11,9.82,2,1.79,0,0,0,0,0,0,0,0,2,1.79,0,0,1,0.89,0,0,0,0,6,5.36,2,1.79,2,1.79,14,12.5,25,22.32,0,0,2,1.79,14,12.5,2,1.79,2,1.79,11,9.82,44,39.29,0,0,0,0,0,0,1,0.89,6,5.36,8,7.14,6,5.36,5,4.46,3,2.68,0,0,0,0,2,1.79,834,5
5r08gxwsrobdkrevqcs87pzbo,Muhammadali Musakhanov,M. Musakhanov,Defender,Uzbekistan Under 17,6qauy5nu5yqpo8svebjbq9k6b,2025-11-19T20:30:17Z,407,4.52,Full Backs,rb,"rb,lb",2,7,5,1.11,1.55,2,0.44,5,1.11,1,0.22,0,0,0,0,23,5.09,0,0,0,0,33,7.3,0,0,4,0.88,0,0,0,0,0,0,0,0,1,0.22,0,0,0,0,0,0,3,0.66,80,80,0,0,65,27,5.97,14.38,38,58,58,8.41,64,14.16,13,2.88,64,14.16,7,1.55,0,0,0,0,0,0,5,1.11,1,0.22,0,0,0,0,0,6,6,1.33,0,0,1.33,0,0,0,0,0,0,0,58,22,4.87,12.83,36,7.96,0,0,0,0,0,0,0,0,5,1.11,3,0.66,0,0,0,0,37,8.19,0,0,0,72,72,138,30.53,0,0,0,0,0,0,0,0,0,0,0,0,0,0,0,0,0,0,0,0,16,3.54,25,5.53,0,0,6,1,0.22,1.33,24,5.31,0,0,0,0,19,4.2,0,0,0,0,0,0,0,0,0,0,0,0,0,0,0,0,3,0.66,0,0,0,0,5,1.11,0,0,3,0.66,0,0,0,0,3,0.66,3,0.66,8,1.77,0,0,0,0,5,1.11,99,21.9,52,11.5,55,12.17,99,21.9,7,1.55,15,3.32,0,0,19,4.2,40,8.85,5,1.11,1,0.22,0,0,0,0,0,0,5,1.11,9,1.99,6,1.33,84,18.58,143,31.64,0,0,3,0.66,104,23.01,22,4.87,4,0.88,39,8.63,289,63.94,0,0,4,0.88,4,0.88,2,0.44,6,1.33,9,1.99,23,5.09,20,4.42,30,6.64,0,0,0,0,1,0.22,835,15
3sxj3v9n20efeyy6okrizj0us,Nematulloh Rustamjonov,N. Rustamjonov,Goalkeeper,Uzbekistan Under 17,6qauy5nu5yqpo8svebjbq9k6b,2025-11-19T20:30:17Z,182,2.02,Goalkeepers,gk,gk,1,3,1,0.5,1.49,2,0.99,3,1.49,0,0,0,0,0,0,0,0,0,0,0,0,13,6.44,4,1.98,0,0,0,0,0,0,0,0,0,0,0,0,0,0,0,0,0,0,0,0,0,0,0,0,4,1,0.5,1.98,3,75,75,1.49,0,0,1,0.5,35,17.33,0,0,0,0,22,10.89,3,1.49,3,1.49,0,0,18,8.91,1,0.5,0,3,3,1.49,0,0,1.49,0,0,0,0,0,0,0,1,0,0,0.5,1,0.5,0,0,0,0,0,0,0,0,0,0,0,0,0,0,0,0,18,8.91,0,0,0,80,80,40,19.8,0,0,0,0,0,0,0,0,1,0.5,0,0,0,0,0,0,0,1,0.5,0,4,1.98,7,3.47,0,0,0,0,0,0,15,7.43,0,0,0,0,20,9.9,7,3,1.49,4,1.98,3.47,0,0,1,0.5,1,0.5,0,0,0,0,0,0,0,0,0,0,2,0.99,0,0,0,0,1,0.5,0,0,0,0,0,0,0,0,2,0.99,0,0,10,4.95,32,15.84,6,2.97,45,22.28,41,20.3,0,0,0,0,0,0,0,0,0,0,0,0,0,0,0,0,1,0.5,0,0,3,1.49,0,0,3,1.49,22,10.89,73,36.14,0,0,0,0,51,25.25,0,0,0,0,22,10.89,98,48.51,0,0,0,0,0,0,0,0,13,6.44,22,10.89,21,10.4,1,0.5,0,0,0,0,0,0,0,0,836,21
7g25dh3iqh4s6wqq9pv9gm4us,Nurbek Sarsenbaev,N. Sarsenbaev,Forward,Uzbekistan Under 17,6qauy5nu5yqpo8svebjbq9k6b,2025-11-19T20:30:17Z,126,1.4,Strikers,st,st,1,9,8,5.71,6.43,1,0.71,2,1.43,0,0,0,0,0,0,6,4.29,1,0.71,0,0,13,9.29,0,0,1,0.71,0,0,0,0,0,0,0,0,1,0.71,0,0,0,0,0,0,1,0.71,100,100,0,0,13,10,7.14,9.29,3,23,23,2.14,26,18.57,0,0,8,5.71,0,0,0,0,0,0,0,0,2,1.43,0,0,0,0,0,0,0,1,1,0.71,0,0,0.71,0,0,0,0,0,0,0,4,2,1.43,2.86,2,1.43,0,0,0,0,0,0,0,0,0,0,1,0.71,0,0,0,0,4,2.86,0,1,0.71,64,64,22,15.71,0,0,0,0,0,0,0,0,0,0,0,0,0,0,0,0,0,0,0,0,8,5.71,1,0.71,0,0,2,2,1.43,1.43,2,1.43,0,0,0,0,6,4.29,0,0,0,0,0,0,0,0,0,0,0,0,0,0,0,0,0,0,1,0.71,0,0,2,1.43,0,0,2,1.43,0,0,0,0,0,0,0,0,2,1.43,0,0,0,0,0,0,14,10,12,8.57,4,2.86,16,11.43,0,0,0,0,0,0,0,0,0,0,1,0.71,0,0,0,0,0,0,0,0,1,0.71,1,0.71,0,0,14,10,24,17.14,0,0,1,0.71,16,11.43,0,0,12,8.57,8,5.71,40,28.57,0,0,0,0,0,0,0,0,0,0,0,0,7,5,1,0.71,8,5.71,1,0.71,0,0,0,0,840,9
9xmumuw0yi33r3zti55tna2hg,Ibrokhim Shokirov,I. Shokirov,Goalkeeper,Uzbekistan Under 17,6qauy5nu5yqpo8svebjbq9k6b,2025-11-19T20:30:17Z,268,2.98,Goalkeepers,gk,gk,1,0,0,0,0,0,0,3,1.01,0,0,0,0,0,0,0,0,0,0,0,0,15,5.03,1,0.34,0,0,0,0,0,0,0,0,0,0,0,0,0,0,0,0,0,0,0,0,0,0,0,0,1,1,0.34,0.34,0,0,0,0,0,0,1,0.34,27,9.06,1,0.34,0,0,32,10.74,5,1.68,3,1.01,0,0,15,5.03,0,0,0,5,5,1.68,0,0,1.68,0,0,0,0,0,0,0,1,1,0.34,0.34,0,0,0,0,0,0,0,0,0,0,0,0,0,0,0,0,0,0,28,9.4,0,0,0,86,86,50,16.78,0,0,0,0,0,0,1,0.34,1,0.34,0,0,1,0.34,0,0,0,0,0,0,6,2.01,2,0.67,0,0,0,0,0,0,31,10.4,0,0,0,0,19,6.38,13,7,2.35,6,2.01,4.36,1,0.34,1,0.34,3,1.01,0,0,0,0,0,0,0,0,0,0,3,1.01,0,0,1,0.34,0,0,0,0,0,0,0,0,0,0,2,0.67,0,0,6,2.01,43,14.43,3,1.01,56,18.79,53,17.79,0,0,0,0,0,0,0,0,0,0,0,0,0,0,0,0,4,1.34,0,0,5,1.68,1,0.34,0,0,18,6.04,74,24.83,0,0,0,0,59,19.8,0,0,0,0,15,5.03,115,38.59,0,0,0,0,0,0,0,0,7,2.35,15,5.03,14,4.7,1,0.34,0,0,0,0,0,0,0,0,841,1
3e3x9brjdt6b66numjpelintg,Abubakir Shukurullaev,A. Shukurullaev,Midfielder,Uzbekistan Under 17,6qauy5nu5yqpo8svebjbq9k6b,2025-11-19T20:30:17Z,436,4.84,Strikers,st,"cm,am,st",3,14,10,2.07,2.89,4,0.83,5,1.03,1,0.21,0,0,1,0.21,12,2.48,1,0.21,1,0.21,44,9.09,0,0,7,1.45,0,0,0,0,67,67,0,0,4,0.83,0,0,0,0,0,0,5,1.03,45,45,0,0,56,32,6.61,11.57,24,43,43,4.96,83,17.15,7,1.45,25,5.17,3,0.62,0,0,0,0,0,0,5,1.03,2,0.41,0,0,0,0,2,6,6,1.24,0,0,1.24,2,0.41,2,0.41,0,0,0.41,42,22,4.55,8.68,20,4.13,1,0.21,1,0.21,0,0,1,0.21,1,0.21,5,1.03,0,0,0,0,23,4.75,218,3,0.62,64,64,80,16.53,0,0,2,0.41,0,0,0,0,0,0,0,0,0,0,0,0,0,1,0.21,0,23,4.75,10,2.07,0,0,12,4,0.83,2.48,11,2.27,0,0,1,0.21,24,4.96,0,0,0,0,0,0,0,0,0,0,0,0,0,0,0,0,0,0,3,0.62,2,2,5,1.03,0,0,2,0.41,0,0,0,0,0,0,0,0,5,1.03,0,0,2,0.41,0,0,51,10.54,44,9.09,11,2.27,55,11.36,1,0.21,7,1.45,1,0.21,1,0.21,1,0.21,11,2.27,1,0.21,0,0,0,0,2,0.41,1,0.21,8,1.65,7,1.45,66,13.64,84,17.36,0,0,3,0.62,55,11.36,8,1.65,17,3.51,29,5.99,159,32.85,0,0,5,1.03,5,1.03,6,1.24,0,0,1,0.21,30,6.2,4,0.83,28,5.79,1,0.21,0,0,1,0.21,842,18
cs96zzw19zuqj2vmk5im8bmdw,Sayfiddin Sodikov,S. Sodikov,Midfielder,Uzbekistan Under 17,6qauy5nu5yqpo8svebjbq9k6b,2025-11-19T20:30:17Z,398,4.42,Wingers,rm,"rw,rm",2,9,9,2.04,2.04,0,0,5,1.13,2,0.45,1,0.23,0,0,21,4.75,6,1.36,0,0,58,13.12,0,0,4,0.9,0,0,0,0,25,25,0,0,5,1.13,0,0,0,0,0,0,5,1.13,38,38,0,0,57,31,7.01,12.9,26,46,46,5.88,86,19.46,2,0.45,21,4.75,3,0.68,0,0,0,0,0,0,5,1.13,2,0.45,0,0,0,0,1,6,6,1.36,0,0,1.36,1,0.23,1,0.23,0,0,0.23,48,22,4.98,10.86,26,5.88,0,0,0,0,0,0,1,0.23,2,0.45,2,0.45,0,0,0,0,27,6.11,398,1,0.23,71,71,76,17.19,0,0,3,0.68,0,0,0,0,0,0,0,0,0,0,0,0,0,0,0,0,36,8.14,7,1.58,0,0,5,2,0.45,1.13,13,2.94,0,0,1,0.23,7,1.58,0,0,0,0,0,0,0,0,0,0,0,0,0,0,0,0,1,0.23,3,0.68,4,4,5,1.13,0,0,3,0.68,0,0,0,0,3,0.68,3,0.68,6,1.36,0,0,2,0.45,0,0,54,12.22,43,9.73,14,3.17,54,12.22,3,0.68,4,0.9,0,0,0,0,0,0,15,3.39,2,0.45,1,0.23,0,0,1,0.23,2,0.45,5,1.13,13,2.94,54,12.22,76,17.19,0,0,4,0.9,54,12.22,7,1.58,17,3.85,22,4.98,160,36.2,0,0,3,0.68,3,0.68,10,2.26,2,0.45,4,0.9,18,4.07,7,1.58,18,4.07,1,0.23,0,0,1,0.23,843,11
92zjbguem4afiw3zt34smpec,Alexis Tobías Acosta Pintos,A. Acosta,Defender,Paraguay Under 17,brnix0mqlp5gd37bsfii9q2yb,2025-11-17T14:52:24Z,359,3.99,Full Backs,lb,lb,1,11,5,1.25,2.76,6,1.5,4,1,0,0,0,0,0,0,8,2.01,0,0,1,0.25,20,5.01,0,0,2,0.5,2,0.5,0,0,0,0,0,0,2,0.5,0,0,0,0,0,0,1,0.25,67,67,0,0,31,12,3.01,7.77,19,61,61,4.76,41,10.28,10,2.51,57,14.29,0,0,0,0,0,0,0,0,4,1,0,0,0,0,0,0,0,3,2,0.5,1,0.25,0.75,0,0,0,0,0,0,0,20,7,1.75,5.01,13,3.26,0,0,0,0,0,0,0,0,4,1,2,0.5,0,0,0,0,1,0.25,0,0,0,64,64,85,21.3,0,0,0,0,0,0,0,0,0,0,0,0,0,0,0,0,0,0,0,0,13,3.26,23,5.76,0,0,9,2,0.5,2.26,9,2.26,0,0,0,0,22,5.51,0,0,0,0,0,0,0,0,0,0,0,0,0,0,0,0,0,0,0,0,0,0,4,1,0,0,1,0.25,0,0,0,0,3,0.75,2,0.5,2,0.5,2,0.5,0,0,5,1.25,54,13.53,34,8.52,26,6.52,52,13.03,6,1.5,5,1.25,0,0,28,7.02,25,6.27,2,0.5,0,0,0,0,0,0,0,0,12,3.01,3,0.75,0,0,71,17.79,88,22.06,0,0,0,0,57,14.29,11,2.76,2,0.5,31,7.77,197,49.37,0,0,6,1.5,6,1.5,1,0.25,5,1.25,9,2.26,29,7.27,8,2.01,22,5.51,0,0,0,0,0,0,845,19
4ldnhtfqgyke4uoq5y3vuy7tg,Thiago Adrián Daniel Aranda Paradeda,T. Aranda,Defender,Paraguay Under 17,brnix0mqlp5gd37bsfii9q2yb,2025-11-17T14:52:24Z,360,4,Full Backs,rb,rb,1,12,4,1,3,8,2,4,1,0,0,0,0,0,0,5,1.25,0,0,1,0.25,7,1.75,0,0,2,0.5,2,0.5,0,0,17,17,0,0,0,0,0,0,0,0,0,0,0,0,0,0,0,0,30,12,3,7.5,18,60,60,4.5,35,8.75,8,2,36,9,2,0.5,0,0,0,0,0,0,4,1,0,0,0,0,0,0,1,3,2,0.5,1,0.25,0.75,0,0,1,0.25,0,0,0.25,18,8,2,4.5,10,2.5,0,0,0,0,1,0.25,1,0.25,4,1,2,0.5,0,0,0,0,22,5.5,360,0,0,62,62,58,14.5,0,0,0,0,0,0,0,0,0,0,0,0,0,0,0,0,0,0,0,0,3,0.75,22,5.5,0,0,4,2,0.5,1,4,1,0,0,1,0.25,2,0.5,0,0,0,0,0,0,0,0,0,0,0,0,0,0,0,0,5,1.25,1,0.25,6,6,4,1,0,0,0,0,0,0,0,0,1,0.25,1,0.25,0,0,4,1,0,0,9,2.25,36,9,29,7.25,15,3.75,34,8.5,1,0.25,5,1.25,0,0,12,3,28,7,1,0.25,0,0,3,0.75,0,0,1,0.25,15,3.75,5,1.25,4,1,42,10.5,65,16.25,0,0,6,1.5,43,10.75,6,1.5,5,1.25,22,5.5,160,40,0,0,4,1,4,1,1,0.25,7,1.75,9,2.25,17,4.25,9,2.25,13,3.25,0,0,0,0,1,0.25,847,2
956hpxan1wa54wx020m3h13pw,Jhosías Ramón Campss Núñez,J. Campss,Midfielder,Paraguay Under 17,brnix0mqlp5gd37bsfii9q2yb,2025-11-17T14:52:24Z,136,1.51,Wingers,lm,lm,1,11,7,4.64,7.28,4,2.65,4,2.65,0,0,0,0,0,0,3,1.99,0,0,0,0,14,9.27,0,0,0,0,0,0,0,0,0,0,2,1.32,3,1.99,0,0,0,0,0,0,2,1.32,14,14,0,0,31,19,12.58,20.53,12,39,39,7.95,37,24.5,2,1.32,11,7.28,0,0,0,0,0,0,0,0,4,2.65,0,0,0,0,0,0,0,1,1,0.66,0,0,0.66,0,0,0,0,0,0,0,20,12,7.95,13.25,8,5.3,0,0,0,0,0,0,0,0,1,0.66,0,0,0,0,0,0,1,0.66,0,0,0,27,27,22,14.57,0,0,0,0,0,0,0,0,0,0,0,0,0,0,0,0,0,0,0,0,11,7.28,2,1.32,0,0,9,5,3.31,5.96,6,3.97,0,0,0,0,9,5.96,0,0,0,0,0,0,0,0,0,0,0,0,0,0,0,0,3,1.99,1,0.66,0,0,1,0.66,0,0,1,0.66,3,1.99,0,0,0,0,0,0,1,0.66,0,0,1,0.66,0,0,6,3.97,6,3.97,2,1.32,8,5.3,1,0.66,2,1.32,0,0,0,0,1,0.66,8,5.3,0,0,1,0.66,0,0,0,0,1,0.66,5,3.31,4,2.65,38,25.17,24,15.89,0,0,4,2.65,8,5.3,3,1.99,6,3.97,16,10.6,70,46.36,0,0,10,6.62,10,6.62,6,3.97,3,1.99,4,2.65,24,15.89,2,1.32,12,7.95,0,0,0,0,1,0.66,849,14
4d3ybuoss3cerpfj5dp0ob1uc,Mauro Alexis Coronel Gómez,M. Coronel,Defender,Paraguay Under 17,brnix0mqlp5gd37bsfii9q2yb,2025-11-17T14:52:24Z,360,4,Center Backs,cb,cb,1,14,4,1,3.5,10,2.5,4,1,0,0,0,0,0,0,2,0.5,0,0,5,1.25,16,4,0,0,1,0.25,2,0.5,0,0,0,0,0,0,0,0,0,0,0,0,0,0,0,0,0,0,0,0,24,8,2,6,16,67,67,4,4,1,10,2.5,67,16.75,0,0,0,0,0,0,1,0.25,4,1,0,0,1,0.25,0,0,0,3,2,0.5,1,0.25,0.75,0,0,0,0,0,0,0,10,4,1,2.5,6,1.5,0,0,0,0,0,0,0,0,4,1,1,0.25,0,0,0,0,52,13,0,0,0,75,75,127,31.75,0,0,0,0,0,0,0,0,0,0,0,0,0,0,0,0,0,0,0,0,11,2.75,14,3.5,0,0,4,2,0.5,1,13,3.25,0,0,0,0,12,3,0,0,0,0,0,0,0,0,0,0,0,0,0,0,0,0,2,0.5,0,0,0,0,4,1,0,0,0,0,0,0,0,0,1,0.25,1,0.25,0,0,2,0.5,0,0,15,3.75,95,23.75,37,9.25,64,16,85,21.25,4,1,2,0.5,0,0,0,0,0,0,0,0,0,0,0,0,0,0,0,0,39,9.75,3,0.75,0,0,34,8.5,133,33.25,0,0,2,0.5,100,25,6,1.5,1,0.25,33,8.25,197,49.25,0,0,0,0,0,0,0,0,13,3.25,19,4.75,24,6,9,2.25,14,3.5,0,0,0,0,1,0.25,851,13
660464p03a4y0xdymhecg6vpw,Leo Ariel Cristaldo Florentín,L. Cristaldo,Defender,Paraguay Under 17,brnix0mqlp5gd37bsfii9q2yb,2025-11-17T14:52:24Z,360,4,Center Backs,cb,cb,1,12,6,1.5,3,6,1.5,4,1,0,0,0,0,0,0,3,0.75,1,0.25,1,0.25,43,10.75,0,0,1,0.25,2,0.5,0,0,0,0,0,0,1,0.25,0,0,0,0,0,0,0,0,0,0,0,0,40,16,4,10,24,60,60,6,7,1.75,10,2.5,51,12.75,4,1,0,0,0,0,1,0.25,4,1,0,0,1,0.25,0,0,0,3,2,0.5,1,0.25,0.75,0,0,0,0,0,0,0,28,10,2.5,7,18,4.5,0,0,0,0,0,0,0,0,8,2,1,0.25,0,0,0,0,19,4.75,0,2,0.5,82,82,123,30.75,0,0,0,0,0,0,0,0,0,0,0,0,0,0,0,0,0,0,0,0,32,8,4,1,0,0,2,1,0.25,0.5,10,2.5,0,0,0,0,56,14,0,0,0,0,0,0,0,0,0,0,0,0,0,0,0,0,0,0,1,0.25,0,0,4,1,0,0,0,0,0,0,0,0,0,0,0,0,0,0,2,0.5,0,0,10,2.5,101,25.25,39,9.75,66,16.5,95,23.75,4,1,10,2.5,0,0,0,0,0,0,1,0.25,1,0.25,1,0.25,0,0,0,0,17,4.25,9,2.25,4,1,27,6.75,129,32.25,0,0,1,0.25,105,26.25,14,3.5,2,0.5,24,6,184,46,0,0,1,0.25,1,0.25,1,0.25,10,2.5,14,3.5,18,4.5,7,1.75,10,2.5,0,0,0,0,0,0,852,6
425jxxwsbwj35lwlnrjvb5p90,Félix Matías Fernández Gavilán,M. Fernández,Goalkeeper,Paraguay Under 17,brnix0mqlp5gd37bsfii9q2yb,2025-11-17T14:52:24Z,360,4,Goalkeepers,gk,gk,1,2,0,0,0.5,2,0.5,4,1,0,0,0,0,0,0,0,0,0,0,0,0,2,0.5,2,0.5,0,0,2,0.5,0,0,0,0,0,0,0,0,0,0,0,0,0,0,0,0,0,0,2,0.5,3,0,0,0.75,3,100,100,0.75,0,0,5,1.25,49,12.25,0,0,0,0,24,6,8,2,4,1,0,0,24,6,0,0,0,3,2,0.5,1,0.25,0.75,0,0,0,0,0,0,0,1,0,0,0.25,1,0.25,0,0,0,0,0,0,0,0,0,0,0,0,0,0,0,0,6,1.5,0,0,0,70,70,10,2.5,0,0,0,0,0,0,0,0,0,0,0,0,0,0,0,0,0,0,0,0,0,0,8,2,5,1.25,0,0,0,0,35,8.75,0,0,0,0,10,2.5,11,3,0.75,8,2,2.75,0,0,0,0,6,1.5,0,0,0,0,0,0,0,0,0,0,4,1,0,0,0,0,0,0,0,0,0,0,0,0,0,0,2,0.5,0,0,14,3.5,7,1.75,12,3,24,6,22,5.5,0,0,0,0,0,0,0,0,0,0,0,0,0,0,0,0,0,0,0,0,7,1.75,0,0,2,0.5,29,7.25,65,16.25,0,0,0,0,36,9,0,0,0,0,29,7.25,97,24.25,0,0,0,0,0,0,0,0,7,1.75,28,7,23,5.75,6,1.5,1,0.25,0,0,0,0,0,0,855,1
2qcoojubzc5fp1px9z7hivfh0,Carlos Daniel Franco Santacruz,C. Franco,Midfielder,Paraguay Under 17,brnix0mqlp5gd37bsfii9q2yb,2025-11-17T14:52:24Z,276,3.07,Strikers,st,"cm,lm,st",3,8,5,1.63,2.61,3,0.98,4,1.3,0,0,0,0,0,0,15,4.89,3,0.98,0,0,23,7.49,0,0,1,0.33,0,0,0,0,0,0,0,0,1,0.33,0,0,0,0,0,0,3,0.98,50,50,0,0,35,23,7.49,11.4,12,34,34,3.91,43,14.01,7,2.28,30,9.77,5,1.63,0,0,0,0,0,0,4,1.3,0,0,0,0,0,0,0,2,1,0.33,1,0.33,0.65,0,0,0,0,0,0,0,27,18,5.86,8.79,9,2.93,0,0,0,0,0,0,0,0,2,0.65,1,0.33,0,0,0,0,11,3.58,0,0,0,72,72,65,21.17,0,0,0,0,0,0,0,0,0,0,0,0,0,0,0,0,0,0,0,0,11,3.58,7,2.28,0,0,4,3,0.98,1.3,15,4.89,0,0,0,0,13,4.23,0,0,0,0,0,0,0,0,0,0,0,0,0,0,0,0,0,0,2,0.65,0,0,4,1.3,0,0,4,1.3,0,0,0,0,0,0,0,0,4,1.3,0,0,2,0.65,3,0.98,47,15.31,38,12.38,12,3.91,47,15.31,2,0.65,2,0.65,1,0.33,0,0,1,0.33,7,2.28,0,0,0,0,0,0,0,0,1,0.33,7,2.28,1,0.33,36,11.73,69,22.48,0,0,2,0.65,50,16.29,4,1.3,7,2.28,19,6.19,118,38.44,0,0,2,0.65,1,0.33,4,1.3,0,0,2,0.65,17,5.54,4,1.3,17,5.54,0,0,0,0,1,0.33,856,10
1zk2b667wsjsjml6ocj6cr2s,Alan Fabricio Ledesma Velázquez,A. Ledesma,Midfielder,Paraguay Under 17,brnix0mqlp5gd37bsfii9q2yb,2025-11-17T14:52:24Z,239,2.66,Midfielders,cm,cm,1,12,5,1.88,4.51,7,2.63,3,1.13,0,0,0,0,0,0,9,3.38,0,0,0,0,17,6.39,0,0,1,0.38,1,0.38,0,0,10,10,0,0,1,0.38,0,0,0,0,0,0,1,0.38,50,50,0,0,32,15,5.64,12.03,17,53,53,6.39,22,8.27,7,2.63,28,10.53,3,1.13,0,0,0,0,0,0,3,1.13,0,0,0,0,0,0,1,2,1,0.38,1,0.38,0.75,0,0,1,0.38,0,0,0.38,20,10,3.76,7.52,10,3.76,0,0,0,0,1,0.38,1,0.38,3,1.13,1,0.38,0,0,0,0,12,4.51,239,0,0,70,70,63,23.68,0,0,0,0,0,0,0,0,0,0,0,0,0,0,1,0.38,1,0,0,0.38,7,2.63,3,1.13,0,0,3,2,0.75,1.13,11,4.14,0,0,1,0.38,14,5.26,0,0,0,0,0,0,0,0,0,0,0,0,0,0,0,0,8,3.01,2,0.75,10,10,3,1.13,0,0,1,0.38,0,0,0,0,0,0,0,0,2,0.75,4,1.5,1,0.38,8,3.01,44,16.54,28,10.53,16,6.02,36,13.53,3,1.13,2,0.75,0,0,1,0.38,0,0,3,1.13,0,0,0,0,0,0,1,0.38,2,0.75,6,2.26,3,1.13,33,12.41,63,23.68,0,0,10,3.76,44,16.54,5,1.88,6,2.26,19,7.14,107,40.23,0,0,2,0.75,2,0.75,2,0.75,1,0.38,5,1.88,12,4.51,9,3.38,14,5.26,0,0,0,0,3,1.13,859,8
f2zx7hcyno2jvv4hte0i78wlw,Aldo Nicolás Sanabria Prieto,A. Sanabria,Midfielder,Paraguay Under 17,brnix0mqlp5gd37bsfii9q2yb,2025-11-17T14:52:24Z,330,3.67,Midfielders,cm,cm,1,10,4,1.09,2.72,6,1.63,4,1.09,0,0,0,0,0,0,9,2.45,0,0,1,0.27,19,5.18,0,0,2,0.54,2,0.54,0,0,0,0,0,0,0,0,0,0,0,0,0,0,3,0.82,0,0,0,0,37,20,5.45,10.08,17,46,46,4.63,18,4.9,12,3.27,44,11.99,4,1.09,0,0,0,0,0,0,4,1.09,1,0.27,0,0,0,0,0,3,2,0.54,1,0.27,0.82,0,0,0,0,0,0,0,27,16,4.36,7.36,11,3,0,0,0,0,0,0,0,0,5,1.36,1,0.27,0,0,0,0,23,6.27,0,0,0,65,65,99,26.98,0,0,0,0,1,0.27,0,0,0,0,0,0,0,0,0,0,0,0,0,0,9,2.45,3,0.82,0,0,5,4,1.09,1.36,18,4.9,0,0,0,0,23,6.27,0,0,0,0,0,0,0,0,0,0,0,0,0,0,0,0,1,0.27,1,0.27,0,0,4,1.09,0,0,1,0.27,0,0,0,0,1,0.27,1,0.27,0,0,4,1.09,0,0,8,2.18,64,17.44,34,9.26,31,8.45,56,15.26,4,1.09,6,1.63,0,0,0,0,0,0,7,1.91,0,0,0,0,0,0,0,0,7,1.91,4,1.09,1,0.27,48,13.08,99,26.98,0,0,2,0.54,64,17.44,10,2.72,3,0.82,35,9.54,156,42.51,0,0,0,0,0,0,4,1.09,8,2.18,15,4.09,29,7.9,6,1.63,20,5.45,0,0,0,0,1,0.27,862,15
49x6g57fnj98kn0dknu7cmn10,Thiago Nicolás Vera Sosa,T. Vera,Midfielder,Paraguay Under 17,brnix0mqlp5gd37bsfii9q2yb,2025-11-17T14:52:24Z,254,2.82,Midfielders,cm,"cm,lm",2,6,3,1.06,2.13,3,1.06,4,1.42,0,0,0,0,0,0,10,3.55,0,0,0,0,13,4.61,0,0,2,0.71,1,0.35,0,0,0,0,0,0,0,0,0,0,0,0,0,0,4,1.42,0,0,0,0,48,28,9.93,17.02,20,42,42,7.09,28,9.93,5,1.77,30,10.64,9,3.19,0,0,0,0,0,0,4,1.42,0,0,0,0,0,0,0,0,0,0,0,0,0,0,0,0,0,0,0,0,42,25,8.87,14.89,17,6.03,0,0,0,0,0,0,0,0,5,1.77,2,0.71,0,0,0,0,13,4.61,0,0,0,63,63,68,24.11,0,0,0,0,0,0,0,0,0,0,0,0,0,0,0,0,0,0,0,0,3,1.06,3,1.06,0,0,5,5,1.77,1.77,17,6.03,0,0,0,0,15,5.32,0,0,0,0,0,0,0,0,0,0,0,0,0,0,0,0,3,1.06,0,0,0,0,3,1.06,0,0,2,0.71,1,0.35,0,0,0,0,0,0,0,0,0,0,0,0,2,0.71,43,15.25,24,8.51,19,6.74,41,14.54,6,2.13,7,2.48,0,0,0,0,0,0,6,2.13,0,0,2,0.71,0,0,0,0,1,0.35,11,3.9,4,1.42,35,12.41,68,24.11,0,0,3,1.06,43,15.25,13,4.61,4,1.42,25,8.87,119,42.2,0,0,0,0,0,0,2,0.71,2,0.71,4,1.42,22,7.8,3,1.06,21,7.45,0,0,0,0,0,0,863,17
dhwk4k00oyofhmhcnorn5cxlg,Pedro André Villalba Gaona,P. Villalba,Defender,Paraguay Under 17,brnix0mqlp5gd37bsfii9q2yb,2025-11-17T14:52:24Z,341,3.79,Wingers,rm,"lm,rm",2,2,1,0.26,0.53,1,0.26,4,1.06,0,0,0,0,0,0,11,2.9,1,0.26,0,0,44,11.61,0,0,11,2.9,1,0.26,0,0,100,100,14,3.69,4,1.06,0,0,0,0,0,0,10,2.64,47,47,0,0,53,33,8.71,13.98,20,38,38,5.28,91,24.01,3,0.79,22,5.8,3,0.79,0,0,0,0,0,0,4,1.06,0,0,0,0,0,0,1,2,1,0.26,1,0.26,0.53,1,0.26,1,0.26,0,0,0.26,51,32,8.44,13.46,19,5.01,0,0,0,0,0,0,1,0.26,1,0.26,11,2.9,0,0,0,0,10,2.64,341,0,0,58,58,45,11.87,0,0,2,0.53,0,0,0,0,0,0,0,0,0,0,0,0,0,0,0,0,29,7.65,7,1.85,0,0,10,6,1.58,2.64,19,5.01,0,0,1,0.26,6,1.58,0,0,0,0,0,0,0,0,0,0,0,0,0,0,0,0,0,0,1,0.26,1,1,4,1.06,0,0,2,0.53,0,0,5,1.32,8,2.11,2,0.53,7,1.85,1,0.26,0,0,3,0.79,26,6.86,31,8.18,5,1.32,25,6.6,2,0.53,2,0.53,0,0,0,0,3,0.79,18,4.75,4,1.06,0,0,0,0,0,0,0,0,9,2.37,8,2.11,82,21.64,49,12.93,0,0,1,0.26,28,7.39,4,1.06,6,1.58,21,5.54,150,39.58,7,1.85,21,5.54,10,2.64,8,2.11,1,0.26,4,1.06,39,10.29,3,0.79,17,4.49,0,0,1,0.26,0,0,864,20
7wrp20r32ybc2d480cve8p1xw,Mauricio de Carvalho González,M. de Carvalho,Forward,Paraguay Under 17,brnix0mqlp5gd37bsfii9q2yb,2025-11-17T14:52:24Z,230,2.56,Strikers,st,st,1,11,9,3.52,4.3,2,0.78,4,1.56,0,0,0,0,0,0,12,4.69,1,0.39,0,0,12,4.69,0,0,1,0.39,0,0,0,0,0,0,0,0,1,0.39,0,0,0,0,0,0,2,0.78,0,0,0,0,22,17,6.64,8.59,5,23,23,1.95,29,11.33,0,0,5,1.95,2,0.78,0,0,0,0,0,0,4,1.56,0,0,0,0,0,0,0,2,1,0.39,1,0.39,0.78,0,0,0,0,0,0,0,11,8,3.12,4.3,3,1.17,0,0,0,0,0,0,0,0,0,0,1,0.39,0,0,0,0,5,1.95,0,0,0,56,56,25,9.77,0,0,1,0.39,0,0,0,0,0,0,0,0,0,0,0,0,0,0,0,0,7,2.73,1,0.39,0,0,3,0,0,1.17,6,2.34,0,0,0,0,8,3.12,0,0,0,0,0,0,0,0,0,0,0,0,0,0,0,0,1,0.39,0,0,0,0,4,1.56,0,0,4,1.56,0,0,0,0,0,0,0,0,0,0,0,0,1,0.39,0,0,14,5.47,8,3.12,11,4.3,19,7.42,0,0,0,0,0,0,0,0,0,0,4,1.56,1,0.39,0,0,0,0,0,0,3,1.17,4,1.56,3,1.17,22,8.59,30,11.72,0,0,1,0.39,19,7.42,0,0,3,1.17,11,4.3,56,21.88,0,0,1,0.39,1,0.39,2,0.78,1,0.39,2,0.78,12,4.69,0,0,9,3.52,1,0.39,0,0,0,0,865,9
d2yn99l0z04vyzapllg7ssp3o,Angel Anmarath James Rowe,A. James,Midfielder,Panama Under 17,959pr3zqnexipzqpqkixb7emg,2025-11-14T21:15:45Z,193,2.14,Strikers,st,st,1,4,3,1.4,1.87,1,0.47,3,1.4,0,0,2,0.93,0,0,10,4.67,1,0.47,0,0,17,7.94,0,0,1,0.47,0,0,0,0,0,0,1,0.47,2,0.93,0,0,0,0,0,0,5,2.34,44,44,0,0,24,16,7.48,11.21,8,33,33,3.74,35,16.36,4,1.87,11,5.14,1,0.47,0,0,0,0,0,0,3,1.4,0,0,0,0,0,0,0,6,6,2.8,0,0,2.8,0,0,0,0,0,0,0,20,13,6.07,9.35,7,3.27,0,0,0,0,1,0.47,0,0,0,0,1,0.47,0,0,0,0,7,3.27,0,1,0.47,67,67,30,14.02,0,0,0,0,0,0,0,0,0,0,0,0,0,0,0,0,0,0,0,0,10,4.67,3,1.4,0,0,3,1,0.47,1.4,5,2.34,0,0,0,0,8,3.74,0,0,0,0,0,0,0,0,0,0,0,0,0,0,0,0,1,0.47,1,0.47,0,0,2,0.93,0,0,2,0.93,1,0.47,0,0,0,0,0,0,4,1.87,0,0,0,0,1,0.47,20,9.35,17,7.94,9,4.21,25,11.68,1,0.47,1,0.47,1,0.47,0,0,1,0.47,10,4.67,0,0,0,0,0,0,0,0,0,0,2,0.93,2,0.93,25,11.68,36,16.82,0,0,2,0.93,26,12.15,2,0.93,8,3.74,10,4.67,70,32.71,0,0,1,0.47,1,0.47,5,2.34,0,0,0,0,10,4.67,1,0.47,10,4.67,0,0,0,0,0,0,866,9
98r7y70v4fi6ix1dh8duwrk0k,Adamir Yardia Aparicio,A. Aparicio,Goalkeeper,Panama Under 17,959pr3zqnexipzqpqkixb7emg,2025-11-14T21:15:45Z,270,3,Goalkeepers,gk,gk,1,2,0,0,0.67,2,0.67,3,1,0,0,0,0,0,0,0,0,0,0,0,0,8,2.67,2,0.67,0,0,0,0,0,0,0,0,0,0,0,0,0,0,0,0,0,0,0,0,0,0,1,0.33,3,1,0.33,1,2,67,67,0.67,0,0,0,0,21,7,0,0,0,0,21,7,3,1,3,1,0,0,15,5,0,0,0,12,12,4,0,0,4,0,0,0,0,0,0,0,1,1,0.33,0.33,0,0,0,0,0,0,0,0,0,0,0,0,0,0,0,0,0,0,24,8,0,0,0,84,84,51,17,0,0,0,0,0,0,0,0,1,0.33,0,0,0,0,0,0,0,1,0.33,0,1,0.33,2,0.67,0,0,0,0,0,0,17,5.67,0,0,0,0,25,8.33,7,5,1.67,2,0.67,2.33,0,0,0,0,2,0.67,0,0,0,0,0,0,0,0,0,0,3,1,0,0,0,0,0,0,0,0,0,0,0,0,0,0,1,0.33,0,0,7,2.33,43,14.33,1,0.33,57,19,51,17,0,0,0,0,0,0,0,0,0,0,0,0,0,0,0,0,2,0.67,0,0,7,2.33,0,0,1,0.33,12,4,70,23.33,0,0,0,0,58,19.33,0,0,0,0,12,4,97,32.33,0,0,0,0,0,0,0,0,5,1.67,10,3.33,6,2,6,2,2,0.67,0,0,0,0,0,0,867,1
evltjt88j9fpogn0jee2ob9qs,Pablo Ernesto Aranda Tejada,P. Aranda,Midfielder,Panama Under 17,959pr3zqnexipzqpqkixb7emg,2025-11-14T21:15:45Z,99,1.1,Midfielders,dm,dm,1,2,1,0.91,1.82,1,0.91,2,1.82,0,0,0,0,0,0,1,0.91,0,0,1,0.91,5,4.55,0,0,1,0.91,0,0,0,0,0,0,0,0,0,0,0,0,0,0,0,0,0,0,0,0,0,0,8,3,2.73,7.27,5,62,62,4.55,4,3.64,5,4.55,6,5.45,1,0.91,0,0,0,0,0,0,2,1.82,0,0,0,0,0,0,0,4,4,3.64,0,0,3.64,0,0,0,0,0,0,0,6,2,1.82,5.45,4,3.64,0,0,0,0,0,0,0,0,3,2.73,1,0.91,0,0,0,0,10,9.09,0,0,0,82,82,22,20,0,0,0,0,0,0,0,0,0,0,0,0,0,0,0,0,0,0,0,0,3,2.73,2,1.82,0,0,0,0,0,0,5,4.55,0,0,0,0,7,6.36,0,0,0,0,0,0,0,0,0,0,0,0,0,0,0,0,1,0.91,0,0,0,0,2,1.82,0,0,2,1.82,0,0,0,0,0,0,0,0,0,0,0,0,0,0,5,4.55,18,16.36,9,8.18,11,10,15,13.64,0,0,1,0.91,0,0,0,0,0,0,0,0,0,0,0,0,0,0,0,0,2,1.82,2,1.82,3,2.73,6,5.45,24,21.82,0,0,1,0.91,20,18.18,1,0.91,0,0,4,3.64,37,33.64,0,0,0,0,0,0,0,0,0,0,2,1.82,3,2.73,1,0.91,2,1.82,0,0,0,0,0,0,868,5
44oqyh4du0so2dxw56yhzo844,Héctor Moisés Brias Córdoba,H. Brias,Defender,Panama Under 17,959pr3zqnexipzqpqkixb7emg,2025-11-14T21:15:45Z,165,1.83,Center Backs,cb,cb,1,4,3,1.64,2.19,1,0.55,2,1.09,0,0,0,0,0,0,2,1.09,0,0,2,1.09,21,11.48,0,0,0,0,0,0,0,0,0,0,0,0,0,0,0,0,0,0,0,0,2,1.09,50,50,0,0,23,9,4.92,12.57,14,61,61,7.65,3,1.64,6,3.28,29,15.85,0,0,0,0,0,0,0,0,2,1.09,0,0,0,0,0,0,0,6,6,3.28,0,0,3.28,0,0,0,0,0,0,0,19,6,3.28,10.38,13,7.1,0,0,0,0,0,0,0,0,1,0.55,0,0,0,0,0,0,11,6.01,0,0,0,85,85,59,32.24,0,0,0,0,0,0,0,0,0,0,0,0,0,0,0,0,0,0,0,0,15,8.2,5,2.73,0,0,0,0,0,0,5,2.73,0,0,0,0,26,14.21,0,0,0,0,0,0,0,0,0,0,0,0,0,0,0,0,0,0,0,0,0,0,2,1.09,0,0,1,0.55,0,0,0,0,0,0,0,0,1,0.55,0,0,0,0,5,2.73,50,27.32,19,10.38,38,20.77,52,28.42,0,0,0,0,0,0,0,0,0,0,3,1.64,0,0,0,0,0,0,0,0,2,1.09,2,1.09,12,6.56,16,8.74,68,37.16,0,0,0,0,57,31.15,0,0,0,0,11,6.01,95,51.91,0,0,0,0,0,0,1,0.55,3,1.64,5,2.73,9,4.92,2,1.09,6,3.28,0,0,0,0,0,0,870,6
5ne1pysdb0seghkcmwf0hjv9w,Moisés Eliecer Richards Cedeño,M. Cedeño,Midfielder,Panama Under 17,959pr3zqnexipzqpqkixb7emg,2025-11-14T21:15:45Z,270,3,Wingers,rm,rm,1,6,2,0.67,2,4,1.33,3,1,1,0.33,0,0,0,0,19,6.33,3,1,1,0.33,25,8.33,0,0,3,1,0,0,0,0,20,20,1,0.33,5,1.67,0,0,0,0,0,0,6,2,60,60,0,0,41,18,6,13.67,23,56,56,7.67,59,19.67,3,1,12,4,3,1,1,0.33,0,0,0,0,3,1,1,0.33,0,0,0,0,1,12,12,4,0,0,4,1,0.33,1,0.33,0,0,0.33,35,16,5.33,11.67,19,6.33,0,0,0,0,0,0,1,0.33,0,0,2,0.67,0,0,1,0.33,18,6,270,0,0,75,75,48,16,0,0,0,0,0,0,0,0,0,0,0,0,0,0,0,0,0,1,0.33,0,10,3.33,6,2,0,0,6,4,1.33,2,11,3.67,0,0,0,0,6,2,0,0,0,0,0,0,0,0,0,0,0,0,0,0,0,0,2,0.67,3,1,5,5,3,1,0,0,0,0,0,0,0,0,0,0,0,0,6,2,0,0,4,1.33,2,0.67,36,12,24,8,18,6,40,13.33,2,0.67,4,1.33,1,0.33,0,0,1,0.33,10,3.33,1,0.33,1,0.33,0,0,1,0.33,1,0.33,5,1.67,7,2.33,35,11.67,55,18.33,0,0,5,1.67,42,14,6,2,17,5.67,13,4.33,116,38.67,1,0.33,3,1,2,0.67,4,1.33,0,0,0,0,13,4.33,3,1,13,4.33,0,0,0,0,0,0,871,20
e2fzbfyyo4a3siejokfmp5n9w,Stephen Gerard Domínguez González,S. Domínguez,Defender,Panama Under 17,959pr3zqnexipzqpqkixb7emg,2025-11-14T21:15:45Z,105,1.17,Center Backs,cb,cb,1,4,1,0.85,3.42,3,2.56,2,1.71,0,0,0,0,0,0,2,1.71,0,0,1,0.85,21,17.95,0,0,0,0,0,0,0,0,0,0,0,0,0,0,0,0,0,0,0,0,0,0,100,100,0,0,11,3,2.56,9.4,8,73,73,6.84,1,0.85,3,2.56,26,22.22,1,0.85,0,0,1,0.85,0,0,2,1.71,0,0,1,0.85,0,0,0,6,6,5.13,0,0,5.13,0,0,0,0,0,0,0,7,2,1.71,5.98,5,4.27,1,0.85,0,0,0,0,0,0,2,1.71,0,0,0,0,0,0,14,11.97,0,0,0,82,82,56,47.86,0,0,0,0,0,0,1,0.85,0,0,0,0,0,0,0,0,0,1,0.85,0,10,8.55,3,2.56,0,0,4,2,1.71,3.42,7,5.98,0,0,0,0,20,17.09,0,0,0,0,0,0,0,0,0,0,0,0,0,0,0,0,0,0,0,0,0,0,1,0.85,0,0,0,0,1,0.85,0,0,0,0,0,0,1,0.85,1,0.85,0,0,4,3.42,46,39.32,12,10.26,39,33.33,47,40.17,0,0,2,1.71,0,0,0,0,2,1.71,0,0,0,0,0,0,0,0,0,0,11,9.4,3,2.56,2,1.71,15,12.82,62,52.99,0,0,0,0,51,43.59,2,1.71,0,0,11,9.4,91,77.78,0,0,0,0,0,0,0,0,3,2.56,7,5.98,10,8.55,1,0.85,4,3.42,0,0,0,0,0,0,872,17
2qdsx8tyjq7mjd9f86fw86qz8,Gerson Leonel Gordón Sánchez,G. Gordón,Forward,Panama Under 17,959pr3zqnexipzqpqkixb7emg,2025-11-14T21:15:45Z,118,1.31,Strikers,st,st,1,5,3,2.29,3.82,2,1.53,3,2.29,0,0,0,0,0,0,7,5.34,2,1.53,0,0,12,9.16,0,0,0,0,0,0,0,0,0,0,0,0,2,1.53,0,0,0,0,0,0,1,0.76,0,0,0,0,10,7,5.34,7.63,3,30,30,2.29,23,17.56,0,0,8,6.11,0,0,0,0,0,0,0,0,3,2.29,0,0,0,0,0,0,0,8,8,6.11,0,0,6.11,0,0,0,0,0,0,0,5,4,3.05,3.82,1,0.76,0,0,0,0,0,0,0,0,2,1.53,0,0,0,0,0,0,7,5.34,0,0,0,62,62,24,18.32,0,0,0,0,0,0,0,0,0,0,0,0,0,0,0,0,0,1,0.76,0,7,5.34,4,3.05,0,0,2,1,0.76,1.53,0,0,0,0,0,0,4,3.05,0,0,0,0,0,0,0,0,0,0,0,0,0,0,0,0,0,0,1,0.76,0,0,1,0.76,0,0,1,0.76,2,1.53,0,0,0,0,0,0,0,0,0,0,1,0.76,1,0.76,15,11.45,14,10.69,3,2.29,16,12.21,0,0,1,0.76,0,0,0,0,0,0,3,2.29,0,0,0,0,0,0,0,0,2,1.53,3,2.29,0,0,14,10.69,26,19.85,0,0,1,0.76,17,12.98,1,0.76,3,2.29,9,6.87,42,32.06,0,0,2,1.53,2,1.53,2,1.53,0,0,1,0.76,10,7.63,1,0.76,8,6.11,0,0,0,0,0,0,874,11
xsskylkcfyvknwcr8pu2az8,Jossimar Enrique Insturain Rios,J. Insturain,Midfielder,Panama Under 17,959pr3zqnexipzqpqkixb7emg,2025-11-14T21:15:45Z,138,1.53,Midfielders,dm,dm,1,3,1,0.65,1.96,2,1.31,2,1.31,0,0,0,0,0,0,12,7.84,1,0.65,0,0,19,12.42,0,0,1,0.65,0,0,0,0,0,0,4,2.61,0,0,0,0,0,0,0,0,3,1.96,100,100,0,0,24,8,5.23,15.69,16,67,67,10.46,20,13.07,5,3.27,13,8.5,2,1.31,0,0,0,0,0,0,2,1.31,0,0,0,0,0,0,0,4,4,2.61,0,0,2.61,0,0,0,0,0,0,0,21,7,4.58,13.73,14,9.15,0,0,0,0,0,0,0,0,0,0,1,0.65,0,0,0,0,15,9.8,0,0,0,78,78,51,33.33,0,0,0,0,0,0,0,0,0,0,0,0,0,0,0,0,0,0,0,0,8,5.23,1,0.65,0,0,0,0,0,0,5,3.27,1,0.65,0,0,19,12.42,0,0,0,0,0,0,0,0,0,0,0,0,0,0,0,0,0,0,0,0,0,0,2,1.31,0,0,0,0,0,0,0,0,0,0,0,0,2,1.31,0,0,0,0,8,5.23,40,26.14,25,16.34,22,14.38,39,25.49,2,1.31,3,1.96,0,0,0,0,0,0,3,1.96,0,0,0,0,0,0,0,0,1,0.65,2,1.31,7,4.58,18,11.76,59,38.56,1,0.65,0,0,47,30.72,5,3.27,1,0.65,12,7.84,85,55.56,1,0.65,1,0.65,0,0,0,0,1,0.65,4,2.61,11,7.19,2,1.31,8,5.23,0,0,0,0,0,0,876,15
a8r8g8n4hq3z8xx39ndvkvzmc,Estevis Jhassir López Senhouse,E. López,Midfielder,Panama Under 17,959pr3zqnexipzqpqkixb7emg,2025-11-14T21:15:45Z,234,2.6,Midfielders,am,am,1,4,3,1.15,1.54,1,0.38,3,1.15,0,0,1,0.38,0,0,15,5.77,1,0.38,1,0.38,53,20.38,0,0,4,1.54,0,0,0,0,0,0,7,2.69,4,1.54,0,0,0,0,0,0,6,2.31,70,70,0,0,39,17,6.54,15,22,56,56,8.46,54,20.77,13,5,32,12.31,1,0.38,0,0,0,0,0,0,3,1.15,0,0,0,0,0,0,0,8,8,3.08,0,0,3.08,0,0,0,0,0,0,0,35,14,5.38,13.46,21,8.08,0,0,0,0,0,0,0,0,0,0,4,1.54,0,0,0,0,13,5,0,0,0,75,75,73,28.08,0,0,0,0,0,0,0,0,0,0,0,0,0,0,1,0.38,0,0,0,0,20,7.69,7,2.69,0,0,5,3,1.15,1.92,11,4.23,0,0,0,0,22,8.46,0,0,0,0,0,0,0,0,0,0,0,0,0,0,0,0,1,0.38,4,1.54,0,0,3,1.15,0,0,1,0.38,0,0,1,0.38,0,0,0,0,7,2.69,0,0,0,0,10,3.85,55,21.15,42,16.15,18,6.92,50,19.23,1,0.38,2,0.77,2,0.77,0,0,2,0.77,9,3.46,0,0,1,0.38,0,0,0,0,1,0.38,3,1.15,11,4.23,47,18.08,82,31.54,0,0,5,1.92,60,23.08,3,1.15,6,2.31,22,8.46,142,54.62,4,1.54,11,4.23,5,1.92,3,1.15,1,0.38,6,2.31,28,10.77,5,1.92,16,6.15,0,0,0,0,0,0,877,8
amix395jypvyiytadum95uvx0,Adrián Joel Olivardía de Orta,A. Olivardía,Midfielder,Panama Under 17,959pr3zqnexipzqpqkixb7emg,2025-11-14T21:15:45Z,204,2.27,Midfielders,dm,dm,1,5,4,1.76,2.2,1,0.44,3,1.32,0,0,0,0,0,0,7,3.08,1,0.44,0,0,13,5.73,0,0,1,0.44,0,0,0,0,0,0,3,1.32,1,0.44,0,0,0,0,0,0,0,0,25,25,0,0,24,12,5.29,10.57,12,50,50,5.29,23,10.13,7,3.08,17,7.49,4,1.76,0,0,0,0,0,0,3,1.32,0,0,0,0,0,0,0,10,10,4.41,0,0,4.41,0,0,0,0,0,0,0,19,8,3.52,8.37,11,4.85,0,0,0,0,0,0,0,0,3,1.32,1,0.44,0,0,0,0,19,8.37,0,0,0,81,81,48,21.15,0,0,0,0,0,0,0,0,0,0,0,0,0,0,0,0,0,1,0.44,0,3,1.32,7,3.08,0,0,2,1,0.44,0.88,10,4.41,0,0,0,0,9,3.96,0,0,0,0,0,0,0,0,0,0,0,0,0,0,0,0,0,0,0,0,0,0,2,0.88,0,0,1,0.44,1,0.44,1,0.44,2,0.88,1,0.44,1,0.44,0,0,0,0,4,1.76,39,17.18,32,14.1,12,5.29,38,16.74,1,0.44,5,2.2,0,0,0,0,0,0,3,1.32,0,0,0,0,0,0,0,0,0,0,4,1.76,4,1.76,21,9.25,52,22.91,0,0,0,0,42,18.5,6,2.64,3,1.32,10,4.41,84,37,1,0.44,2,0.88,1,0.44,3,1.32,3,1.32,3,1.32,11,4.85,1,0.44,7,3.08,0,0,0,0,0,0,878,10
9rbhwjr7g36qkzfl6m79pskyc,Joseph Fernando Pacheco Ávila,J. Pacheco,Defender,Panama Under 17,959pr3zqnexipzqpqkixb7emg,2025-11-14T21:15:45Z,270,3,Full Backs,lb,lb,1,7,6,2,2.33,1,0.33,3,1,1,0.33,0,0,1,0.33,8,2.67,1,0.33,1,0.33,38,12.67,0,0,2,0.67,0,0,0,0,33,33,1,0.33,1,0.33,0,0,0,0,0,0,5,1.67,75,75,0,0,40,22,7.33,13.33,18,45,45,6,38,12.67,16,5.33,46,15.33,4,1.33,0,0,0,0,0,0,3,1,1,0.33,0,0,0,0,1,12,12,4,0,0,4,1,0.33,1,0.33,0,0,0.33,33,16,5.33,11,17,5.67,1,0.33,0,0,0,0,0,0,5,1.67,1,0.33,0,0,1,0.33,1,0.33,270,2,0.67,75,75,79,26.33,0,0,0,0,0,0,0,0,0,0,0,0,0,0,0,0,0,1,0.33,0,18,6,17,5.67,0,0,9,2,0.67,3,8,2.67,0,0,0,0,30,10,0,0,0,0,0,0,0,0,0,0,0,0,0,0,0,0,1,0.33,2,0.67,3,3,3,1,0,0,0,0,0,0,0,0,0,0,0,0,6,2,1,0.33,0,0,6,2,59,19.67,35,11.67,29,9.67,58,19.33,2,0.67,4,1.33,0,0,4,1.33,15,5,7,2.33,1,0.33,1,0.33,0,0,1,0.33,6,2,7,2.33,5,1.67,42,14,85,28.33,0,0,3,1,64,21.33,6,2,6,2,21,7,163,54.33,1,0.33,4,1.33,3,1,2,0.67,2,0.67,5,1.67,17,5.67,8,2.67,16,5.33,0,0,0,0,1,0.33,879,3
haxshm1akayw548bb2dlwtg4,Anthony Said Ramos Sanjur,A. Ramos,Defender,Panama Under 17,959pr3zqnexipzqpqkixb7emg,2025-11-14T21:15:45Z,270,3,Center Backs,cb,cb,1,7,3,1,2.33,4,1.33,3,1,0,0,0,0,0,0,9,3,0,0,3,1,34,11.33,0,0,0,0,0,0,0,0,0,0,0,0,1,0.33,0,0,0,0,0,0,0,0,0,0,0,0,17,11,3.67,5.67,6,35,35,2,1,0.33,6,2,41,13.67,2,0.67,0,0,15,5,0,0,3,1,0,0,15,5,0,0,0,12,12,4,0,0,4,0,0,0,0,0,0,0,10,8,2.67,3.33,2,0.67,0,0,0,0,0,0,0,0,1,0.33,0,0,0,0,0,0,51,17,0,0,0,79,79,112,37.33,0,0,0,0,0,0,0,0,0,0,0,0,0,0,0,0,0,1,0.33,0,11,3.67,5,1.67,0,0,2,1,0.33,0.67,4,1.33,0,0,0,0,47,15.67,0,0,0,0,0,0,0,0,0,0,0,0,0,0,0,0,0,0,0,0,0,0,3,1,0,0,0,0,0,0,0,0,0,0,0,0,0,0,1,0.33,0,0,14,4.67,88,29.33,15,5,107,35.67,108,36,0,0,0,0,0,0,0,0,0,0,1,0.33,0,0,0,0,0,0,0,0,18,6,5,1.67,2,0.67,29,9.67,148,49.33,0,0,0,0,122,40.67,0,0,1,0.33,26,8.67,176,58.67,0,0,0,0,0,0,1,0.33,11,3.67,21,7,19,6.33,7,2.33,5,1.67,0,0,0,0,1,0.33,881,2
9faztttk95ckqn8rmnueuk3ro,Shayron Shamark Stewart Vargas,S. Stewart,Defender,Panama Under 17,959pr3zqnexipzqpqkixb7emg,2025-11-14T21:15:45Z,266,2.96,Full Backs,rb,rb,1,6,1,0.34,2.03,5,1.69,3,1.01,0,0,0,0,0,0,7,2.36,0,0,1,0.34,31,10.47,0,0,0,0,0,0,1,0.34,0,0,0,0,0,0,0,0,0,0,0,0,0,0,75,75,0,0,20,7,2.36,6.76,13,65,65,4.39,18,6.08,8,2.7,55,18.58,0,0,0,0,0,0,0,0,3,1.01,0,0,0,0,0,0,0,12,12,4.05,0,0,4.05,0,0,0,0,0,0,0,14,6,2.03,4.73,8,2.7,0,0,0,0,0,0,0,0,4,1.35,0,0,0,0,0,0,42,14.19,0,0,0,68,68,105,35.47,0,0,0,0,0,0,0,0,0,0,0,0,0,0,0,0,0,1,0.34,0,14,4.73,12,4.05,0,0,6,0,0,2.03,12,4.05,0,0,0,0,5,1.69,0,0,0,0,0,0,0,0,0,0,0,0,0,0,0,0,0,0,0,0,0,0,3,1.01,0,0,1,0.34,0,0,0,0,0,0,0,0,3,1.01,2,0.68,0,0,13,4.39,71,23.99,25,8.45,50,16.89,62,20.95,3,1.01,1,0.34,0,0,16,5.41,16,5.41,1,0.34,0,0,0,0,0,0,0,0,7,2.36,4,1.35,2,0.68,59,19.93,109,36.82,0,0,0,0,75,25.34,4,1.35,0,0,34,11.49,174,58.78,0,0,2,0.68,2,0.68,1,0.34,11,3.72,17,5.74,16,5.41,20,6.76,17,5.74,0,0,0,0,1,0.34,885,4
lkjfuzg6ytay75vhrrz0cis4,Edgardo Ameth Tovares Torres,E. Tovares,Midfielder,Panama Under 17,959pr3zqnexipzqpqkixb7emg,2025-11-14T21:15:45Z,225,2.5,Wingers,lm,lm,1,3,3,1.2,1.2,0,0,3,1.2,0,0,0,0,0,0,16,6.4,0,0,0,0,29,11.6,0,0,3,1.2,0,0,0,0,0,0,0,0,0,0,0,0,0,0,0,0,1,0.4,86,86,0,0,21,7,2.8,8.4,14,67,67,5.6,33,13.2,9,3.6,26,10.4,1,0.4,0,0,0,0,0,0,3,1.2,0,0,0,0,0,0,0,10,10,4,0,0,4,0,0,0,0,0,0,0,18,4,1.6,7.2,14,5.6,0,0,0,0,0,0,0,0,3,1.2,3,1.2,0,0,0,0,3,1.2,0,0,0,82,82,72,28.8,0,0,0,0,0,0,0,0,0,0,0,0,0,0,0,0,0,1,0.4,0,13,5.2,11,4.4,0,0,2,0,0,0.8,4,1.6,0,0,0,0,28,11.2,0,0,0,0,0,0,0,0,0,0,0,0,0,0,0,0,1,0.4,0,0,0,0,3,1.2,0,0,1,0.4,0,0,0,0,0,0,0,0,6,2.4,1,0.4,1,0.4,7,2.8,59,23.6,39,15.6,21,8.4,53,21.2,2,0.8,2,0.8,2,0.8,0,0,0,0,2,0.8,0,0,0,0,0,0,0,0,1,0.4,1,0.4,4,1.6,20,8,73,29.2,0,0,1,0.4,60,24,4,1.6,2,0.8,13,5.2,106,42.4,0,0,0,0,0,0,1,0.4,0,0,3,1.2,11,4.4,2,0.8,10,4,0,0,0,0,0,0,886,19
59vt8sku2mv5fkrpvr72fkw0k,Lucas Batbedat,L. Batbedat,Defender,France Under 17,dnxp248asclhqp2ahf822te9v,2025-11-19T19:41:18Z,359,3.99,Full Backs,lb,"lb,lm",2,3,0,0,0.75,3,0.75,4,1,1,0.25,0,0,0,0,44,11.03,0,0,1,0.25,31,7.77,0,0,3,0.75,3,0.75,0,0,0,0,0,0,0,0,0,0,0,0,0,0,3,0.75,50,50,0,0,32,15,3.76,8.02,17,53,53,4.26,66,16.54,12,3.01,44,11.03,2,0.5,0,0,0,0,0,0,4,1,1,0.25,0,0,0,0,0,1,1,0.25,0,0,0.25,0,0,0,0,0,0,0,29,15,3.76,7.27,14,3.51,0,0,0,0,0,0,0,0,9,2.26,2,0.5,0,0,0,0,2,0.5,0,0,0,81,81,127,31.83,0,0,0,0,0,0,0,0,0,0,0,0,0,0,0,0,0,0,0,0,15,3.76,16,4.01,0,0,7,5,1.25,1.75,13,3.26,0,0,0,0,38,9.52,0,0,0,0,0,0,0,0,0,0,0,0,0,0,0,0,0,0,0,0,0,0,4,1,0,0,1,0.25,0,0,0,0,3,0.75,3,0.75,3,0.75,1,0.25,0,0,8,2.01,103,25.81,56,14.04,51,12.78,96,24.06,2,0.5,5,1.25,0,0,9,2.26,31,7.77,6,1.5,1,0.25,0,0,0,0,0,0,9,2.26,4,1,4,1,47,11.78,128,32.08,0,0,0,0,104,26.07,7,1.75,2,0.5,24,6.02,230,57.64,0,0,1,0.25,1,0.25,3,0.75,4,1,9,2.26,14,3.51,11,2.76,15,3.76,0,0,0,0,0,0,888,3
b9lw54bptxk1sqfeklxav6ej8,Christ Brunel Neyjunior Batola,C. Batola,Forward,France Under 17,dnxp248asclhqp2ahf822te9v,2025-11-19T19:41:18Z,337,3.74,Strikers,st,st,1,24,16,4.28,6.42,8,2.14,5,1.34,0,0,2,0.53,0,0,14,3.74,0,0,1,0.27,20,5.35,0,0,0,0,2,0.53,0,0,14,14,0,0,1,0.27,0,0,0,0,1,0.27,3,0.8,25,25,0,0,45,28,7.49,12.03,17,38,38,4.55,55,14.71,7,1.87,22,5.88,4,1.07,0,0,0,0,0,0,5,1.34,0,0,0,0,0,0,1,1,1,0.27,0,0,0.27,0,0,0,0,1,0.27,0.27,21,12,3.21,5.61,9,2.41,0,0,0,0,0,0,1,0.27,2,0.53,0,0,0,0,0,0,13,3.48,337,2,0.53,64,64,61,16.31,0,0,0,0,0,0,0,0,0,0,0,0,0,0,1,0.27,0,0,0,0,10,2.67,6,1.6,0,0,2,1,0.27,0.53,10,2.67,0,0,1,0.27,14,3.74,0,0,0,0,0,0,0,0,0,0,0,0,0,0,1,0.27,3,0.8,4,1.07,7,7,4,1.07,0,0,2,0.53,1,0.27,0,0,0,0,0,0,1,0.27,0,0,2,0.53,3,0.8,39,10.43,28,7.49,12,3.21,37,9.89,0,0,2,0.53,1,0.27,0,0,2,0.53,6,1.6,0,0,1,0.27,0,0,0,0,3,0.8,8,2.14,6,1.6,46,12.3,63,16.84,0,0,7,1.87,40,10.7,2,0.53,8,2.14,23,6.15,122,32.62,0,0,7,1.87,7,1.87,3,0.8,0,0,1,0.27,28,7.49,2,0.53,22,5.88,1,0.27,1,0.27,1,0.27,889,10
2j1i32zgcx414ik31j9uhg844,Isaïah Mihaël Bohui,I. Bohui,Defender,France Under 17,dnxp248asclhqp2ahf822te9v,2025-11-19T19:41:18Z,124,1.38,Full Backs,rb,"rb,rm",2,4,2,1.45,2.9,2,1.45,3,2.17,0,0,0,0,0,0,13,9.42,0,0,0,0,12,8.7,0,0,1,0.72,1,0.72,0,0,0,0,0,0,0,0,0,0,0,0,0,0,2,1.45,33,33,0,0,18,10,7.25,13.04,8,44,44,5.8,21,15.22,8,5.8,23,16.67,1,0.72,0,0,0,0,0,0,3,2.17,0,0,0,0,0,0,0,0,0,0,0,0,0,0,0,0,0,0,0,0,14,8,5.8,10.14,6,4.35,0,0,0,0,0,0,0,0,0,0,1,0.72,0,0,0,0,27,19.57,0,0,0,84,84,61,44.2,0,0,0,0,0,0,0,0,0,0,0,0,0,0,0,0,0,0,0,0,8,5.8,12,8.7,0,0,5,2,1.45,3.62,4,2.9,0,0,0,0,1,0.72,0,0,0,0,0,0,0,0,0,0,0,0,0,0,0,0,0,0,1,0.72,0,0,2,1.45,0,0,1,0.72,1,0.72,0,0,1,0.72,1,0.72,1,0.72,1,0.72,0,0,6,4.35,51,36.96,23,16.67,32,23.19,48,34.78,2,1.45,2,1.45,0,0,7,5.07,16,11.59,4,2.9,1,0.72,0,0,0,0,0,0,4,2.9,2,1.45,1,0.72,30,21.74,64,46.38,0,0,1,0.72,54,39.13,4,2.9,1,0.72,10,7.25,116,84.06,0,0,3,2.17,3,2.17,2,1.45,0,0,3,2.17,9,6.52,4,2.9,7,5.07,0,0,0,0,0,0,890,12
5ixphgl5p99r4ddtde8iun02c,Abdoulaye Camara,A. Camara,Midfielder,France Under 17,dnxp248asclhqp2ahf822te9v,2025-11-19T19:41:18Z,436,4.84,Midfielders,dm,"dm,cm",2,13,7,1.45,2.69,6,1.24,5,1.03,0,0,0,0,0,0,35,7.23,1,0.21,3,0.62,50,10.33,0,0,4,0.83,2,0.41,0,0,0,0,0,0,1,0.21,0,0,0,0,0,0,7,1.45,50,50,0,0,60,28,5.79,12.4,32,53,53,6.61,24,4.96,12,2.48,60,12.4,3,0.62,1,0.21,0,0,0,0,5,1.03,1,0.21,0,0,0,0,0,2,2,0.41,0,0,0.41,0,0,0,0,0,0,0,47,21,4.34,9.71,26,5.37,0,0,0,0,0,0,0,0,3,0.62,3,0.62,0,0,0,0,37,7.64,0,0,0,74,74,175,36.16,0,0,0,0,0,0,0,0,0,0,0,0,0,0,0,0,0,0,0,0,22,4.55,5,1.03,0,0,9,6,1.24,1.86,16,3.31,0,0,0,0,52,10.74,0,0,0,0,0,0,0,0,0,0,0,0,0,0,0,0,0,0,1,0.21,0,0,5,1.03,0,0,1,0.21,0,0,0,0,0,0,0,0,4,0.83,1,0.21,0,0,10,2.07,130,26.86,53,10.95,85,17.56,128,26.45,2,0.41,7,1.45,0,0,0,0,0,0,11,2.27,1,0.21,0,0,0,0,0,0,19,3.93,5,1.03,13,2.69,62,12.81,184,38.02,0,0,1,0.21,138,28.51,9,1.86,2,0.41,46,9.5,271,55.99,0,0,1,0.21,1,0.21,4,0.83,5,1.03,17,3.51,40,8.26,7,1.45,29,5.99,0,0,0,0,0,0,891,6
7rog6xq8yr48uv08w222unvo4,Tidiane Khalil Diarrassouba,T. Diarrassouba,Forward,France Under 17,dnxp248asclhqp2ahf822te9v,2025-11-19T19:41:18Z,127,1.41,Midfielders,cm,cm,1,2,2,1.42,1.42,0,0,5,3.55,0,0,0,0,0,0,5,3.55,1,0.71,0,0,13,9.22,0,0,1,0.71,0,0,0,0,0,0,2,1.42,1,0.71,0,0,0,0,0,0,1,0.71,33,33,0,0,11,7,4.96,7.8,4,36,36,2.84,26,18.44,3,2.13,6,4.26,2,1.42,0,0,0,0,0,0,5,3.55,0,0,0,0,0,0,0,1,1,0.71,0,0,0.71,0,0,0,0,0,0,0,9,5,3.55,6.38,4,2.84,0,0,0,0,0,0,0,0,0,0,1,0.71,0,0,0,0,12,8.51,0,0,0,73,73,26,18.44,0,0,0,0,0,0,1,0.71,0,0,0,0,0,0,0,0,0,0,0,0,5,3.55,3,2.13,0,0,4,3,2.13,2.84,4,2.84,0,0,0,0,4,2.84,0,0,0,0,0,0,0,0,0,0,0,0,0,0,0,0,0,0,2,1.42,0,0,1,0.71,0,0,1,0.71,4,2.84,2,1.42,2,1.42,0,0,1,0.71,0,0,1,0.71,3,2.13,19,13.48,15,10.64,7,4.96,17,12.06,1,0.71,0,0,0,0,0,0,0,0,3,2.13,0,0,0,0,0,0,0,0,1,0.71,2,1.42,2,1.42,17,12.06,27,19.15,0,0,2,1.42,20,14.18,1,0.71,8,5.67,7,4.96,56,39.72,0,0,1,0.71,1,0.71,2,1.42,0,0,1,0.71,6,4.26,2,1.42,6,4.26,0,0,0,0,0,0,893,20
atpvj8pkmlqq7b6fp4qo5hqms,Rémi Stéphane Himbert,R. Himbert,Forward,France Under 17,dnxp248asclhqp2ahf822te9v,2025-11-19T19:41:18Z,325,3.61,Wingers,rm,"rm,rw",2,10,4,1.11,2.77,6,1.66,4,1.11,0,0,0,0,1,0.28,20,5.54,3,0.83,0,0,31,8.59,0,0,0,0,1,0.28,0,0,67,67,5,1.39,1,0.28,0,0,0,0,0,0,2,0.55,36,36,0,0,55,26,7.2,15.24,29,53,53,8.03,57,15.79,5,1.39,30,8.31,2,0.55,0,0,0,0,0,0,4,1.11,0,0,0,0,0,0,2,2,2,0.55,0,0,0.55,0,0,2,0.55,0,0,0.55,45,22,6.09,12.47,23,6.37,0,0,1,0.28,0,0,1,0.28,2,0.55,0,0,0,0,0,0,16,4.43,162,0,0,51,51,72,19.94,0,0,1,0.28,0,0,0,0,0,0,0,0,0,0,0,0,0,0,0,0,19,5.26,0,0,0,0,2,1,0.28,0.55,7,1.94,0,0,1,0.28,9,2.49,0,0,0,0,0,0,0,0,0,0,0,0,0,0,0,0,1,0.28,2,0.55,2,2,4,1.11,0,0,2,0.55,0,0,1,0.28,1,0.28,0,0,4,1.11,0,0,4,1.11,3,0.83,37,10.25,26,7.2,14,3.88,36,9.97,4,1.11,2,0.55,0,0,3,0.83,3,0.83,9,2.49,0,0,0,0,0,0,2,0.55,8,2.22,8,2.22,13,3.6,68,18.84,75,20.78,0,0,3,0.83,39,10.8,6,1.66,8,2.22,36,9.97,156,43.21,2,0.55,6,1.66,3,0.83,7,1.94,1,0.28,4,1.11,33,9.14,9,2.49,32,8.86,0,0,0,0,3,0.83,894,7
bojy1sqtjbjo7pxrjms4vkbh0,Ilan Bertrand Jean-Charles Jourdren,I. Jourdren,Goalkeeper,France Under 17,dnxp248asclhqp2ahf822te9v,2025-11-19T19:41:18Z,450,5,Goalkeepers,gk,gk,1,0,0,0,0,0,0,5,1,0,0,0,0,0,0,0,0,0,0,0,0,17,3.4,3,0.6,0,0,3,0.6,0,0,0,0,0,0,0,0,0,0,0,0,0,0,0,0,0,0,1,0.2,1,0,0,0.2,1,100,100,0.2,0,0,2,0.4,83,16.6,0,0,0,0,55,11,16,3.2,5,1,0,0,47,9.4,0,0,0,2,2,0.4,0,0,0.4,0,0,0,0,0,0,0,1,0,0,0.2,1,0.2,0,0,0,0,0,0,0,0,0,0,0,0,0,0,0,0,41,8.2,0,0,0,88,88,106,21.2,0,0,0,0,0,0,0,0,1,0.2,0,0,0,0,0,0,0,0,0,0,4,0.8,7,1.4,1,0.2,0,0,0,0,35,7,0,0,0,0,48,9.6,10,3,0.6,7,1.4,2,0,0,0,0,2,0.4,0,0,0,0,0,0,0,0,0,0,5,1,0,0,0,0,0,0,0,0,0,0,0,0,0,0,8,1.6,0,0,19,3.8,93,18.6,9,1.8,124,24.8,114,22.8,0,0,0,0,0,0,0,0,0,0,0,0,0,0,0,0,2,0.4,0,0,1,0.2,0,0,1,0.2,43,8.6,172,34.4,0,0,0,0,133,26.6,0,0,0,0,39,7.8,215,43,0,0,0,0,0,0,0,0,20,4,39,7.8,29,5.8,10,2,0,0,0,0,0,0,0,0,895,1
96fr4wpm9r2mw8nyj05hylc0k,Milan Alexandre Baptiste Leccese,M. Leccese,Midfielder,France Under 17,dnxp248asclhqp2ahf822te9v,2025-11-19T19:41:18Z,137,1.52,Midfielders,cm,cm,1,2,0,0,1.32,2,1.32,5,3.29,0,0,0,0,0,0,11,7.24,0,0,0,0,13,8.55,0,0,2,1.32,0,0,0,0,0,0,1,0.66,2,1.32,0,0,0,0,0,0,1,0.66,50,50,0,0,10,4,2.63,6.58,6,60,60,3.95,25,16.45,6,3.95,19,12.5,0,0,0,0,0,0,0,0,5,3.29,0,0,0,0,0,0,0,1,1,0.66,0,0,0.66,0,0,0,0,0,0,0,8,4,2.63,5.26,4,2.63,0,0,0,0,0,0,0,0,2,1.32,2,1.32,0,0,0,0,3,1.97,0,0,0,60,60,42,27.63,0,0,0,0,0,0,0,0,0,0,0,0,0,0,0,0,0,0,0,0,3,1.97,5,3.29,0,0,2,1,0.66,1.32,10,6.58,0,0,0,0,10,6.58,0,0,0,0,0,0,0,0,0,0,0,0,0,0,0,0,0,0,1,0.66,0,0,1,0.66,0,0,1,0.66,4,2.63,0,0,1,0.66,1,0.66,1,0.66,0,0,1,0.66,3,1.97,25,16.45,17,11.18,10,6.58,23,15.13,1,0.66,1,0.66,0,0,0,0,0,0,2,1.32,0,0,1,0.66,0,0,0,0,3,1.97,0,0,2,1.32,26,17.11,43,28.29,0,0,1,0.66,26,17.11,2,1.32,1,0.66,17,11.18,68,44.74,1,0.66,3,1.97,1,0.66,1,0.66,0,0,5,3.29,18,11.84,2,1.32,12,7.89,0,0,0,0,0,0,896,17
8l23rhw0lfp01roeejimp4bv8,Kaïs Lesueur,K. Lesueur,Midfielder,France Under 17,dnxp248asclhqp2ahf822te9v,2025-11-19T19:41:18Z,279,3.1,Midfielders,cm,"cm,am",2,5,4,1.29,1.61,1,0.32,5,1.61,0,0,0,0,0,0,23,7.42,0,0,1,0.32,31,10,0,0,3,0.97,0,0,0,0,0,0,0,0,0,0,0,0,0,0,0,0,6,1.94,50,50,0,0,43,25,8.06,13.87,18,42,42,5.81,37,11.94,11,3.55,30,9.68,3,0.97,0,0,0,0,0,0,5,1.61,0,0,0,0,0,0,0,0,0,0,0,0,0,0,0,0,0,0,0,0,38,21,6.77,12.26,17,5.48,2,0.65,0,0,0,0,0,0,3,0.97,3,0.97,0,0,0,0,24,7.74,0,0,0,76,76,95,30.65,0,0,0,0,0,0,0,0,0,0,0,0,0,0,0,0,0,0,0,0,15,4.84,3,0.97,0,0,6,4,1.29,1.94,26,8.39,0,0,0,0,20,6.45,0,0,0,0,0,0,0,0,0,0,0,0,0,0,0,0,1,0.32,0,0,0,0,3,0.97,0,0,3,0.97,2,0.65,0,0,0,0,0,0,6,1.94,0,0,1,0.32,4,1.29,72,23.23,35,11.29,39,12.58,70,22.58,7,2.26,4,1.29,1,0.32,0,0,1,0.32,12,3.87,0,0,0,0,0,0,0,0,3,0.97,6,1.94,1,0.32,50,16.13,97,31.29,0,0,1,0.32,74,23.87,11,3.55,3,0.97,23,7.42,172,55.48,0,0,1,0.32,1,0.32,6,1.94,0,0,2,0.65,20,6.45,4,1.29,21,6.77,0,0,0,0,0,0,897,19
ecqkz3j5t63luhj58dtgrdbf8,Ruben Cédric Maurice Lomet,R. Lomet,Defender,France Under 17,dnxp248asclhqp2ahf822te9v,2025-11-19T19:41:18Z,360,4,Center Backs,cb,cb,1,10,3,0.75,2.5,7,1.75,4,1,0,0,0,0,0,0,7,1.75,1,0.25,6,1.5,64,16,0,0,0,0,3,0.75,1,0.25,0,0,0,0,0,0,0,0,0,0,0,0,0,0,0,0,0,0,30,8,2,7.5,22,73,73,5.5,5,1.25,16,4,69,17.25,3,0.75,0,0,4,1,0,0,4,1,0,0,4,1,0,0,0,1,1,0.25,0,0,0.25,0,0,0,0,0,0,0,20,5,1.25,5,15,3.75,0,0,0,0,1,0.25,0,0,2,0.5,0,0,0,0,0,0,61,15.25,0,0,0,88,88,202,50.5,0,0,1,0.25,0,0,0,0,0,0,0,0,0,0,0,0,0,0,0,0,26,6.5,14,3.5,0,0,3,0,0,0.75,9,2.25,0,0,0,0,79,19.75,0,0,0,0,0,0,0,0,0,0,0,0,0,0,0,0,1,0.25,2,0.5,0,0,4,1,0,0,0,0,0,0,0,0,0,0,0,0,0,0,3,0.75,0,0,23,5.75,178,44.5,47,11.75,143,35.75,167,41.75,2,0.5,6,1.5,0,0,0,0,0,0,0,0,0,0,2,0.5,2,0.5,0,0,23,5.75,5,1.25,7,1.75,30,7.5,216,54,0,0,3,0.75,190,47.5,8,2,4,1,26,6.5,276,69,0,0,0,0,0,0,0,0,8,2,17,4.25,18,4.5,8,2,9,2.25,0,0,0,0,0,0,898,5
2rkr02jo4r3bx9q04k34fyjh0,Emmanuel Mbemba Nlandu,E. Mbemba,Defender,France Under 17,dnxp248asclhqp2ahf822te9v,2025-11-19T19:41:18Z,284,3.16,Center Backs,cb,"cb,lb",2,9,5,1.58,2.85,4,1.27,4,1.27,1,0.32,0,0,0,0,19,6.01,0,0,2,0.63,51,16.14,0,0,3,0.95,2,0.63,0,0,0,0,7,2.22,1,0.32,0,0,0,0,0,0,1,0.32,33,33,0,0,22,12,3.8,6.96,10,45,45,3.16,22,6.96,17,5.38,60,18.99,0,0,0,0,0,0,0,0,4,1.27,1,0.32,0,0,0,0,0,1,1,0.32,0,0,0.32,0,0,0,0,0,0,0,13,7,2.22,4.11,6,1.9,0,0,0,0,0,0,0,0,1,0.32,2,0.63,0,0,0,0,20,6.33,0,0,0,86,86,176,55.7,0,0,0,0,0,0,0,0,0,0,0,0,0,0,0,0,0,0,0,0,21,6.65,22,6.96,0,0,6,2,0.63,1.9,9,2.85,0,0,0,0,82,25.95,0,0,0,0,0,0,0,0,0,0,0,0,0,0,0,0,0,0,0,0,0,0,3,0.95,0,0,0,0,1,0.32,3,0.95,5,1.58,1,0.32,2,0.63,4,1.27,0,0,23,7.28,152,48.1,49,15.51,111,35.13,132,41.77,1,0.32,3,0.95,0,0,2,0.63,15,4.75,5,1.58,3,0.95,0,0,0,0,0,0,12,3.8,1,0.32,0,0,43,13.61,181,57.28,0,0,0,0,155,49.05,4,1.27,0,0,26,8.23,245,77.53,4,1.27,8,2.53,3,0.95,4,1.27,3,0.95,9,2.85,24,7.59,10,3.16,17,5.38,0,0,0,0,2,0.63,900,13
9p5sancy00a3i6xbwii51wr2s,Isyak Mohamed,I. Mohamed,Defender,France Under 17,dnxp248asclhqp2ahf822te9v,2025-11-19T19:41:18Z,232,2.58,Full Backs,rb,rb,1,9,4,1.55,3.49,5,1.94,3,1.16,0,0,0,0,0,0,17,6.59,0,0,0,0,23,8.91,0,0,2,0.78,0,0,0,0,0,0,0,0,1,0.39,0,0,0,0,0,0,1,0.39,50,50,0,0,21,9,3.49,8.14,12,57,57,4.65,31,12.02,8,3.1,27,10.47,0,0,0,0,0,0,0,0,3,1.16,0,0,0,0,0,0,0,1,1,0.39,0,0,0.39,0,0,0,0,0,0,0,12,5,1.94,4.65,7,2.71,0,0,0,0,0,0,0,0,1,0.39,2,0.78,0,0,0,0,31,12.02,0,2,0.78,81,81,74,28.68,0,0,0,0,0,0,0,0,0,0,0,0,0,0,0,0,0,0,0,0,15,5.81,7,2.71,0,0,4,2,0.78,1.55,3,1.16,0,0,0,0,1,0.39,0,0,0,0,0,0,0,0,0,0,0,0,0,0,0,0,0,0,0,0,0,0,2,0.78,0,0,2,0.78,1,0.39,0,0,1,0.39,1,0.39,1,0.39,0,0,0,0,7,2.71,60,23.26,25,9.69,38,14.73,55,21.32,1,0.39,3,1.16,0,0,1,0.39,22,8.53,2,0.78,0,0,0,0,0,0,0,0,6,2.33,0,0,2,0.78,26,10.08,76,29.46,0,0,0,0,62,24.03,4,1.55,0,0,14,5.43,132,51.16,0,0,4,1.55,4,1.55,1,0.39,0,0,2,0.78,12,4.65,6,2.33,12,4.65,0,0,0,0,0,0,901,2
7dz73e1v4rqarl38nj587v9w,Pierre Messie Mounguengue,P. Mounguengue,Forward,France Under 17,dnxp248asclhqp2ahf822te9v,2025-11-19T19:41:18Z,199,2.21,Strikers,st,"st,lm",2,14,7,3.17,6.33,7,3.17,5,2.26,0,0,0,0,0,0,10,4.52,1,0.45,0,0,20,9.05,0,0,1,0.45,1,0.45,0,0,25,25,1,0.45,2,0.9,0,0,0,0,0,0,1,0.45,55,55,0,0,30,13,5.88,13.57,17,57,57,7.69,35,15.84,2,0.9,7,3.17,0,0,0,0,0,0,0,0,5,2.26,0,0,0,0,0,0,1,2,2,0.9,0,0,0.9,1,0.45,0,0,1,0.45,0.45,16,6,2.71,7.24,10,4.52,0,0,0,0,1,0.45,1,0.45,0,0,1,0.45,0,0,0,0,8,3.62,199,0,0,71,71,35,15.84,0,0,0,0,0,0,0,0,0,0,0,0,0,0,0,0,0,0,0,0,14,6.33,3,1.36,0,0,2,0,0,0.9,9,4.07,0,0,1,0.45,12,5.43,0,0,0,0,0,0,0,0,0,0,0,0,0,0,0,0,2,0.9,2,0.9,4,4,2,0.9,0,0,1,0.45,3,1.36,1,0.45,2,0.9,1,0.45,6,2.71,0,0,7,3.17,3,1.36,25,11.31,15,6.79,14,6.33,24,10.86,0,0,0,0,0,0,0,0,0,0,6,2.71,0,0,2,0.9,0,0,1,0.45,1,0.45,0,0,4,1.81,25,11.31,37,16.74,0,0,4,1.81,27,12.22,0,0,11,4.98,10,4.52,78,35.29,0,0,1,0.45,1,0.45,5,2.26,0,0,1,0.45,9,4.07,2,0.9,9,4.07,0,0,0,0,0,0,902,18
2k8jecll7vz9axgflbmv178yc,Believe Munongo,B. Munongo,Midfielder,France Under 17,dnxp248asclhqp2ahf822te9v,2025-11-19T19:41:18Z,330,3.67,Midfielders,cm,"cm,dm,am",3,10,5,1.36,2.72,5,1.36,5,1.36,0,0,0,0,0,0,24,6.54,0,0,1,0.27,25,6.81,0,0,0,0,1,0.27,0,0,0,0,0,0,0,0,0,0,0,0,0,0,2,0.54,75,75,0,0,42,21,5.72,11.44,21,50,50,5.72,20,5.45,12,3.27,37,10.08,8,2.18,0,0,0,0,0,0,5,1.36,0,0,0,0,0,0,0,1,1,0.27,0,0,0.27,0,0,0,0,0,0,0,32,16,4.36,8.72,16,4.36,0,0,0,0,0,0,0,0,5,1.36,0,0,0,0,0,0,29,7.9,0,1,0.27,75,75,111,30.25,0,0,1,0.27,0,0,0,0,0,0,0,0,0,0,0,0,0,0,0,0,8,2.18,8,2.18,0,0,5,3,0.82,1.36,16,4.36,0,0,0,0,21,5.72,0,0,0,0,0,0,0,0,0,0,0,0,0,0,0,0,0,0,0,0,0,0,4,1.09,0,0,4,1.09,1,0.27,0,0,1,0.27,1,0.27,3,0.82,1,0.27,3,0.82,6,1.63,83,22.62,44,11.99,40,10.9,77,20.98,2,0.54,10,2.72,0,0,0,0,1,0.27,3,0.82,0,0,0,0,0,0,0,0,6,1.63,10,2.72,2,0.54,39,10.63,111,30.25,0,0,0,0,83,22.62,12,3.27,1,0.27,28,7.63,160,43.6,0,0,2,0.54,2,0.54,1,0.27,2,0.54,4,1.09,21,5.72,9,2.45,24,6.54,0,0,0,0,1,0.27,903,15
99szeiqc192ixed3eore55p0,Abdoulaye Nassoko,A. Nassoko,Defender,France Under 17,dnxp248asclhqp2ahf822te9v,2025-11-19T19:41:18Z,285,3.17,Center Backs,cb,cb,1,8,2,0.63,2.52,6,1.89,4,1.26,0,0,0,0,0,0,16,5.05,0,0,2,0.63,38,11.99,0,0,0,0,1,0.32,0,0,0,0,0,0,1,0.32,0,0,0,0,0,0,1,0.32,67,67,0,0,20,5,1.58,6.31,15,75,75,4.73,3,0.95,9,2.84,57,17.98,0,0,0,0,0,0,0,0,4,1.26,0,0,0,0,0,0,0,2,2,0.63,0,0,0.63,0,0,0,0,0,0,0,12,3,0.95,3.79,9,2.84,0,0,0,0,0,0,0,0,2,0.63,0,0,0,0,0,0,49,15.46,0,0,0,84,84,140,44.16,0,0,0,0,0,0,0,0,0,0,0,0,0,0,0,0,0,0,0,0,17,5.36,10,3.15,0,0,4,1,0.32,1.26,3,0.95,0,0,0,0,24,7.57,0,0,0,0,0,0,0,0,0,0,0,0,0,0,0,0,0,0,0,0,0,0,3,0.95,0,0,0,0,1,0.32,0,0,0,0,0,0,2,0.63,7,2.21,0,0,16,5.05,118,37.22,25,7.89,98,30.91,107,33.75,1,0.32,4,1.26,0,0,2,0.63,1,0.32,2,0.63,0,0,0,0,0,0,0,0,15,4.73,1,0.32,2,0.63,28,8.83,146,46.06,0,0,0,0,123,38.8,5,1.58,1,0.32,23,7.26,185,58.36,0,0,1,0.32,1,0.32,1,0.32,9,2.84,13,4.1,12,3.79,12,3.79,10,3.15,0,0,0,0,0,0,904,4
ce78jl6uaew2aejajyg5l2m8k,Ilian Ounissi,I. Ounissi,Defender,France Under 17,dnxp248asclhqp2ahf822te9v,2025-11-19T19:41:18Z,271,3.01,Center Backs,cb,cb,1,5,1,0.33,1.66,4,1.33,4,1.33,0,0,0,0,0,0,13,4.32,0,0,2,0.66,35,11.63,0,0,0,0,1,0.33,0,0,0,0,0,0,0,0,0,0,0,0,0,0,0,0,100,100,0,0,11,3,1,3.65,8,73,73,2.66,4,1.33,14,4.65,68,22.59,0,0,0,0,0,0,0,0,4,1.33,0,0,0,0,0,0,0,2,2,0.66,0,0,0.66,0,0,0,0,0,0,0,6,2,0.66,1.99,4,1.33,0,0,0,0,0,0,0,0,2,0.66,0,0,0,0,0,0,64,21.26,0,0,0,81,81,177,58.8,0,0,0,0,0,0,0,0,0,0,0,0,0,0,0,0,0,0,0,0,19,6.31,11,3.65,0,0,1,1,0.33,0.33,3,1,0,0,0,0,38,12.62,0,0,0,0,0,0,0,0,0,0,0,0,0,0,0,0,1,0.33,0,0,0,0,3,1,0,0,0,0,1,0.33,0,0,0,0,0,0,1,0.33,2,0.66,0,0,18,5.98,143,47.51,32,10.63,117,38.87,131,43.52,0,0,2,0.66,0,0,0,0,0,0,0,0,0,0,0,0,0,0,0,0,25,8.31,2,0.66,1,0.33,36,11.96,183,60.8,0,0,1,0.33,149,49.5,2,0.66,3,1,34,11.3,220,73.09,0,0,0,0,0,0,0,0,7,2.33,25,8.31,26,8.64,8,2.66,9,2.99,0,0,0,0,0,0,905,14
f00exr8fjuq2b8gx5gbspsowk,Antoine Dominique Henri Valero,A. Valero,Forward,France Under 17,dnxp248asclhqp2ahf822te9v,2025-11-19T19:41:18Z,282,3.13,Strikers,st,"lm,st",2,13,5,1.6,4.15,8,2.56,5,1.6,0,0,0,0,0,0,10,3.19,0,0,0,0,16,5.11,0,0,3,0.96,0,0,0,0,25,25,0,0,3,0.96,0,0,0,0,0,0,2,0.64,50,50,0,0,31,15,4.79,9.9,16,52,52,5.11,34,10.86,5,1.6,13,4.15,1,0.32,0,0,0,0,0,0,5,1.6,0,0,0,0,0,0,1,0,0,0,0,0,0,1,0.32,1,0.32,0,0,0.32,18,10,3.19,5.75,8,2.56,1,0.32,0,0,0,0,1,0.32,1,0.32,3,0.96,0,0,0,0,13,4.15,282,0,0,59,59,51,16.29,1,0.32,0,0,0,0,0,0,0,0,0,0,0,0,0,0,0,0,0,0,7,2.24,4,1.28,0,0,4,1,0.32,1.28,9,2.88,0,0,0,0,16,5.11,0,0,0,0,0,0,0,0,0,0,0,0,0,0,0,0,1,0.32,3,0.96,4,4,3,0.96,0,0,3,0.96,2,0.64,0,0,0,0,0,0,2,0.64,0,0,1,0.32,0,0,30,9.58,24,7.67,7,2.24,31,9.9,2,0.64,2,0.64,0,0,0,0,1,0.32,4,1.28,1,0.32,0,0,0,0,1,0.32,2,0.64,7,2.24,2,0.64,34,10.86,52,16.61,0,0,4,1.28,31,9.9,4,1.28,5,1.6,21,6.71,87,27.8,0,0,5,1.6,5,1.6,2,0.64,2,0.64,4,1.28,20,6.39,6,1.92,17,5.43,2,0.64,1,0.32,1,0.32,907,9
cgcpmpetc768pyqb51qthq61g,Mba Richard Mmah Chukwu,R. Chukwu,Defender,Canada Under 17,9ambie9e2cxqfzc71f90lz08c,2025-11-17T19:59:07Z,346,3.84,Full Backs,lb,lb,1,13,6,1.56,3.39,7,1.82,4,1.04,0,0,0,0,0,0,24,6.25,0,0,0,0,32,8.33,0,0,0,0,1,0.26,0,0,0,0,0,0,2,0.52,0,0,0,0,0,0,0,0,0,0,0,0,30,13,3.39,7.81,17,57,57,4.43,28,7.29,17,4.43,99,25.78,0,0,0,0,0,0,0,0,4,1.04,0,0,0,0,0,0,0,4,4,1.04,0,0,1.04,0,0,0,0,0,0,0,17,7,1.82,4.43,10,2.6,0,0,0,0,0,0,0,0,5,1.3,0,0,0,0,0,0,9,2.34,0,0,0,78,78,208,54.17,0,0,1,0.26,0,0,0,0,0,0,0,0,0,0,0,0,0,0,0,0,17,4.43,23,5.99,0,0,4,0,0,1.04,13,3.39,0,0,0,0,82,21.35,0,0,0,0,0,0,0,0,0,0,0,0,0,0,0,0,0,0,0,0,0,0,4,1.04,0,0,1,0.26,0,0,0,0,0,0,0,0,0,0,5,1.3,0,0,13,3.39,162,42.19,61,15.89,107,27.86,155,40.36,0,0,7,1.82,0,0,13,3.39,20,5.21,1,0.26,0,0,0,0,0,0,0,0,11,2.86,4,1.04,3,0.78,66,17.19,214,55.73,0,0,0,0,168,43.75,7,1.82,1,0.26,46,11.98,286,74.48,0,0,4,1.04,4,1.04,1,0.26,15,3.91,23,5.99,36,9.38,14,3.65,23,5.99,0,0,0,0,1,0.26,912,13
i1f9a92dbp6midkoshwjlfro,William Robert Daniels,W. Daniels,Midfielder,Canada Under 17,9ambie9e2cxqfzc71f90lz08c,2025-11-17T19:59:07Z,60,0.67,Wingers,lw,lw,1,3,1,1.49,4.48,2,2.99,3,4.48,0,0,0,0,0,0,7,10.45,0,0,0,0,6,8.96,0,0,1,1.49,0,0,0,0,0,0,3,4.48,1,1.49,0,0,0,0,0,0,1,1.49,0,0,0,0,10,8,11.94,14.93,2,20,20,2.99,19,28.36,1,1.49,11,16.42,1,1.49,0,0,0,0,0,0,3,4.48,0,0,0,0,0,0,0,1,1,1.49,0,0,1.49,0,0,0,0,0,0,0,7,7,10.45,10.45,0,0,0,0,0,0,0,0,0,0,0,0,1,1.49,0,0,0,0,1,1.49,0,0,0,71,71,24,35.82,0,0,1,1.49,0,0,0,0,0,0,0,0,0,0,0,0,0,0,0,0,3,4.48,2,2.99,0,0,4,1,1.49,5.97,8,11.94,0,0,0,0,5,7.46,0,0,0,0,0,0,0,0,0,0,0,0,0,0,0,0,0,0,0,0,0,0,1,1.49,0,0,1,1.49,2,2.99,1,1.49,1,1.49,0,0,0,0,1,1.49,0,0,1,1.49,17,25.37,13,19.4,5,7.46,16,23.88,0,0,0,0,0,0,0,0,0,0,4,5.97,0,0,0,0,0,0,0,0,0,0,3,4.48,0,0,25,37.31,24,35.82,0,0,0,0,17,25.37,0,0,0,0,7,10.45,46,68.66,2,2.99,7,10.45,5,7.46,3,4.48,2,2.99,2,2.99,12,17.91,2,2.99,5,7.46,0,0,0,0,0,0,913,3
1l7dyv7n5ndr2scmxnoraxmhg,Sahil Krish Deo,S. Deo,Defender,Canada Under 17,9ambie9e2cxqfzc71f90lz08c,2025-11-17T19:59:07Z,354,3.93,Full Backs,rb,rb,1,11,6,1.53,2.8,5,1.27,4,1.02,0,0,0,0,0,0,28,7.12,1,0.25,1,0.25,28,7.12,0,0,0,0,1,0.25,0,0,0,0,0,0,4,1.02,0,0,0,0,0,0,3,0.76,83,83,0,0,50,25,6.36,12.72,25,50,50,6.36,45,11.45,8,2.04,42,10.69,4,1.02,0,0,0,0,0,0,4,1.02,0,0,0,0,0,0,0,4,4,1.02,0,0,1.02,0,0,0,0,0,0,0,39,19,4.83,9.92,20,5.09,0,0,0,0,0,0,0,0,6,1.53,0,0,0,0,0,0,27,6.87,0,0,0,67,67,96,24.43,0,0,2,0.51,0,0,0,0,0,0,0,0,0,0,0,0,0,0,0,0,16,4.07,12,3.05,0,0,8,3,0.76,2.04,11,2.8,0,0,0,0,1,0.25,0,0,0,0,0,0,0,0,0,0,0,0,0,0,0,0,1,0.25,1,0.25,0,0,4,1.02,0,0,1,0.25,0,0,0,0,1,0.25,1,0.25,5,1.27,1,0.25,0,0,5,1.27,64,16.28,33,8.4,34,8.65,61,15.52,2,0.51,9,2.29,0,0,14,3.56,16,4.07,4,1.02,0,0,0,0,0,0,0,0,9,2.29,6,1.53,4,1.02,62,15.78,98,24.94,0,0,2,0.51,66,16.79,11,2.8,0,0,32,8.14,195,49.62,0,0,5,1.27,5,1.27,1,0.25,4,1.02,7,1.78,22,5.6,15,3.82,25,6.36,0,0,0,0,1,0.25,914,2
85uyc8p2bl0mxq5wpnjmy1wr8,Aidan Martin Connor Evans,A. Evans,Forward,Canada Under 17,9ambie9e2cxqfzc71f90lz08c,2025-11-17T19:59:07Z,184,2.04,Strikers,st,st,1,15,9,4.41,7.35,6,2.94,4,1.96,0,0,0,0,0,0,8,3.92,1,0.49,0,0,14,6.86,0,0,0,0,0,0,0,0,0,0,0,0,4,1.96,0,0,0,0,0,0,9,4.41,43,43,0,0,40,29,14.22,19.61,11,28,27,5.39,33,16.18,6,2.94,11,5.39,1,0.49,0,0,0,0,0,0,4,1.96,0,0,0,0,0,0,0,3,3,1.47,0,0,1.47,0,0,0,0,0,0,0,25,20,9.8,12.25,5,2.45,0,0,0,0,0,0,0,0,0,0,0,0,0,0,0,0,12,5.88,0,0,0,68,68,38,18.63,0,0,0,0,0,0,0,0,0,0,0,0,0,0,0,0,0,0,0,0,8,3.92,2,0.98,0,0,5,1,0.49,2.45,6,2.94,0,0,0,0,7,3.43,0,0,0,0,0,0,0,0,0,0,0,0,0,0,0,0,1,0.49,2,0.98,0,0,2,0.98,0,0,2,0.98,2,0.98,0,0,0,0,0,0,3,1.47,0,0,2,0.98,1,0.49,26,12.75,19,9.31,7,3.43,25,12.25,0,0,1,0.49,1,0.49,0,0,0,0,13,6.37,0,0,1,0.49,0,0,0,0,0,0,5,2.45,1,0.49,33,16.18,38,18.63,0,0,3,1.47,26,12.75,1,0.49,10,4.9,12,5.88,74,36.27,0,0,2,0.98,2,0.98,4,1.96,0,0,2,0.98,10,4.9,4,1.96,10,4.9,0,0,0,0,1,0.49,915,10
3hxu42v56v1261auxmfrea5uc,Timothy Fitzpatrick Fortier,T. Fortier,Forward,Canada Under 17,9ambie9e2cxqfzc71f90lz08c,2025-11-17T19:59:07Z,323,3.59,Midfielders,cm,cm,1,13,4,1.11,3.62,9,2.51,4,1.11,0,0,0,0,0,0,26,7.24,1,0.28,0,0,24,6.69,0,0,0,0,1,0.28,0,0,0,0,10,2.79,3,0.84,0,0,0,0,0,0,1,0.28,67,67,0,0,47,17,4.74,13.09,30,64,64,8.36,46,12.81,25,6.96,64,17.83,5,1.39,0,0,0,0,0,0,4,1.11,0,0,0,0,0,0,0,4,4,1.11,0,0,1.11,0,0,0,0,0,0,0,34,13,3.62,9.47,21,5.85,0,0,0,0,0,0,0,0,9,2.51,0,0,0,0,0,0,41,11.42,0,0,0,82,82,171,47.63,0,0,0,0,0,0,0,0,0,0,0,0,0,0,0,0,0,0,0,0,8,2.23,7,1.95,0,0,5,4,1.11,1.39,15,4.18,0,0,0,0,48,13.37,0,0,0,0,0,0,0,0,0,0,0,0,0,0,0,0,2,0.56,0,0,0,0,4,1.11,0,0,3,0.84,0,0,2,0.56,2,0.56,0,0,2,0.56,1,0.28,3,0.84,8,2.23,141,39.28,77,21.45,71,19.78,138,38.44,5,1.39,11,3.06,0,0,0,0,1,0.28,2,0.56,0,0,0,0,0,0,0,0,7,1.95,8,2.23,4,1.11,56,15.6,179,49.86,0,0,2,0.56,146,40.67,16,4.46,3,0.84,33,9.19,257,71.59,8,2.23,12,3.34,2,0.56,1,0.28,7,1.95,13,3.62,40,11.14,5,1.39,20,5.57,0,0,0,0,0,0,916,14
22jdnjfu1wrf280xovlin3tas,Olusola El-Ameen Opemipo Jimoh,S. Jimoh,Forward,Canada Under 17,9ambie9e2cxqfzc71f90lz08c,2025-11-17T19:59:07Z,272,3.02,Strikers,st,"st,lm",2,6,5,1.66,1.99,1,0.33,4,1.32,0,0,1,0.33,1,0.33,31,10.26,0,0,0,0,26,8.61,0,0,4,1.32,0,0,0,0,20,20,2,0.66,1,0.33,0,0,0,0,0,0,3,0.99,38,38,0,0,34,21,6.95,11.26,13,38,38,4.3,56,18.54,4,1.32,22,7.28,2,0.66,0,0,0,0,0,0,4,1.32,0,0,0,0,0,0,1,2,2,0.66,0,0,0.66,1,0.33,1,0.33,0,0,0.33,28,16,5.3,9.27,12,3.97,0,0,0,0,0,0,0,0,2,0.66,4,1.32,0,0,0,0,8,2.65,272,0,0,78,78,82,27.15,0,0,2,0.66,0,0,0,0,0,0,0,0,0,0,0,0,0,0,0,0,16,5.3,8,2.65,0,0,4,4,1.32,1.32,11,3.64,0,0,1,0.33,21,6.95,0,0,0,0,0,0,0,0,0,0,0,0,0,0,0,0,2,0.66,3,0.99,5,5,3,0.99,0,0,3,0.99,1,0.33,2,0.66,3,0.99,1,0.33,5,1.66,1,0.33,1,0.33,2,0.66,64,21.19,41,13.58,26,8.61,62,20.53,2,0.66,3,0.99,0,0,0,0,1,0.33,11,3.64,1,0.33,1,0.33,0,0,0,0,4,1.32,4,1.32,2,0.66,43,14.24,82,27.15,0,0,5,1.66,64,21.19,5,1.66,6,1.99,18,5.96,141,46.69,0,0,5,1.66,4,1.32,8,2.65,2,0.66,3,0.99,19,6.29,4,1.32,15,4.97,0,0,0,0,0,0,917,7
9z4zkr3g78g1elo5arj2gu6tw,Dylan Andrus Judelson,D. Judelson,Midfielder,Canada Under 17,9ambie9e2cxqfzc71f90lz08c,2025-11-17T19:59:07Z,348,3.87,Midfielders,cm,"dm,cm",2,7,5,1.29,1.81,2,0.52,4,1.03,0,0,0,0,0,0,28,7.24,2,0.52,1,0.26,24,6.2,0,0,2,0.52,0,0,0,0,0,0,0,0,0,0,0,0,0,0,0,0,0,0,100,100,0,0,23,13,3.36,5.94,10,43,43,2.58,24,6.2,19,4.91,77,19.9,2,0.52,0,0,0,0,0,0,4,1.03,0,0,0,0,0,0,0,4,4,1.03,0,0,1.03,0,0,0,0,0,0,0,16,8,2.07,4.13,8,2.07,0,0,0,0,0,0,0,0,2,0.52,2,0.52,0,0,0,0,43,11.11,0,0,0,84,84,210,54.26,0,0,0,0,0,0,0,0,0,0,0,0,0,0,0,0,0,0,0,0,13,3.36,12,3.1,0,0,5,3,0.78,1.29,19,4.91,0,0,0,0,73,18.86,0,0,0,0,0,0,0,0,0,0,0,0,0,0,0,0,0,0,0,0,0,0,4,1.03,0,0,1,0.26,0,0,0,0,0,0,0,0,1,0.26,0,0,1,0.26,11,2.84,176,45.48,92,23.77,95,24.55,176,45.48,1,0.26,4,1.03,0,0,0,0,1,0.26,0,0,0,0,0,0,0,0,0,0,8,2.07,4,1.03,2,0.52,39,10.08,221,57.11,0,0,0,0,187,48.32,5,1.29,1,0.26,34,8.79,261,67.44,0,0,0,0,0,0,0,0,6,1.55,11,2.84,26,6.72,8,2.07,23,5.94,0,0,0,0,1,0.26,918,4
bm4kc9an2iol56cf57o3uqbdg,Kevin Joseph Dolly Khan,K. Khan,Midfielder,Canada Under 17,9ambie9e2cxqfzc71f90lz08c,2025-11-17T19:59:07Z,319,3.54,Wingers,rm,"cm,rm",2,5,4,1.13,1.41,1,0.28,4,1.13,1,0.28,0,0,0,0,21,5.93,0,0,0,0,29,8.19,0,0,7,1.98,1,0.28,0,0,0,0,0,0,2,0.56,0,0,0,0,0,0,5,1.41,22,22,0,0,41,25,7.06,11.58,16,39,39,4.52,62,17.51,11,3.11,25,7.06,3,0.85,0,0,0,0,0,0,4,1.13,1,0.28,0,0,0,0,0,4,4,1.13,0,0,1.13,0,0,0,0,0,0,0,36,21,5.93,10.17,15,4.24,0,0,0,0,1,0.28,0,0,2,0.56,6,1.69,0,0,0,0,36,10.17,0,0,0,77,77,92,25.99,0,0,0,0,0,0,0,0,0,0,0,0,0,0,0,0,0,0,0,0,18,5.08,5,1.41,0,0,7,2,0.56,1.98,16,4.52,0,0,0,0,11,3.11,0,0,0,0,0,0,0,0,0,0,0,0,0,0,0,0,3,0.85,3,0.85,0,0,4,1.13,0,0,3,0.85,0,0,0,0,1,0.28,1,0.28,2,0.56,0,0,3,0.85,4,1.13,71,20.06,50,14.12,23,6.5,68,19.21,3,0.85,4,1.13,2,0.56,6,1.69,4,1.13,12,3.39,2,0.56,0,0,0,0,0,0,3,0.85,5,1.41,6,1.69,53,14.97,93,26.27,0,0,6,1.69,72,20.34,7,1.98,4,1.13,21,5.93,168,47.46,0,0,2,0.56,2,0.56,7,1.98,1,0.28,2,0.56,17,4.8,6,1.69,19,5.37,0,0,0,0,1,0.28,920,8
9eqn9ouxoktbblu0eavdviz9w,Josh-Duc Nteziryayo,J. Nteziryayo,Midfielder,Canada Under 17,9ambie9e2cxqfzc71f90lz08c,2025-11-17T19:59:07Z,339,3.77,Center Backs,cb,cb,1,13,7,1.86,3.45,6,1.59,4,1.06,0,0,0,0,0,0,8,2.12,0,0,2,0.53,35,9.28,0,0,0,0,1,0.27,0,0,0,0,0,0,0,0,0,0,0,0,0,0,3,0.8,100,100,0,0,28,18,4.77,7.43,10,36,36,2.65,2,0.53,6,1.59,65,17.24,0,0,0,0,0,0,0,0,4,1.06,0,0,0,0,0,0,0,4,4,1.06,0,0,1.06,0,0,0,0,0,0,0,15,11,2.92,3.98,4,1.06,0,0,0,0,0,0,0,0,5,1.33,0,0,0,0,0,0,62,16.45,0,0,0,90,90,190,50.4,0,0,0,0,0,0,0,0,0,0,0,0,0,0,0,0,0,0,0,0,10,2.65,6,1.59,0,0,1,0,0,0.27,13,3.45,0,0,0,0,59,15.65,0,0,0,0,0,0,0,0,0,0,0,0,0,0,0,0,1,0.27,0,0,0,0,4,1.06,0,0,1,0.27,0,0,0,0,0,0,0,0,1,0.27,1,0.27,0,0,8,2.12,171,45.36,36,9.55,139,36.87,167,44.3,0,0,3,0.8,0,0,0,0,0,0,3,0.8,0,0,0,0,0,0,0,0,21,5.57,3,0.8,0,0,24,6.37,194,51.46,0,0,1,0.27,175,46.42,3,0.8,0,0,19,5.04,239,63.4,0,0,0,0,0,0,0,0,8,2.12,10,2.65,9,2.39,10,2.65,9,2.39,0,0,0,0,0,0,922,5
47gq90fb3nkqe9v2axzy1w7bo,Van Ethan Paul Parker,V. Parker,Forward,Canada Under 17,9ambie9e2cxqfzc71f90lz08c,2025-11-17T19:59:07Z,302,3.36,Strikers,st,"rw,st",2,30,16,4.76,8.93,14,4.17,4,1.19,0,0,0,0,0,0,23,6.85,1,0.3,0,0,24,7.14,0,0,7,2.08,0,0,0,0,0,0,0,0,2,0.6,0,0,0,0,0,0,9,2.68,31,31,0,0,67,40,11.9,19.94,27,40,40,8.04,78,23.21,1,0.3,11,3.27,1,0.3,1,0.3,0,0,0,0,4,1.19,0,0,0,0,0,0,0,4,4,1.19,0,0,1.19,0,0,0,0,0,0,0,37,24,7.14,11.01,13,3.87,0,0,0,0,0,0,0,0,0,0,7,2.08,0,0,0,0,11,3.27,0,1,0.3,82,82,51,15.18,0,0,2,0.6,0,0,0,0,0,0,1,0.3,0,0,1,0.3,0,0,0,0,15,4.46,10,2.98,0,0,8,7,2.08,2.38,12,3.57,0,0,0,0,10,2.98,0,0,0,0,0,0,0,0,0,0,0,0,0,0,0,0,4,1.19,1,0.3,0,0,3,0.89,0,0,0,0,1,0.3,0,0,2,0.6,2,0.6,5,1.49,0,0,6,1.79,1,0.3,42,12.5,33,9.82,15,4.46,45,13.39,1,0.3,1,0.3,0,0,6,1.79,6,1.79,20,5.95,1,0.3,2,0.6,0,0,0,0,0,0,3,0.89,6,1.79,57,16.96,55,16.37,0,0,5,1.49,46,13.69,2,0.6,12,3.57,9,2.68,147,43.75,0,0,5,1.49,5,1.49,11,3.27,0,0,0,0,11,3.27,3,0.89,9,2.68,1,0.3,0,0,0,0,923,20
a0wpfy3ac4q8lwyiwvlj6m590,Jonathan Robert Ransom,J. Ransom,Goalkeeper,Canada Under 17,9ambie9e2cxqfzc71f90lz08c,2025-11-17T19:59:07Z,360,4,Goalkeepers,gk,gk,1,0,0,0,0,0,0,4,1,0,0,0,0,0,0,0,0,0,0,0,0,5,1.25,4,1,0,0,1,0.25,0,0,0,0,0,0,0,0,0,0,0,0,0,0,0,0,0,0,0,0,0,0,0,0,0,0,0,0,0,0,5,1.25,65,16.25,0,0,0,0,33,8.25,16,4,4,1,0,0,30,7.5,1,0.25,0,4,4,1,0,0,1,0,0,0,0,0,0,0,0,0,0,0,0,0,0,0,0,0,0,0,0,0,0,0,0,0,0,0,0,0,10,2.5,0,0,0,56,56,43,10.75,0,0,0,0,0,0,0,0,0,0,0,0,0,0,0,0,0,0,0,0,3,0.75,13,3.25,1,0.25,0,0,0,0,44,11,0,0,0,0,10,2.5,15,13,3.25,2,0.5,3.75,0,0,2,0.5,2,0.5,0,0,0,0,0,0,0,0,0,0,4,1,0,0,0,0,0,0,0,0,0,0,0,0,0,0,11,2.75,0,0,17,4.25,24,6,16,4,27,6.75,26,6.5,0,0,0,0,0,0,0,0,0,0,0,0,0,0,0,0,3,0.75,0,0,1,0.25,0,0,0,0,42,10.5,85,21.25,0,0,0,0,43,10.75,0,0,0,0,42,10.5,126,31.5,0,0,0,0,0,0,0,0,22,5.5,42,10.5,42,10.5,0,0,0,0,0,0,0,0,1,0.25,924,1
e2kmrkomhu7q5zsvh9dm593bo,Elijah Paco Roche,E. Roche,Defender,Canada Under 17,9ambie9e2cxqfzc71f90lz08c,2025-11-17T19:59:07Z,360,4,Center Backs,cb,cb,1,13,5,1.25,3.25,8,2,4,1,0,0,0,0,0,0,13,3.25,0,0,3,0.75,33,8.25,0,0,0,0,1,0.25,0,0,50,50,0,0,1,0.25,0,0,0,0,0,0,1,0.25,0,0,0,0,24,11,2.75,6,13,54,54,3.25,7,1.75,21,5.25,95,23.75,2,0.5,0,0,0,0,0,0,4,1,0,0,0,0,0,0,1,4,4,1,0,0,1,0,0,1,0.25,0,0,0.25,11,6,1.5,2.75,5,1.25,0,0,1,0.25,0,0,1,0.25,7,1.75,0,0,0,0,0,0,67,16.75,360,0,0,78,78,189,47.25,0,0,0,0,0,0,0,0,0,0,0,0,0,0,0,0,0,0,0,0,22,5.5,17,4.25,0,0,2,1,0.25,0.5,20,5,0,0,0,0,17,4.25,0,0,0,0,0,0,0,0,0,0,0,0,0,0,0,0,0,0,2,0.5,2,2,4,1,0,0,0,0,0,0,0,0,0,0,0,0,0,0,2,0.5,0,0,15,3.75,147,36.75,54,13.5,96,24,135,33.75,1,0.25,3,0.75,0,0,0,0,1,0.25,2,0.5,0,0,0,0,0,0,0,0,23,5.75,3,0.75,1,0.25,47,11.75,192,48,0,0,2,0.5,150,37.5,4,1,6,1.5,42,10.5,249,62.25,0,0,1,0.25,1,0.25,1,0.25,15,3.75,21,5.25,29,7.25,14,3.5,21,5.25,0,0,0,0,0,0,925,15
7ierspejw09stwtcg1tyswr9w,John-Vallery Selemani,J. Selemani,Forward,Canada Under 17,9ambie9e2cxqfzc71f90lz08c,2025-11-17T19:59:07Z,176,1.96,Wingers,lm,lm,1,9,4,2.04,4.59,5,2.55,4,2.04,0,0,0,0,0,0,12,6.12,0,0,0,0,21,10.71,0,0,1,0.51,0,0,0,0,0,0,0,0,0,0,0,0,0,0,0,0,2,1.02,20,20,0,0,31,19,9.69,15.82,12,39,39,6.12,33,16.84,2,1.02,18,9.18,2,1.02,0,0,0,0,0,0,4,2.04,0,0,0,0,0,0,0,1,1,0.51,0,0,0.51,0,0,0,0,0,0,0,22,15,7.65,11.22,7,3.57,0,0,0,0,0,0,0,0,0,0,1,0.51,0,0,0,0,1,0.51,0,0,0,65,65,49,25,0,0,2,1.02,0,0,0,0,0,0,0,0,0,0,0,0,0,0,0,0,10,5.1,2,1.02,0,0,7,2,1.02,3.57,8,4.08,0,0,0,0,18,9.18,0,0,0,0,0,0,0,0,0,0,0,0,0,0,0,0,2,1.02,1,0.51,0,0,2,1.02,0,0,2,1.02,2,1.02,0,0,0,0,0,0,1,0.51,0,0,0,0,2,1.02,32,16.33,17,8.67,15,7.65,30,15.31,1,0.51,0,0,0,0,0,0,1,0.51,6,3.06,0,0,2,1.02,0,0,0,0,1,0.51,4,2.04,5,2.55,35,17.86,49,25,0,0,3,1.53,32,16.33,1,0.51,8,4.08,17,8.67,89,45.41,0,0,1,0.51,1,0.51,4,2.04,1,0.51,1,0.51,16,8.16,2,1.02,16,8.16,1,0.51,0,0,0,0,927,17
68apzmldayosy2z9y0d5vy2vo,John Asiimwe,J. Asiimwe,Midfielder,Uganda Under 17,cqcwm0q85bxd7mvlg2r8o215a,2025-11-19T09:44:23Z,147,1.63,Full Backs,lb,"lb,am",2,1,1,0.61,0.61,0,0,2,1.23,0,0,0,0,0,0,2,1.23,1,0.61,0,0,7,4.29,0,0,0,0,0,0,0,0,0,0,1,0.61,2,1.23,0,0,0,0,0,0,1,0.61,33,33,0,0,13,9,5.52,7.98,4,31,31,2.45,18,11.04,4,2.45,18,11.04,3,1.84,0,0,0,0,0,0,2,1.23,0,0,0,0,0,0,0,3,3,1.84,0,0,1.84,0,0,0,0,0,0,0,12,8,4.91,7.36,4,2.45,0,0,0,0,0,0,0,0,2,1.23,0,0,0,0,0,0,5,3.07,0,0,0,48,48,33,20.25,0,0,0,0,0,0,1,0.61,0,0,0,0,0,0,0,0,0,1,0.61,0,3,1.84,8,4.91,0,0,1,1,0.61,0.61,8,4.91,0,0,0,0,9,5.52,0,0,0,0,0,0,0,0,0,0,0,0,0,0,0,0,0,0,0,0,0,0,2,1.23,0,0,1,0.61,0,0,0,0,0,0,0,0,1,0.61,0,0,1,0.61,1,0.61,16,9.82,9,5.52,8,4.91,16,9.82,1,0.61,0,0,0,0,1,0.61,11,6.75,3,1.84,0,0,0,0,0,0,0,0,2,1.23,3,1.84,2,1.23,26,15.95,34,20.86,0,0,0,0,17,10.43,1,0.61,1,0.61,17,10.43,65,39.88,0,0,3,1.84,2,1.23,2,1.23,4,2.45,8,4.91,15,9.2,5,3.07,9,5.52,0,0,0,0,0,0,929,12
4nvk5imfxdrl7mc2d0myh5ij8,Enock Bagenda,E. Bagenda,Defender,Uganda Under 17,cqcwm0q85bxd7mvlg2r8o215a,2025-11-19T09:44:23Z,145,1.61,Wingers,rw,rw,1,7,6,3.73,4.35,1,0.62,4,2.48,0,0,0,0,0,0,5,3.11,0,0,1,0.62,10,6.21,0,0,0,0,0,0,0,0,0,0,0,0,1,0.62,0,0,0,0,0,0,3,1.86,0,0,0,0,25,21,13.04,15.53,4,16,16,2.48,20,12.42,6,3.73,13,8.07,6,3.73,0,0,0,0,0,0,4,2.48,0,0,0,0,0,0,0,3,3,1.86,0,0,1.86,0,0,0,0,0,0,0,18,15,9.32,11.18,3,1.86,0,0,0,0,0,0,0,0,1,0.62,0,0,0,0,0,0,3,1.86,0,0,0,78,78,23,14.29,0,0,0,0,0,0,0,0,0,0,0,0,0,0,0,0,0,1,0.62,0,8,4.97,2,1.24,0,0,7,5,3.11,4.35,8,4.97,0,0,0,0,2,1.24,0,0,0,0,0,0,0,0,0,0,0,0,0,0,0,0,0,0,1,0.62,0,0,1,0.62,0,0,0,0,3,1.86,0,0,1,0.62,1,0.62,0,0,0,0,0,0,1,0.62,18,11.18,14,8.7,5,3.11,17,10.56,1,0.62,1,0.62,0,0,4,2.48,2,1.24,3,1.86,0,0,0,0,0,0,0,0,4,2.48,7,4.35,1,0.62,22,13.66,23,14.29,0,0,1,0.62,18,11.18,2,1.24,5,3.11,5,3.11,60,37.27,0,0,0,0,0,0,0,0,0,0,0,0,4,2.48,1,0.62,5,3.11,0,0,0,0,1,0.62,930,20
1sbqjod03ch1xm77et7fzn4lw,James Bogere,J. Bogere,Forward,Uganda Under 17,cqcwm0q85bxd7mvlg2r8o215a,2025-11-19T09:44:23Z,360,4,Strikers,st,st,1,17,14,3.5,4.25,3,0.75,4,1,0,0,0,0,1,0.25,10,2.5,3,0.75,0,0,39,9.75,0,0,6,1.5,2,0.5,0,0,22,22,0,0,5,1.25,0,0,0,0,0,0,6,1.5,40,40,0,0,49,35,8.75,12.25,14,29,29,3.5,86,21.5,3,0.75,17,4.25,1,0.25,0,0,0,0,0,0,4,1,0,0,0,0,0,0,2,3,3,0.75,0,0,0.75,2,0.5,2,0.5,0,0,0.5,32,21,5.25,8,11,2.75,0,0,0,0,1,0.25,1,0.25,1,0.25,6,1.5,0,0,0,0,14,3.5,180,3,0.75,64,64,44,11,0,0,1,0.25,0,0,0,0,0,0,0,0,0,0,0,0,0,1,0.25,0,30,7.5,5,1.25,0,0,5,0,0,1.25,9,2.25,0,0,2,0.5,9,2.25,0,0,0,0,0,0,0,0,0,0,0,0,0,0,0,0,2,0.5,7,1.75,4,4,4,1,0,0,0,0,0,0,0,0,1,0.25,1,0.25,6,1.5,0,0,0,0,2,0.5,28,7,28,7,3,0.75,28,7,1,0.25,0,0,1,0.25,0,0,0,0,15,3.75,0,0,1,0.25,0,0,1,0.25,3,0.75,2,0.5,4,1,65,16.25,50,12.5,0,0,9,2.25,30,7.5,1,0.25,29,7.25,20,5,135,33.75,0,0,4,1,4,1,9,2.25,4,1,5,1.25,23,5.75,1,0.25,15,3.75,0,0,1,0.25,2,0.5,931,9
b3452soc632tblwo1cra06kno,Brian Jjara,B. Jjara,Midfielder,Uganda Under 17,cqcwm0q85bxd7mvlg2r8o215a,2025-11-19T09:44:23Z,450,5,Midfielders,dm,"cm,dm",2,8,3,0.6,1.6,5,1,5,1,0,0,0,0,0,0,24,4.8,0,0,1,0.2,47,9.4,0,0,3,0.6,2,0.4,0,0,0,0,0,0,0,0,0,0,0,0,0,0,3,0.6,80,80,0,0,64,29,5.8,12.8,35,55,55,7,33,6.6,19,3.8,87,17.4,5,1,0,0,0,0,0,0,5,1,1,0.2,0,0,0,0,0,4,4,0.8,0,0,0.8,0,0,0,0,0,0,0,56,26,5.2,11.2,30,6,1,0.2,0,0,0,0,0,0,8,1.6,2,0.4,0,0,0,0,41,8.2,0,0,0,78,78,196,39.2,0,0,0,0,0,0,0,0,0,0,0,0,0,0,0,0,0,1,0.2,0,16,3.2,16,3.2,0,0,9,6,1.2,1.8,41,8.2,0,0,0,0,47,9.4,0,0,0,0,0,0,0,0,0,0,0,0,0,0,0,0,3,0.6,0,0,0,0,5,1,0,0,0,0,0,0,0,0,0,0,0,0,8,1.6,6,1.2,0,0,22,4.4,152,30.4,70,14,84,16.8,132,26.4,4,0.8,16,3.2,2,0.4,0,0,1,0.2,5,1,1,0.2,0,0,0,0,0,0,15,3,10,2,2,0.4,67,13.4,199,39.8,0,0,3,0.6,154,30.8,20,4,3,0.6,45,9,292,58.4,0,0,0,0,0,0,2,0.4,7,1.4,13,2.6,31,6.2,14,2.8,32,6.4,0,0,0,0,1,0.2,932,5
4ae27c97qhx15n6q66059puz8,Isima Mulala Magala,I. Magala,Midfielder,Uganda Under 17,cqcwm0q85bxd7mvlg2r8o215a,2025-11-19T09:44:23Z,424,4.71,Midfielders,am,"am,rm,cm",3,17,11,2.34,3.61,6,1.27,5,1.06,0,0,2,0.42,0,0,26,5.52,1,0.21,0,0,42,8.92,0,0,7,1.49,2,0.42,0,0,0,0,7,1.49,2,0.42,0,0,0,0,0,0,3,0.64,60,60,0,0,52,28,5.94,11.04,24,46,46,5.1,77,16.35,10,2.12,34,7.22,4,0.85,0,0,0,0,0,0,5,1.06,0,0,0,0,0,0,0,2,2,0.42,0,0,0.42,0,0,0,0,0,0,0,35,17,3.61,7.43,18,3.82,1,0.21,0,0,1,0.21,0,0,2,0.42,7,1.49,0,0,0,0,25,5.31,0,0,0,81,81,112,23.78,0,0,0,0,0,0,0,0,0,0,0,0,0,0,0,0,0,0,0,0,18,3.82,7,1.49,0,0,3,2,0.42,0.64,19,4.03,0,0,0,0,34,7.22,0,0,0,0,0,0,0,0,0,0,0,0,0,0,0,0,5,1.06,1,0.21,0,0,5,1.06,0,0,1,0.21,0,0,1,0.21,0,0,0,0,9,1.91,0,0,5,1.06,8,1.7,91,19.32,65,13.8,33,7.01,90,19.11,0,0,6,1.27,2,0.42,2,0.42,1,0.21,9,1.91,0,0,0,0,0,0,0,0,3,0.64,7,1.49,3,0.64,51,10.83,119,25.27,0,0,6,1.27,98,20.81,6,1.27,5,1.06,21,4.46,194,41.19,3,0.64,7,1.49,4,0.85,6,1.27,0,0,2,0.42,28,5.94,0,0,19,4.03,0,0,0,0,0,0,934,10
dwfkw8o6xz8frf1xd5nw95ij8,Gilbert Mazige,G. Mazige,Goalkeeper,Uganda Under 17,cqcwm0q85bxd7mvlg2r8o215a,2025-11-19T09:44:23Z,90,1,Goalkeepers,gk,gk,1,1,0,0,1,1,1,1,1,0,0,0,0,0,0,0,0,0,0,0,0,0,0,0,0,0,0,0,0,0,0,0,0,0,0,0,0,0,0,0,0,0,0,0,0,0,0,0,0,1,0,0,1,1,100,100,1,0,0,1,1,9,9,0,0,0,0,9,9,2,2,1,1,0,0,7,7,0,0,0,2,2,2,0,0,2,0,0,0,0,0,0,0,0,0,0,0,0,0,0,0,0,0,0,0,0,0,0,0,0,0,0,0,0,0,0,0,0,0,0,100,100,3,3,0,0,0,0,0,0,0,0,1,1,0,0,0,0,0,0,0,1,1,0,0,0,2,2,0,0,0,0,0,0,8,8,0,0,0,0,7,7,5,4,4,1,1,5,0,0,0,0,1,1,0,0,0,0,0,0,0,0,0,0,1,1,0,0,0,0,0,0,0,0,0,0,0,0,0,0,1,1,0,0,3,3,3,3,3,3,7,7,7,7,0,0,0,0,0,0,0,0,0,0,0,0,0,0,0,0,0,0,0,0,0,0,0,0,1,1,6,6,16,16,0,0,0,0,10,10,0,0,0,0,6,6,27,27,0,0,0,0,0,0,0,0,1,1,6,6,5,5,1,1,0,0,0,0,0,0,0,0,936,19
e6kph80bn713a59f0zvozm1w4,Arafat Nkoola,A. Nkoola,Forward,Uganda Under 17,cqcwm0q85bxd7mvlg2r8o215a,2025-11-19T09:44:23Z,314,3.49,Wingers,lm,"lm,lw",2,24,13,3.72,6.88,11,3.15,5,1.43,0,0,0,0,0,0,14,4.01,6,1.72,0,0,43,12.32,0,0,3,0.86,1,0.29,0,0,25,25,0,0,3,0.86,0,0,0,0,0,0,9,2.58,50,50,0,0,78,45,12.89,22.35,33,42,42,9.46,70,20.06,2,0.57,14,4.01,8,2.29,0,0,0,0,0,0,5,1.43,0,0,0,0,0,0,1,3,3,0.86,0,0,0.86,1,0.29,1,0.29,0,0,0.29,54,32,9.17,15.47,22,6.3,1,0.29,0,0,1,0.29,1,0.29,1,0.29,3,0.86,0,0,0,0,5,1.43,314,2,0.57,59,59,56,16.05,0,0,0,0,0,0,0,0,0,0,0,0,0,0,0,0,0,1,0.29,0,25,7.16,3,0.86,0,0,9,6,1.72,2.58,21,6.02,0,0,1,0.29,23,6.59,0,0,0,0,0,0,0,0,0,0,0,0,0,0,0,0,3,0.86,1,0.29,4,4,3,0.86,0,0,2,0.57,2,0.57,0,0,1,0.29,1,0.29,9,2.58,1,0.29,1,0.29,2,0.57,33,9.46,25,7.16,9,2.58,31,8.88,0,0,4,1.15,0,0,0,0,1,0.29,18,5.16,0,0,0,0,0,0,0,0,6,1.72,11,3.15,10,2.87,56,16.05,56,16.05,0,0,4,1.15,33,9.46,4,1.15,17,4.87,23,6.59,146,41.83,0,0,5,1.43,5,1.43,9,2.58,0,0,0,0,24,6.88,4,1.15,23,6.59,1,0.29,0,0,1,0.29,938,17
9rv1hdmcj55086mhxbk2vqolw,Jovan Nsereko Mukisa,J. Mukisa,Defender,Uganda Under 17,cqcwm0q85bxd7mvlg2r8o215a,2025-11-19T09:44:23Z,450,5,Center Backs,cb,cb,1,14,5,1,2.8,9,1.8,5,1,0,0,0,0,0,0,7,1.4,1,0.2,3,0.6,24,4.8,0,0,0,0,2,0.4,1,0.2,0,0,0,0,0,0,0,0,0,0,0,0,0,0,67,67,0,0,32,13,2.6,6.4,19,59,59,3.8,5,1,2,0.4,74,14.8,2,0.4,0,0,0,0,0,0,5,1,0,0,0,0,0,0,0,4,4,0.8,0,0,0.8,0,0,0,0,0,0,0,18,8,1.6,3.6,10,2,0,0,0,0,1,0.2,0,0,1,0.2,0,0,0,0,0,0,38,7.6,0,0,0,73,73,151,30.2,0,0,0,0,0,0,0,0,0,0,0,0,0,0,0,0,0,1,0.2,0,10,2,9,1.8,0,0,7,3,0.6,1.4,23,4.6,0,0,0,0,37,7.4,0,0,0,0,0,0,0,0,0,0,0,0,0,0,0,0,1,0.2,0,0,0,0,5,1,0,0,0,0,0,0,0,0,0,0,0,0,2,0.4,5,1,0,0,13,2.6,110,22,22,4.4,91,18.2,100,20,2,0.4,5,1,0,0,0,0,0,0,1,0.2,0,0,0,0,1,0.2,0,0,36,7.2,3,0.6,1,0.2,48,9.6,156,31.2,0,0,1,0.2,113,22.6,7,1.4,2,0.4,43,8.6,227,45.4,0,0,1,0.2,1,0.2,1,0.2,14,2.8,23,4.6,21,4.2,23,4.6,20,4,0,0,0,0,1,0.2,939,2
4h6ynkvvneutlfj1lxgeugf10,Richard Okello,R. Okello,Forward,Uganda Under 17,cqcwm0q85bxd7mvlg2r8o215a,2025-11-19T09:44:23Z,448,4.98,Wingers,rm,"lm,st,rm",3,24,13,2.61,4.82,11,2.21,5,1,0,0,1,0.2,0,0,24,4.82,2,0.4,1,0.2,39,7.83,0,0,12,2.41,2,0.4,0,0,0,0,7,1.41,3,0.6,0,0,0,0,0,0,7,1.41,50,50,0,0,51,30,6.02,10.24,21,41,41,4.22,91,18.27,11,2.21,40,8.03,2,0.4,0,0,0,0,0,0,5,1,0,0,0,0,0,0,0,4,4,0.8,0,0,0.8,0,0,0,0,0,0,0,27,17,3.41,5.42,10,2.01,0,0,0,0,0,0,0,0,2,0.4,12,2.41,0,0,0,0,13,2.61,0,3,0.6,72,72,104,20.88,0,0,1,0.2,0,0,0,0,0,0,0,0,0,0,0,0,0,1,0.2,0,25,5.02,8,1.61,0,0,7,2,0.4,1.41,15,3.01,0,0,0,0,30,6.02,0,0,0,0,0,0,0,0,0,0,0,0,0,0,0,0,2,0.4,4,0.8,0,0,5,1,0,0,2,0.4,0,0,3,0.6,8,1.61,4,0.8,2,0.4,0,0,2,0.4,8,1.61,75,15.06,63,12.65,22,4.42,69,13.86,0,0,4,0.8,0,0,0,0,2,0.4,9,1.81,1,0.2,0,0,0,0,0,0,6,1.2,4,0.8,4,0.8,76,15.26,107,21.49,0,0,6,1.2,77,15.46,4,0.8,12,2.41,30,6.02,208,41.77,3,0.6,12,2.41,9,1.81,2,0.4,5,1,7,1.41,38,7.63,4,0.8,23,4.62,0,0,0,0,0,0,941,11
cphz4igaj9qhb07wgplypvw9g,Steven James Oyirwoth,S. Oyirwoth,Defender,Uganda Under 17,cqcwm0q85bxd7mvlg2r8o215a,2025-11-19T09:44:23Z,450,5,Center Backs,cb,cb,1,7,3,0.6,1.4,4,0.8,5,1,0,0,0,0,0,0,3,0.6,0,0,6,1.2,39,7.8,0,0,1,0.2,2,0.4,1,0.2,0,0,0,0,0,0,0,0,0,0,0,0,0,0,0,0,0,0,11,4,0.8,2.2,7,64,64,1.4,4,0.8,6,1.2,99,19.8,0,0,0,0,3,0.6,1,0.2,5,1,0,0,4,0.8,0,0,0,4,4,0.8,0,0,0.8,0,0,0,0,0,0,0,4,1,0.2,0.8,3,0.6,0,0,0,0,0,0,0,0,2,0.4,1,0.2,1,0.2,0,0,66,13.2,0,0,0,75,75,176,35.2,0,0,0,0,0,0,0,0,0,0,0,0,0,0,0,0,0,1,0.2,0,17,3.4,12,2.4,0,0,4,1,0.2,0.8,22,4.4,0,0,0,0,22,4.4,0,0,0,0,0,0,0,0,0,0,0,0,0,0,0,0,1,0.2,0,0,0,0,5,1,0,0,0,0,0,0,0,0,0,0,0,0,0,0,8,1.6,0,0,13,2.6,132,26.4,19,3.8,122,24.4,128,25.6,0,0,3,0.6,0,0,0,0,0,0,0,0,0,0,0,0,3,0.6,0,0,31,6.2,0,0,0,0,51,10.2,190,38,0,0,1,0.2,141,28.2,3,0.6,2,0.4,49,9.8,243,48.6,0,0,0,0,0,0,0,0,21,4.2,32,6.4,34,6.8,15,3,17,3.4,0,0,0,0,0,0,943,4
wfxqg9gnhffsbl4bz43t0v10,Hamuza Sengooba,H. Sengooba,Defender,Uganda Under 17,cqcwm0q85bxd7mvlg2r8o215a,2025-11-19T09:44:23Z,425,4.72,Full Backs,rb,rb,1,20,11,2.33,4.24,9,1.91,5,1.06,1,0.21,0,0,0,0,14,2.97,0,0,1,0.21,21,4.45,0,0,5,1.06,1,0.21,0,0,0,0,0,0,0,0,0,0,0,0,0,0,1,0.21,100,100,0,0,38,15,3.18,8.05,23,61,61,4.87,36,7.63,14,2.97,68,14.41,1,0.21,0,0,0,0,0,0,5,1.06,2,0.42,0,0,0,0,0,4,4,0.85,0,0,0.85,0,0,0,0,0,0,0,18,4,0.85,3.81,14,2.97,0,0,0,0,0,0,0,0,7,1.48,3,0.64,0,0,0,0,56,11.86,0,0,0,69,69,137,29.03,0,0,1,0.21,0,0,0,0,0,0,0,0,0,0,0,0,0,1,0.21,0,13,2.75,33,6.99,0,0,8,5,1.06,1.69,17,3.6,0,0,0,0,0,0,0,0,0,0,0,0,0,0,0,0,0,0,0,0,0,0,2,0.42,0,0,0,0,5,1.06,0,0,1,0.21,0,0,0,0,1,0.21,1,0.21,1,0.21,1,0.21,0,0,4,0.85,94,19.92,35,7.42,61,12.92,91,19.28,5,1.06,6,1.27,0,0,20,4.24,35,7.42,1,0.21,0,0,0,0,1,0.21,0,0,28,5.93,1,0.21,2,0.42,82,17.37,138,29.24,0,0,2,0.42,95,20.13,11,2.33,1,0.21,43,9.11,278,58.9,0,0,11,2.33,10,2.12,0,0,11,2.33,22,4.66,44,9.32,10,2.12,21,4.45,0,0,0,0,1,0.21,944,3
43vq8pmbiv0nympayu0g6y2ac,Elvis Torach,E. Torach,Defender,Uganda Under 17,cqcwm0q85bxd7mvlg2r8o215a,2025-11-19T09:44:23Z,434,4.82,Full Backs,lb,"rm,lb",2,14,8,1.66,2.9,6,1.24,5,1.04,0,0,0,0,0,0,11,2.28,2,0.41,0,0,41,8.51,0,0,3,0.62,2,0.41,0,0,0,0,5,1.04,5,1.04,0,0,0,0,0,0,0,0,60,60,0,0,38,16,3.32,7.88,22,58,58,4.56,75,15.56,14,2.9,70,14.52,2,0.41,0,0,0,0,0,0,5,1.04,0,0,0,0,0,0,0,2,2,0.41,0,0,0.41,0,0,0,0,0,0,0,24,8,1.66,4.98,16,3.32,0,0,0,0,0,0,0,0,6,1.24,3,0.62,0,0,0,0,10,2.07,0,2,0.41,57,57,128,26.56,0,0,1,0.21,0,0,0,0,0,0,0,0,0,0,0,0,0,0,0,0,27,5.6,23,4.77,0,0,12,1,0.21,2.49,13,2.7,0,0,0,0,41,8.51,0,0,0,0,0,0,0,0,0,0,0,0,0,0,0,0,1,0.21,1,0.21,0,0,5,1.04,0,0,1,0.21,0,0,0,0,1,0.21,0,0,3,0.62,6,1.24,1,0.21,15,3.11,73,15.15,31,6.43,47,9.75,62,12.86,2,0.41,7,1.45,0,0,30,6.22,26,5.39,2,0.41,0,0,0,0,0,0,0,0,7,1.45,3,0.62,4,0.83,124,25.73,132,27.39,0,0,2,0.41,77,15.98,9,1.87,5,1.04,55,11.41,270,56.02,5,1.04,19,3.94,13,2.7,2,0.41,14,2.9,24,4.98,63,13.07,11,2.28,31,6.43,0,0,0,0,0,0,946,6
6be0v1fsyyi3egb2ciwsany1g,Edrisah Waibi,E. Waibi,Goalkeeper,Uganda Under 17,cqcwm0q85bxd7mvlg2r8o215a,2025-11-19T09:44:23Z,359,3.99,Goalkeepers,gk,gk,1,4,1,0.25,1,3,0.75,4,1,0,0,0,0,0,0,0,0,0,0,0,0,10,2.51,4,1,0,0,2,0.5,0,0,0,0,0,0,0,0,0,0,0,0,0,0,0,0,0,0,1,0.25,5,1,0.25,1.25,4,80,80,1,0,0,1,0.25,43,10.78,0,0,0,0,43,10.78,4,1,4,1,0,0,32,8.02,1,0.25,0,2,2,0.5,0,0,0.5,0,0,0,0,0,0,0,1,0,0,0.25,1,0.25,0,0,0,0,0,0,0,0,0,0,0,0,0,0,0,0,32,8.02,0,0,0,92,92,49,12.28,0,0,0,0,0,0,0,0,0,0,0,0,0,0,0,0,0,0,0,0,2,0.5,8,2.01,2,0.5,0,0,0,0,40,10.03,0,0,0,0,27,6.77,12,4,1,8,2.01,3.01,0,0,0,0,5,1.25,0,0,0,0,0,0,0,0,0,0,4,1,0,0,1,0.25,0,0,0,0,0,0,0,0,0,0,1,0.25,0,0,13,3.26,45,11.28,4,1,77,19.3,68,17.04,0,0,0,0,0,0,0,0,0,0,0,0,0,0,0,0,3,0.75,0,0,4,1,0,0,2,0.5,22,5.51,102,25.56,0,0,0,0,81,20.3,0,0,0,0,21,5.26,142,35.59,0,0,0,0,0,0,0,0,1,0.25,21,5.26,14,3.51,7,1.75,0,0,0,0,0,0,0,0,947,18
5ynut0swcnuc1z9x1sd6gmjv8,Abubakali Walusimbi,A. Walusimbi,Midfielder,Uganda Under 17,cqcwm0q85bxd7mvlg2r8o215a,2025-11-19T09:44:23Z,450,5,Midfielders,dm,"cm,lm,dm",3,16,5,1,3.2,11,2.2,5,1,1,0.2,2,0.4,1,0.2,26,5.2,2,0.4,0,0,49,9.8,0,0,4,0.8,2,0.4,0,0,9,9,4,0.8,3,0.6,0,0,0,0,0,0,7,1.4,40,40,0,0,74,40,8,14.8,34,46,46,6.8,66,13.2,16,3.2,62,12.4,8,1.6,0,0,0,0,0,0,5,1,1,0.2,0,0,0,0,1,4,4,0.8,0,0,0.8,1,0.2,0,0,1,0.2,0.2,58,35,7,11.6,23,4.6,1,0.2,0,0,0,0,0,0,6,1.2,3,0.6,0,0,0,0,40,8,450,0,0,76,76,150,30,0,0,0,0,0,0,0,0,0,0,0,0,0,0,0,0,0,1,0.2,0,31,6.2,12,2.4,0,0,17,6,1.2,3.4,34,6.8,0,0,1,0.2,24,4.8,0,0,0,0,0,0,0,0,0,0,0,0,0,0,0,0,6,1.2,5,1,11,11,5,1,0,0,0,0,0,0,0,0,0,0,0,0,4,0.8,1,0.2,5,1,8,1.6,114,22.8,60,12,56,11.2,108,21.6,3,0.6,14,2.8,1,0.2,0,0,0,0,13,2.6,0,0,0,0,0,0,0,0,12,2.4,11,2.2,2,0.4,79,15.8,152,30.4,0,0,11,2.2,116,23.2,17,3.4,5,1,36,7.2,270,54,3,0.6,11,2.2,7,1.4,6,1.2,6,1.2,10,2,43,8.6,4,0.8,26,5.2,1,0.2,1,0.2,2,0.4,948,8
c9ubmfzcw1zvmbk00x6pcrifo,Ian Zohar Alegría Pindal,I. Alegría,Forward,Chile Under 17,77r1l1zjd2igxrb2v7tq9cwak,2025-11-15T02:48:42Z,161,1.79,Wingers,lm,"rw,lm",2,4,2,1.12,2.23,2,1.12,2,1.12,0,0,0,0,0,0,8,4.47,0,0,0,0,10,5.59,0,0,0,0,0,0,0,0,0,0,0,0,1,0.56,0,0,0,0,0,0,1,0.56,25,25,0,0,20,10,5.59,11.17,10,50,50,5.59,20,11.17,1,0.56,3,1.68,0,0,0,0,0,0,0,0,2,1.12,0,0,0,0,0,0,0,3,2,1.12,1,0.56,1.68,0,0,0,0,0,0,0,16,8,4.47,8.94,8,4.47,0,0,0,0,0,0,0,0,1,0.56,0,0,0,0,0,0,4,2.23,0,0,0,81,81,26,14.53,0,0,1,0.56,0,0,0,0,0,0,0,0,0,0,0,0,0,0,0,0,4,2.23,0,0,0,0,4,3,1.68,2.23,5,2.79,0,0,0,0,11,6.15,0,0,0,0,0,0,0,0,0,0,0,0,0,0,0,0,1,0.56,1,0.56,0,0,2,1.12,0,0,2,1.12,0,0,0,0,0,0,0,0,1,0.56,0,0,5,2.79,1,0.56,21,11.73,13,7.26,8,4.47,20,11.17,3,1.68,0,0,0,0,0,0,0,0,4,2.23,0,0,0,0,0,0,0,0,0,0,4,2.23,5,2.79,19,10.61,26,14.53,0,0,2,1.12,21,11.73,3,1.68,0,0,5,2.79,57,31.84,0,0,0,0,0,0,3,1.68,0,0,0,0,1,0.56,4,2.23,5,2.79,0,0,0,0,0,0,950,7
ayw5smy3wz7rjl1ssbwtly1p0,Jhon Deiby Cortes Gallego,J. Cortes,Forward,Chile Under 17,77r1l1zjd2igxrb2v7tq9cwak,2025-11-15T02:48:42Z,111,1.23,Wingers,lw,lw,1,3,1,0.81,2.44,2,1.63,3,2.44,0,0,1,0.81,0,0,3,2.44,0,0,0,0,8,6.5,0,0,3,2.44,0,0,0,0,0,0,3,2.44,1,0.81,0,0,0,0,0,0,1,0.81,0,0,0,0,13,5,4.07,10.57,8,62,62,6.5,28,22.76,1,0.81,6,4.88,1,0.81,0,0,0,0,0,0,3,2.44,0,0,0,0,0,0,0,3,2,1.63,1,0.81,2.44,0,0,0,0,0,0,0,10,4,3.25,8.13,6,4.88,0,0,0,0,0,0,0,0,1,0.81,3,2.44,0,0,0,0,4,3.25,0,0,0,77,77,22,17.89,0,0,0,0,0,0,0,0,0,0,0,0,0,0,0,0,0,0,0,0,6,4.88,1,0.81,0,0,4,3,2.44,3.25,10,8.13,0,0,0,0,9,7.32,0,0,0,0,0,0,0,0,0,0,0,0,0,0,0,0,4,3.25,1,0.81,0,0,1,0.81,0,0,1,0.81,2,1.63,2,1.63,2,1.63,0,0,0,0,1,0.81,1,0.81,2,1.63,17,13.82,14,11.38,5,4.07,15,12.2,3,2.44,1,0.81,0,0,0,0,1,0.81,2,1.63,0,0,1,0.81,0,0,0,0,3,2.44,2,1.63,2,1.63,14,11.38,22,17.89,0,0,5,4.07,17,13.82,4,3.25,3,2.44,5,4.07,57,46.34,1,0.81,3,2.44,2,1.63,1,0.81,1,0.81,1,0.81,6,4.88,2,1.63,4,3.25,0,0,0,0,0,0,951,19
40t69hq3ugfi80r1zou37j2fo,Yastin Jesús Cuevas Morales,Y. Cuevas,Forward,Chile Under 17,77r1l1zjd2igxrb2v7tq9cwak,2025-11-15T02:48:42Z,180,2,Midfielders,am,"st,am",2,1,0,0,0.5,1,0.5,3,1.5,1,0.5,0,0,0,0,10,5,1,0.5,0,0,6,3,0,0,5,2.5,0,0,0,0,0,0,0,0,0,0,0,0,0,0,0,0,1,0.5,100,100,0,0,6,2,1,3,4,67,67,2,35,17.5,3,1.5,15,7.5,0,0,0,0,0,0,0,0,3,1.5,1,0.5,0,0,0,0,0,2,1,0.5,1,0.5,1,0,0,0,0,0,0,0,5,2,1,2.5,3,1.5,1,0.5,0,0,0,0,0,0,0,0,4,2,0,0,0,0,10,5,0,0,0,67,67,51,25.5,0,0,0,0,0,0,0,0,0,0,0,0,0,0,0,0,0,0,0,0,3,1.5,10,5,0,0,4,3,1.5,2,7,3.5,0,0,0,0,19,9.5,0,0,0,0,0,0,0,0,0,0,0,0,0,0,0,0,4,2,1,0.5,0,0,2,1,0,0,2,1,1,0.5,0,0,2,1,2,1,1,0.5,1,0.5,3,1.5,4,2,34,17,27,13.5,12,6,33,16.5,0,0,2,1,2,1,0,0,0,0,1,0.5,2,1,1,0.5,0,0,0,0,2,1,2,1,0,0,21,10.5,54,27,0,0,5,2.5,37,18.5,2,1,3,1.5,17,8.5,77,38.5,0,0,1,0.5,1,0.5,0,0,3,1.5,4,2,13,6.5,5,2.5,13,6.5,1,0.5,0,0,0,0,952,9
cioe14o83ryyqgo94zi76rl78,Francisco Javier Daza Arzola,F. Daza,Defender,Chile Under 17,77r1l1zjd2igxrb2v7tq9cwak,2025-11-15T02:48:42Z,269,2.99,Center Backs,cb,cb,1,8,2,0.67,2.68,6,2.01,3,1,0,0,0,0,0,0,11,3.68,0,0,2,0.67,37,12.37,0,0,3,1,0,0,1,0.33,0,0,0,0,0,0,0,0,0,0,0,0,0,0,50,50,0,0,23,6,2.01,7.69,17,74,74,5.69,10,3.34,13,4.35,57,19.06,1,0.33,0,0,0,0,0,0,3,1,0,0,0,0,0,0,0,4,3,1,1,0.33,1.34,0,0,0,0,0,0,0,15,4,1.34,5.02,11,3.68,0,0,0,0,0,0,0,0,2,0.67,3,1,0,0,0,0,44,14.72,0,0,0,81,81,134,44.82,0,0,0,0,0,0,0,0,0,0,0,0,0,0,0,0,0,0,0,0,17,5.69,11,3.68,0,0,5,1,0.33,1.67,13,4.35,0,0,0,0,25,8.36,0,0,0,0,0,0,0,0,0,0,0,0,0,0,0,0,0,0,0,0,0,0,3,1,0,0,1,0.33,0,0,0,0,0,0,0,0,2,0.67,2,0.67,0,0,12,4.01,108,36.12,42,14.05,68,22.74,98,32.78,3,1,5,1.67,1,0.33,10,3.34,7,2.34,2,0.67,0,0,0,0,1,0.33,0,0,18,6.02,2,0.67,1,0.33,43,14.38,137,45.82,0,0,0,0,110,36.79,8,2.68,1,0.33,27,9.03,202,67.56,0,0,1,0.33,1,0.33,2,0.67,4,1.34,13,4.35,20,6.69,8,2.68,14,4.68,0,0,0,0,1,0.33,953,2
dqnn80euunrgwa5pe3hmaeuxg,Martín Vicente Jiménez Salinas,M. Jiménez,Defender,Chile Under 17,77r1l1zjd2igxrb2v7tq9cwak,2025-11-15T02:48:42Z,254,2.82,Wingers,rm,"rm,rwb",2,7,4,1.42,2.48,3,1.06,3,1.06,1,0.35,0,0,0,0,14,4.96,1,0.35,1,0.35,24,8.51,0,0,1,0.35,0,0,0,0,0,0,0,0,0,0,0,0,0,0,0,0,2,0.71,33,33,0,0,28,16,5.67,9.93,12,43,43,4.26,55,19.5,10,3.55,30,10.64,4,1.42,0,0,0,0,0,0,3,1.06,1,0.35,0,0,0,0,0,3,2,0.71,1,0.35,1.06,0,0,0,0,0,0,0,21,12,4.26,7.45,9,3.19,1,0.35,0,0,0,0,0,0,4,1.42,0,0,0,0,0,0,22,7.8,0,0,0,58,58,66,23.4,0,0,3,1.06,0,0,0,0,0,0,0,0,0,0,0,0,0,0,0,0,16,5.67,7,2.48,0,0,5,5,1.77,1.77,17,6.03,0,0,0,0,1,0.35,0,0,0,0,0,0,0,0,0,0,0,0,0,0,0,0,2,0.71,0,0,0,0,3,1.06,0,0,1,0.35,0,0,0,0,2,0.71,2,0.71,1,0.35,1,0.35,0,0,3,1.06,38,13.48,21,7.45,20,7.09,36,12.77,4,1.42,1,0.35,0,0,3,1.06,15,5.32,4,1.42,1,0.35,0,0,0,0,0,0,13,4.61,8,2.84,3,1.06,58,20.57,67,23.76,0,0,2,0.71,39,13.83,5,1.77,4,1.42,28,9.93,156,55.32,0,0,9,3.19,9,3.19,2,0.71,4,1.42,9,3.19,33,11.7,4,1.42,19,6.74,0,0,0,0,1,0.35,957,20
4mcidzakxia32ox050qgl0yz8,Alonso Ignacio Olguín Ávila,A. Olguín,Defender,Chile Under 17,77r1l1zjd2igxrb2v7tq9cwak,2025-11-15T02:48:42Z,180,2,Center Backs,cb,cb,1,7,3,1.5,3.5,4,2,2,1,0,0,1,0.5,0,0,7,3.5,0,0,2,1,25,12.5,0,0,0,0,0,0,0,0,0,0,2,1,0,0,0,0,0,0,0,0,0,0,100,100,0,0,15,5,2.5,7.5,10,67,67,5,6,3,10,5,50,25,0,0,0,0,0,0,0,0,2,1,0,0,0,0,0,0,0,2,2,1,0,0,1,0,0,0,0,0,0,0,8,2,1,4,6,3,0,0,0,0,0,0,0,0,1,0.5,0,0,0,0,0,0,2,1,0,0,0,83,83,98,49,0,0,0,0,0,0,1,0.5,0,0,0,0,0,0,0,0,0,0,0,0,12,6,12,6,0,0,3,1,0.5,1.5,8,4,0,0,0,0,48,24,0,0,0,0,0,0,0,0,0,0,0,0,0,0,0,0,2,1,0,0,0,0,2,1,0,0,0,0,0,0,0,0,0,0,0,0,2,1,4,2,0,0,10,5,81,40.5,21,10.5,66,33,77,38.5,2,1,2,1,0,0,5,2.5,5,2.5,0,0,0,0,0,0,0,0,0,0,14,7,2,1,0,0,28,14,107,53.5,0,0,2,1,87,43.5,4,2,0,0,20,10,148,74,1,0.5,3,1.5,0,0,0,0,7,3.5,13,6.5,16,8,7,3.5,7,3.5,0,0,0,0,0,0,959,5
deqvfs9v0koauzy4m0yog33tg,Matías Rodrigo Orellana Rebolledo,M. Orellana,Defender,Chile Under 17,77r1l1zjd2igxrb2v7tq9cwak,2025-11-15T02:48:42Z,270,3,Wingers,lm,"lm,lwb",2,6,5,1.67,2,1,0.33,3,1,0,0,0,0,0,0,18,6,0,0,1,0.33,7,2.33,0,0,3,1,0,0,0,0,50,50,0,0,0,0,0,0,0,0,0,0,1,0.33,25,25,0,0,23,14,4.67,7.67,9,39,39,3,31,10.33,5,1.67,20,6.67,1,0.33,0,0,0,0,0,0,3,1,0,0,0,0,0,0,1,4,3,1,1,0.33,1.33,1,0.33,1,0.33,0,0,0.33,17,9,3,5.67,8,2.67,0,0,0,0,0,0,1,0.33,2,0.67,3,1,0,0,0,0,1,0.33,270,0,0,66,66,62,20.67,0,0,0,0,0,0,0,0,0,0,0,0,0,0,0,0,0,0,0,0,2,0.67,6,2,0,0,9,3,1,3,7,2.33,0,0,1,0.33,24,8,0,0,0,0,0,0,0,0,0,0,0,0,0,0,0,0,0,0,2,0.67,2,2,3,1,0,0,0,0,0,0,0,0,1,0.33,1,0.33,1,0.33,2,0.67,0,0,3,1,41,13.67,22,7.33,21,7,39,13,3,1,0,0,0,0,3,1,10,3.33,4,1.33,0,0,0,0,0,0,1,0.33,6,2,1,0.33,4,1.33,35,11.67,63,21,0,0,2,0.67,42,14,3,1,7,2.33,21,7,121,40.33,0,0,1,0.33,0,0,3,1,7,2.33,8,2.67,15,5,7,2.33,13,4.33,0,0,1,0.33,0,0,960,4
es7efcvfq6sg9ksang3gh54b8,Matías Ignacio Paris Melgarejo,M. Paris,Midfielder,Chile Under 17,77r1l1zjd2igxrb2v7tq9cwak,2025-11-15T02:48:42Z,130,1.44,Midfielders,cm,cm,1,3,2,1.39,2.08,1,0.69,3,2.08,0,0,0,0,0,0,10,6.94,0,0,0,0,10,6.94,0,0,1,0.69,0,0,0,0,0,0,0,0,0,0,0,0,0,0,0,0,1,0.69,0,0,0,0,8,6,4.17,5.56,2,25,25,1.39,7,4.86,7,4.86,13,9.03,1,0.69,0,0,0,0,0,0,3,2.08,0,0,0,0,0,0,0,4,3,2.08,1,0.69,2.78,0,0,0,0,0,0,0,5,4,2.78,3.47,1,0.69,0,0,0,0,0,0,0,0,0,0,1,0.69,0,0,0,0,8,5.56,0,0,0,77,77,44,30.56,0,0,0,0,0,0,0,0,0,0,0,0,0,0,0,0,0,0,0,0,1,0.69,1,0.69,0,0,1,1,0.69,0.69,5,3.47,0,0,0,0,14,9.72,0,0,0,0,0,0,0,0,0,0,0,0,0,0,0,0,0,0,0,0,0,0,2,1.39,0,0,2,1.39,1,0.69,0,0,0,0,0,0,0,0,1,0.69,4,2.78,1,0.69,34,23.61,15,10.42,20,13.89,34,23.61,0,0,1,0.69,0,0,0,0,0,0,1,0.69,0,0,0,0,0,0,0,0,0,0,1,0.69,0,0,12,8.33,45,31.25,0,0,0,0,35,24.31,1,0.69,0,0,10,6.94,49,34.03,0,0,0,0,0,0,0,0,1,0.69,1,0.69,7,4.86,3,2.08,9,6.25,0,0,0,0,0,0,961,8
8n7wwz241c99cdu034er3vwno,Jaime Alonso Poblete Sanhueza,J. Poblete,Defender,Chile Under 17,77r1l1zjd2igxrb2v7tq9cwak,2025-11-15T02:48:42Z,90,1,Center Backs,cb,cb,1,2,2,2,2,0,0,1,1,0,0,0,0,0,0,2,2,0,0,1,1,7,7,0,0,0,0,0,0,0,0,0,0,0,0,0,0,0,0,0,0,0,0,0,0,0,0,0,0,6,5,5,6,1,17,17,1,2,2,4,4,20,20,3,3,0,0,0,0,0,0,1,1,0,0,0,0,0,0,0,2,1,1,1,1,2,0,0,0,0,0,0,0,4,3,3,4,1,1,0,0,0,0,0,0,0,0,0,0,0,0,0,0,0,0,15,15,0,0,0,81,81,37,37,0,0,1,1,0,0,0,0,0,0,0,0,0,0,0,0,0,0,0,0,2,2,5,5,0,0,0,0,0,0,3,3,0,0,0,0,1,1,0,0,0,0,0,0,0,0,0,0,0,0,0,0,0,0,0,0,0,0,0,0,1,1,0,0,0,0,0,0,0,0,0,0,0,0,0,0,1,1,0,0,9,9,30,30,11,11,20,20,22,22,0,0,1,1,0,0,0,0,0,0,0,0,0,0,0,0,0,0,0,0,4,4,3,3,0,0,9,9,38,38,0,0,0,0,31,31,1,1,0,0,7,7,47,47,0,0,0,0,0,0,0,0,0,0,3,3,7,7,0,0,4,4,0,0,0,0,0,0,962,15
6fbeyl49tzxsujvtrryxlc0es,Nicolás Alexander Misael Pérez Campos,N. Pérez,Midfielder,Chile Under 17,77r1l1zjd2igxrb2v7tq9cwak,2025-11-15T02:48:42Z,103,1.14,Midfielders,cm,cm,1,3,2,1.75,2.63,1,0.88,2,1.75,0,0,0,0,0,0,2,1.75,0,0,1,0.88,4,3.51,0,0,0,0,0,0,0,0,0,0,0,0,0,0,0,0,0,0,0,0,0,0,0,0,0,0,12,6,5.26,10.53,6,50,50,5.26,10,8.77,2,1.75,13,11.4,0,0,0,0,0,0,0,0,2,1.75,0,0,0,0,0,0,0,1,1,0.88,0,0,0.88,0,0,0,0,0,0,0,9,4,3.51,7.89,5,4.39,0,0,0,0,0,0,0,0,2,1.75,0,0,0,0,0,0,5,4.39,0,0,0,61,61,28,24.56,0,0,0,0,0,0,0,0,0,0,0,0,0,0,0,0,0,0,0,0,2,1.75,1,0.88,0,0,4,2,1.75,3.51,8,7.02,0,0,0,0,8,7.02,0,0,0,0,0,0,0,0,0,0,0,0,0,0,0,0,0,0,0,0,0,0,2,1.75,0,0,2,1.75,0,0,0,0,0,0,0,0,0,0,1,0.88,1,0.88,1,0.88,17,14.91,10,8.77,7,6.14,16,14.04,0,0,4,3.51,0,0,0,0,0,0,2,1.75,0,0,0,0,0,0,0,0,1,0.88,0,0,2,1.75,15,13.16,28,24.56,0,0,0,0,17,14.91,4,3.51,0,0,11,9.65,48,42.11,0,0,0,0,0,0,2,1.75,1,0.88,1,0.88,9,7.89,2,1.75,10,8.77,0,0,0,0,0,0,964,16
cn6pzzqgkkbp7z0pht9tz3bx0,Antonio Henry Riquelme,A. Riquelme,Midfielder,Chile Under 17,77r1l1zjd2igxrb2v7tq9cwak,2025-11-15T02:48:42Z,169,1.88,Midfielders,am,"am,rm",2,1,1,0.53,0.53,0,0,3,1.6,1,0.53,0,0,0,0,12,6.38,1,0.53,0,0,27,14.36,0,0,1,0.53,0,0,0,0,0,0,1,0.53,1,0.53,0,0,0,0,0,0,3,1.6,62,62,0,0,32,13,6.91,17.02,19,59,59,10.11,43,22.87,9,4.79,13,6.91,1,0.53,0,0,0,0,0,0,3,1.6,1,0.53,0,0,0,0,0,2,2,1.06,0,0,1.06,0,0,0,0,0,0,0,31,12,6.38,16.49,19,10.11,0,0,0,0,0,0,0,0,1,0.53,0,0,0,0,0,0,15,7.98,0,1,0.53,84,84,51,27.13,0,0,2,1.06,0,0,0,0,0,0,0,0,0,0,0,0,0,0,0,0,7,3.72,3,1.6,0,0,7,5,2.66,3.72,16,8.51,0,0,0,0,12,6.38,0,0,0,0,0,0,0,0,0,0,0,0,0,0,0,0,1,0.53,2,1.06,0,0,2,1.06,0,0,1,0.53,1,0.53,0,0,2,1.06,1,0.53,8,4.26,0,0,0,0,3,1.6,43,22.87,32,17.02,14,7.45,41,21.81,1,0.53,2,1.06,0,0,0,0,0,0,8,4.26,1,0.53,0,0,0,0,0,0,1,0.53,2,1.06,8,4.26,27,14.36,52,27.66,0,0,3,1.6,44,23.4,3,1.6,2,1.06,8,4.26,106,56.38,1,0.53,2,1.06,0,0,5,2.66,2,1.06,2,1.06,9,4.79,1,0.53,6,3.19,0,0,0,0,0,0,965,11
2d8rzvf2p3h3l0o6aoaneaot0,Bruno Alonso Torres Mandiola,B. Torres,Defender,Chile Under 17,77r1l1zjd2igxrb2v7tq9cwak,2025-11-15T02:48:42Z,270,3,Center Backs,cb,cb,1,15,7,2.33,5,8,2.67,3,1,0,0,0,0,1,0.33,13,4.33,0,0,3,1,28,9.33,0,0,0,0,0,0,0,0,50,50,0,0,1,0.33,0,0,0,0,0,0,0,0,100,100,0,0,24,9,3,8,15,62,62,5,3,1,2,0.67,39,13,0,0,0,0,2,0.67,0,0,3,1,0,0,2,0.67,0,0,1,4,3,1,1,0.33,1.33,0,0,1,0.33,0,0,0.33,9,2,0.67,3,7,2.33,0,0,1,0.33,0,0,0,0,3,1,0,0,0,0,0,0,61,20.33,270,0,0,87,87,150,50,0,0,0,0,0,0,0,0,0,0,0,0,0,0,0,0,0,0,0,0,13,4.33,5,1.67,0,0,0,0,0,0,14,4.67,0,0,0,0,49,16.33,0,0,0,0,0,0,0,0,0,0,0,0,0,0,0,0,1,0.33,1,0.33,2,2,3,1,0,0,0,0,0,0,0,0,0,0,0,0,1,0.33,0,0,0,0,7,2.33,130,43.33,19,6.33,122,40.67,134,44.67,1,0.33,3,1,0,0,0,0,0,0,0,0,0,0,0,0,0,0,1,0.33,18,6,1,0.33,2,0.67,22,7.33,162,54,0,0,2,0.67,141,47,4,1.33,3,1,21,7,197,65.67,0,0,0,0,0,0,0,0,2,0.67,11,3.67,15,5,6,2,10,3.33,0,0,0,0,0,0,966,3
dsmv9ko6j5gmvstis1fqcu1as,Sebastián Jesús Vargas Ortega,S. Vargas,Midfielder,Chile Under 17,77r1l1zjd2igxrb2v7tq9cwak,2025-11-15T02:48:42Z,191,2.12,Midfielders,cm,cm,1,0,0,0,0,0,0,3,1.42,0,0,0,0,0,0,8,3.77,0,0,1,0.47,11,5.19,0,0,1,0.47,0,0,0,0,0,0,0,0,0,0,0,0,0,0,0,0,2,0.94,50,50,0,0,17,6,2.83,8.02,11,65,65,5.19,12,5.66,1,0.47,12,5.66,0,0,0,0,0,0,0,0,3,1.42,0,0,0,0,0,0,0,3,2,0.94,1,0.47,1.42,0,0,0,0,0,0,0,17,6,2.83,8.02,11,5.19,0,0,0,0,0,0,0,0,4,1.89,1,0.47,0,0,0,0,10,4.72,0,0,0,76,76,50,23.58,0,0,0,0,0,0,0,0,0,0,0,0,0,0,0,0,0,0,0,0,2,0.94,2,0.94,0,0,3,0,0,1.42,7,3.3,0,0,0,0,24,11.32,0,0,0,0,0,0,0,0,0,0,0,0,0,0,0,0,0,0,0,0,0,0,2,0.94,0,0,0,0,1,0.47,0,0,0,0,0,0,1,0.47,0,0,4,1.89,1,0.47,38,17.92,16,7.55,26,12.26,41,19.34,4,1.89,2,0.94,0,0,0,0,0,0,3,1.42,0,0,0,0,0,0,0,0,1,0.47,0,0,4,1.89,21,9.91,54,25.47,0,0,0,0,42,19.81,6,2.83,1,0.47,12,5.66,85,40.09,0,0,0,0,0,0,1,0.47,0,0,1,0.47,7,3.3,5,2.36,11,5.19,1,0.47,0,0,1,0.47,967,6
c6d8o7m5gua0ef1wsoebvirdg,Vicente Benjamín Villegas Talamilla,V. Villegas,Goalkeeper,Chile Under 17,77r1l1zjd2igxrb2v7tq9cwak,2025-11-15T02:48:42Z,270,3,Goalkeepers,gk,gk,1,2,0,0,0.67,2,0.67,3,1,0,0,0,0,0,0,0,0,0,0,0,0,9,3,5,1.67,0,0,0,0,0,0,0,0,0,0,0,0,0,0,0,0,0,0,0,0,0,0,2,0.67,3,0,0,1,3,100,100,1,0,0,1,0.33,65,21.67,0,0,0,0,18,6,4,1.33,3,1,0,0,15,5,1,0.33,0,4,3,1,1,0.33,1.33,0,0,0,0,0,0,0,1,0,0,0.33,1,0.33,0,0,0,0,0,0,0,0,0,0,0,0,0,0,0,0,8,2.67,0,0,0,61,61,61,20.33,0,0,0,0,0,0,0,0,1,0.33,0,0,0,0,0,0,0,0,0,0,3,1,6,2,1,0.33,0,0,0,0,30,10,0,0,0,0,14,4.67,7,5,1.67,2,0.67,2.33,0,0,0,0,1,0.33,0,0,0,0,0,0,0,0,0,0,3,1,0,0,0,0,0,0,0,0,0,0,0,0,0,0,2,0.67,0,0,15,5,37,12.33,7,2.33,43,14.33,35,11.67,0,0,0,0,0,0,0,0,0,0,0,0,0,0,0,0,1,0.33,0,0,4,1.33,0,0,1,0.33,37,12.33,87,29,0,0,0,0,50,16.67,0,0,0,0,37,12.33,114,38,0,0,0,0,0,0,0,0,22,7.33,33,11,30,10,7,2.33,4,1.33,0,0,0,0,0,0,968,1
7kgd3h3ch4ww875mhr98afims,Zidane Antonio Yañez Alvarado,Z. Yañez,Forward,Chile Under 17,77r1l1zjd2igxrb2v7tq9cwak,2025-11-15T02:48:42Z,177,1.97,Strikers,st,st,1,8,7,3.55,4.06,1,0.51,3,1.52,0,0,0,0,0,0,17,8.63,0,0,0,0,11,5.58,0,0,0,0,0,0,0,0,25,25,0,0,1,0.51,0,0,0,0,0,0,1,0.51,33,33,0,0,27,20,10.15,13.71,7,26,26,3.55,40,20.3,1,0.51,10,5.08,1,0.51,0,0,0,0,0,0,3,1.52,0,0,0,0,0,0,1,1,1,0.51,0,0,0.51,0,0,1,0.51,0,0,0.51,19,13,6.6,9.64,6,3.05,0,0,0,0,1,0.51,1,0.51,1,0.51,0,0,0,0,0,0,11,5.58,177,1,0.51,74,74,39,19.8,0,0,0,0,0,0,0,0,0,0,0,0,0,0,0,0,0,0,0,0,6,3.05,0,0,0,0,2,1,0.51,1.02,6,3.05,0,0,1,0.51,4,2.03,0,0,0,0,0,0,0,0,0,0,0,0,0,0,0,0,2,1.02,2,1.02,4,4,2,1.02,1,0.51,1,0.51,1,0.51,0,0,0,0,0,0,3,1.52,0,0,6,3.05,0,0,29,14.72,24,12.18,8,4.06,32,16.24,1,0.51,0,0,0,0,0,0,0,0,7,3.55,0,0,0,0,0,0,1,0.51,3,1.52,4,2.03,2,1.02,21,10.66,42,21.32,1,0.51,4,2.03,32,16.24,1,0.51,9,4.57,10,5.08,73,37.06,0,0,0,0,0,0,6,3.05,0,0,1,0.51,10,5.08,0,0,9,4.57,0,0,0,0,0,0,969,10
3guxx30a2hevw94uzlbqrijh0,Filip Aleksi?,F. Aleksi?,Midfielder,Austria Under 17,e7n7mb80bq2prx2idmsl9b6xu,2025-11-27T17:57:13Z,247,2.74,Midfielders,dm,dm,1,2,2,0.73,0.73,0,0,7,2.55,0,0,0,0,0,0,11,4.01,1,0.36,1,0.36,30,10.95,0,0,6,2.19,1,0.36,0,0,0,0,4,1.46,1,0.36,0,0,0,0,0,0,1,0.36,0,0,0,0,30,17,6.2,10.95,13,43,43,4.74,43,15.69,16,5.84,47,17.15,3,1.09,0,0,0,0,0,0,7,2.55,0,0,0,0,0,0,0,0,0,0,0,0,0,0,0,0,0,0,0,0,28,15,5.47,10.22,13,4.74,1,0.36,0,0,0,0,0,0,1,0.36,6,2.19,0,0,0,0,25,9.12,0,0,0,78,78,97,35.4,0,0,0,0,0,0,0,0,0,0,0,0,0,0,0,0,0,0,0,0,16,5.84,13,4.74,0,0,7,5,1.82,2.55,20,7.3,0,0,0,0,16,5.84,0,0,0,0,0,0,0,0,0,0,0,0,0,0,0,0,2,0.73,3,1.09,0,0,2,0.73,0,0,1,0.36,5,1.82,2,0.73,2,0.73,0,0,0,0,1,0.36,0,0,14,5.11,76,27.74,56,20.44,24,8.76,64,23.36,5,1.82,7,2.55,1,0.36,0,0,0,0,3,1.09,0,0,1,0.36,1,0.36,0,0,1,0.36,7,2.55,1,0.36,33,12.04,99,36.13,0,0,5,1.82,78,28.47,12,4.38,7,2.55,21,7.66,147,53.65,2,0.73,3,1.09,1,0.36,2,0.73,2,0.73,7,2.55,17,6.2,7,2.55,14,5.11,0,0,0,0,0,0,971,17
bazf3763ikenc928rtfw4hno4,Hasan Deshishku,H. Deshishku,Forward,Austria Under 17,e7n7mb80bq2prx2idmsl9b6xu,2025-11-27T17:57:13Z,618,6.87,Wingers,rm,rm,1,12,10,1.46,1.75,2,0.29,8,1.16,0,0,2,0.29,3,0.44,19,2.77,7,1.02,1,0.15,63,9.17,0,0,15,2.18,3,0.44,0,0,25,25,8,1.16,6,0.87,0,0,0,0,0,0,7,1.02,33,33,0,0,100,58,8.44,14.56,42,42,42,6.11,142,20.67,12,1.75,57,8.3,6,0.87,1,0.15,0,0,0,0,8,1.16,0,0,0,0,0,0,4,1,1,0.15,0,0,0.15,4,0.58,4,0.58,0,0,0.58,88,48,6.99,12.81,40,5.82,1,0.15,0,0,1,0.15,1,0.15,3,0.44,15,2.18,0,0,2,0.29,47,6.84,154,4,0.58,60,60,125,18.2,0,0,0,0,0,0,0,0,0,0,0,0,0,0,1,0.15,0,0,0,0,43,6.26,18,2.62,0,0,11,6,0.87,1.6,36,5.24,0,0,2,0.29,10,1.46,0,0,0,0,0,0,0,0,0,0,0,0,0,0,0,0,2,0.29,14,2.04,4,4,7,1.02,0,0,6,0.87,1,0.15,1,0.15,2,0.29,1,0.15,8,1.16,3,0.44,6,0.87,8,1.16,75,10.92,61,8.88,22,3.2,73,10.63,4,0.58,14,2.04,3,0.44,0,0,5,0.73,23,3.35,1,0.15,2,0.29,0,0,1,0.15,7,1.02,12,1.75,14,2.04,102,14.85,133,19.36,0,0,16,2.33,81,11.79,18,2.62,44,6.4,52,7.57,294,42.79,3,0.44,8,1.16,5,0.73,16,2.33,4,0.58,10,1.46,51,7.42,9,1.31,42,6.11,0,0,1,0.15,1,0.15,972,9
dnc2w4igjn8u0367iyusk18no,Dominik Dobiš,D. Dobiš,Forward,Austria Under 17,e7n7mb80bq2prx2idmsl9b6xu,2025-11-27T17:57:13Z,304,3.38,Strikers,st,st,1,3,1,0.3,0.89,2,0.59,5,1.48,0,0,0,0,1,0.3,11,3.25,4,1.18,0,0,40,11.83,0,0,4,1.18,2,0.59,0,0,8,8,0,0,5,1.48,0,0,0,0,0,0,3,0.89,53,53,0,0,35,14,4.14,10.36,21,60,60,6.21,72,21.3,0,0,9,2.66,1,0.3,2,0.59,0,0,0,0,5,1.48,0,0,0,0,0,0,1,1,1,0.3,0,0,0.3,1,0.3,1,0.3,0,0,0.3,32,13,3.85,9.47,19,5.62,1,0.3,1,0.3,2,0.59,0,0,0,0,4,1.18,0,0,0,0,8,2.37,304,8,2.37,72,72,32,9.47,0,0,1,0.3,0,0,0,0,0,0,0,0,0,0,0,0,0,0,0,0,22,6.51,2,0.59,0,0,1,1,0.3,0.3,12,3.55,0,0,0,0,7,2.07,0,0,0,0,0,0,0,0,0,0,0,0,0,0,0,0,2,0.59,11,3.25,13,13,4,1.18,0,0,4,1.18,1,0.3,0,0,0,0,0,0,8,2.37,1,0.3,3,0.89,1,0.3,23,6.8,20,5.92,6,1.78,25,7.4,0,0,0,0,0,0,0,0,0,0,10,2.96,3,0.89,3,0.89,0,0,1,0.3,1,0.3,3,0.89,11,3.25,36,10.65,35,10.36,0,0,13,3.85,26,7.69,0,0,25,7.4,9,2.66,104,30.77,0,0,4,1.18,4,1.18,7,2.07,0,0,0,0,12,3.55,1,0.3,9,2.66,0,0,1,0.3,0,0,973,11
6jpdhdf3f3g65vgcy5iq9js44,Rafael Mario Feldinger,R. Feldinger,Defender,Austria Under 17,e7n7mb80bq2prx2idmsl9b6xu,2025-11-27T17:57:13Z,652,7.24,Full Backs,rb,rb,1,12,6,0.83,1.66,6,0.83,8,1.1,0,0,0,0,0,0,45,6.22,1,0.14,0,0,29,4.01,0,0,4,0.55,6,0.83,0,0,0,0,0,0,1,0.14,0,0,0,0,0,0,1,0.14,100,100,0,0,51,18,2.49,7.04,33,65,65,4.56,54,7.46,15,2.07,68,9.39,0,0,0,0,0,0,0,0,8,1.1,0,0,0,0,0,0,0,2,2,0.28,0,0,0.28,0,0,0,0,0,0,0,39,12,1.66,5.39,27,3.73,0,0,0,0,0,0,0,0,8,1.1,4,0.55,1,0.14,0,0,50,6.91,0,0,0,79,79,163,22.51,0,0,0,0,0,0,0,0,0,0,0,0,0,0,0,0,0,0,0,0,16,2.21,21,2.9,0,0,11,4,0.55,1.52,27,3.73,0,0,0,0,5,0.69,0,0,0,0,0,0,0,0,0,0,0,0,0,0,0,0,0,0,0,0,0,0,7,0.97,0,0,1,0.14,1,0.14,0,0,1,0.14,1,0.14,1,0.14,4,0.55,0,0,8,1.1,129,17.82,56,7.73,78,10.77,125,17.27,4,0.55,18,2.49,0,0,14,1.93,54,7.46,1,0.14,0,0,0,0,0,0,0,0,16,2.21,3,0.41,4,0.55,60,8.29,168,23.2,0,0,0,0,133,18.37,22,3.04,3,0.41,35,4.83,318,43.92,0,0,4,0.55,4,0.55,0,0,8,1.1,15,2.07,30,4.14,9,1.24,20,2.76,0,0,0,0,1,0.14,974,2
5djqqo2frxisiz8mxs8xfov10,Daniel Frauscher,D. Frauscher,Midfielder,Austria Under 17,e7n7mb80bq2prx2idmsl9b6xu,2025-11-27T17:57:13Z,123,1.37,Wingers,rm,rm,1,3,3,2.19,2.19,0,0,7,5.11,0,0,0,0,0,0,11,8.03,0,0,0,0,17,12.41,0,0,3,2.19,0,0,0,0,0,0,0,0,1,0.73,0,0,0,0,0,0,3,2.19,50,50,0,0,23,17,12.41,16.79,6,26,26,4.38,37,27.01,2,1.46,15,10.95,4,2.92,0,0,0,0,0,0,7,5.11,0,0,0,0,0,0,0,1,1,0.73,0,0,0.73,0,0,0,0,0,0,0,20,14,10.22,14.6,6,4.38,0,0,0,0,1,0.73,0,0,2,1.46,3,2.19,0,0,0,0,5,3.65,0,0,0,70,70,37,27.01,0,0,0,0,0,0,0,0,0,0,0,0,0,0,0,0,0,0,0,0,11,8.03,6,4.38,0,0,3,3,2.19,2.19,7,5.11,0,0,0,0,7,5.11,0,0,0,0,0,0,0,0,0,0,0,0,0,0,0,0,2,1.46,0,0,0,0,1,0.73,0,0,1,0.73,6,4.38,0,0,0,0,0,0,2,1.46,1,0.73,1,0.73,1,0.73,26,18.98,16,11.68,11,8.03,26,18.98,1,0.73,0,0,0,0,1,0.73,1,0.73,5,3.65,0,0,1,0.73,0,0,0,0,0,0,4,2.92,3,2.19,28,20.44,38,27.74,0,0,2,1.46,27,19.71,1,0.73,4,2.92,11,8.03,72,52.55,0,0,2,1.46,2,1.46,2,1.46,2,1.46,2,1.46,9,6.57,4,2.92,9,6.57,0,0,0,0,0,0,975,14
8g6jw22tdw0z63dkvqfh28owk,Emil Ganser,E. Ganser,Defender,Austria Under 17,e7n7mb80bq2prx2idmsl9b6xu,2025-11-27T17:57:13Z,90,1,Center Backs,cb,cb,1,3,1,1,3,2,2,1,1,0,0,0,0,0,0,15,15,0,0,0,0,23,23,0,0,0,0,0,0,0,0,0,0,0,0,0,0,0,0,0,0,0,0,0,0,0,0,0,0,5,2,2,5,3,60,60,3,3,3,3,3,14,14,0,0,0,0,0,0,0,0,1,1,0,0,0,0,0,0,0,1,1,1,0,0,1,0,0,0,0,0,0,0,2,1,1,2,1,1,0,0,0,0,0,0,0,0,1,1,0,0,0,0,0,0,11,11,0,0,0,92,92,60,60,0,0,0,0,0,0,0,0,0,0,0,0,0,0,0,0,0,0,0,0,13,13,1,1,0,0,0,0,0,0,4,4,0,0,0,0,24,24,0,0,0,0,0,0,0,0,0,0,0,0,0,0,0,0,0,0,0,0,0,0,1,1,0,0,0,0,0,0,0,0,0,0,0,0,0,0,0,0,0,0,2,2,55,55,13,13,46,46,57,57,0,0,0,0,0,0,0,0,0,0,0,0,0,0,0,0,0,0,0,0,1,1,1,1,1,1,5,5,64,64,0,0,0,0,59,59,0,0,1,1,5,5,67,67,0,0,0,0,0,0,0,0,2,2,3,3,5,5,0,0,2,2,0,0,0,0,0,0,976,15
3now4oc9llg7hrg9uxg6gkj6c,Julian David Halmich,J. Halmich,Defender,Austria Under 17,e7n7mb80bq2prx2idmsl9b6xu,2025-11-27T17:57:13Z,96,1.07,Full Backs,lb,lb,1,5,1,0.93,4.67,4,3.74,2,1.87,0,0,0,0,0,0,10,9.35,1,0.93,0,0,14,13.08,0,0,4,3.74,0,0,0,0,0,0,0,0,1,0.93,0,0,0,0,0,0,2,1.87,50,50,0,0,23,12,11.21,21.5,11,48,48,10.28,36,33.64,4,3.74,11,10.28,0,0,0,0,0,0,0,0,2,1.87,0,0,0,0,0,0,0,1,1,0.93,0,0,0.93,0,0,0,0,0,0,0,18,11,10.28,16.82,7,6.54,0,0,0,0,0,0,0,0,1,0.93,4,3.74,0,0,0,0,0,0,0,0,0,87,87,45,42.06,0,0,0,0,0,0,0,0,0,0,0,0,0,0,0,0,0,0,0,0,12,11.21,10,9.35,0,0,2,1,0.93,1.87,8,7.48,0,0,0,0,25,23.36,0,0,0,0,0,0,0,0,0,0,0,0,0,0,0,0,0,0,0,0,0,0,1,0.93,0,0,0,0,1,0.93,0,0,1,0.93,1,0.93,3,2.8,0,0,0,0,3,2.8,39,36.45,26,24.3,15,14.02,37,34.58,2,1.87,1,0.93,0,0,2,1.87,5,4.67,5,4.67,0,0,0,0,0,0,0,0,4,3.74,2,1.87,1,0.93,18,16.82,46,42.99,0,0,0,0,40,37.38,3,2.8,4,3.74,6,5.61,80,74.77,0,0,3,2.8,3,2.8,3,2.8,0,0,2,1.87,8,7.48,1,0.93,4,3.74,0,0,0,0,0,0,977,16
c1t6hw4qanzlh7p75t23yjspg,Florian Hofmann,F. Hofmann,Defender,Austria Under 17,e7n7mb80bq2prx2idmsl9b6xu,2025-11-27T17:57:13Z,624,6.93,Full Backs,lb,lb,1,13,10,1.44,1.88,3,0.43,7,1.01,0,0,0,0,0,0,27,3.9,0,0,2,0.29,27,3.9,0,0,4,0.58,6,0.87,0,0,0,0,0,0,0,0,0,0,0,0,0,0,2,0.29,0,0,0,0,53,26,3.75,7.65,27,51,51,3.9,57,8.23,29,4.18,125,18.04,2,0.29,0,0,0,0,0,0,7,1.01,0,0,0,0,0,0,0,1,1,0.14,0,0,0.14,0,0,0,0,0,0,0,40,16,2.31,5.77,24,3.46,1,0.14,0,0,1,0.14,0,0,9,1.3,4,0.58,1,0.14,0,0,9,1.3,0,0,0,68,68,187,26.98,0,0,0,0,0,0,0,0,0,0,0,0,0,0,0,0,0,0,0,0,14,2.02,41,5.92,0,0,11,7,1.01,1.59,18,2.6,0,0,0,0,36,5.19,0,0,0,0,0,0,0,0,0,0,0,0,0,0,0,0,1,0.14,1,0.14,0,0,7,1.01,0,0,1,0.14,0,0,0,0,1,0.14,1,0.14,0,0,4,0.58,0,0,16,2.31,127,18.33,75,10.82,63,9.09,121,17.46,9,1.3,6,0.87,0,0,18,2.6,39,5.63,2,0.29,0,0,0,0,0,0,0,0,29,4.18,7,1.01,9,1.3,88,12.7,197,28.43,0,0,2,0.29,137,19.77,15,2.16,2,0.29,60,8.66,352,50.79,0,0,3,0.43,3,0.43,0,0,3,0.43,21,3.03,46,6.64,17,2.45,39,5.63,0,0,0,0,0,0,978,20
a52n1rb5fuz7xgrht7c00bmdw,Loris Husic,L. Husic,Midfielder,Austria Under 17,e7n7mb80bq2prx2idmsl9b6xu,2025-11-27T17:57:13Z,185,2.06,Midfielders,am,am,1,7,3,1.46,3.4,4,1.94,5,2.43,0,0,1,0.49,0,0,10,4.85,2,0.97,2,0.97,4,1.94,0,0,1,0.49,0,0,0,0,0,0,0,0,1,0.49,0,0,0,0,0,0,2,0.97,0,0,0,0,24,13,6.31,11.65,11,46,46,5.34,23,11.17,3,1.46,14,6.8,5,2.43,0,0,0,0,0,0,5,2.43,0,0,0,0,0,0,0,0,0,0,0,0,0,0,0,0,0,0,0,0,17,10,4.85,8.25,7,3.4,0,0,0,0,0,0,0,0,0,0,1,0.49,0,0,0,0,9,4.37,0,0,0,55,55,42,20.39,0,0,0,0,0,0,0,0,0,0,0,0,0,0,0,0,0,0,0,0,1,0.49,0,0,0,0,12,6,2.91,5.83,7,3.4,0,0,0,0,9,4.37,0,0,0,0,0,0,0,0,0,0,0,0,0,0,0,0,4,1.94,0,0,0,0,2,0.97,0,0,2,0.97,3,1.46,0,0,0,0,0,0,0,0,0,0,2,0.97,1,0.49,23,11.17,12,5.83,11,5.34,22,10.68,1,0.49,3,1.46,0,0,0,0,0,0,2,0.97,0,0,1,0.49,0,0,0,0,6,2.91,6,2.91,3,1.46,25,12.14,42,20.39,0,0,4,1.94,23,11.17,4,1.94,5,2.43,19,9.22,80,38.83,0,0,1,0.49,1,0.49,0,0,1,0.49,3,1.46,17,8.25,3,1.46,16,7.77,1,0.49,0,0,2,0.97,979,6
duootlv7d0w28yjcogj09nrx0,Nicolas Jozepovic,N. Jozepovic,Forward,Austria Under 17,e7n7mb80bq2prx2idmsl9b6xu,2025-11-27T17:57:13Z,396,4.4,Strikers,st,st,1,32,12,2.73,7.27,20,4.55,8,1.82,0,0,0,0,2,0.45,25,5.68,1,0.23,1,0.23,30,6.82,0,0,9,2.05,0,0,0,0,14,14,0,0,3,0.68,0,0,0,0,0,0,6,1.36,100,100,0,0,57,24,5.45,12.95,33,58,58,7.5,80,18.18,3,0.68,16,3.64,2,0.45,1,0.23,0,0,0,0,8,1.82,0,0,0,0,0,0,2,1,1,0.23,0,0,0.23,2,0.45,2,0.45,0,0,0.45,25,12,2.73,5.68,13,2.95,1,0.23,1,0.23,1,0.23,0,0,0,0,9,2.05,0,0,0,0,19,4.32,198,2,0.45,68,68,82,18.64,0,0,0,0,0,0,0,0,0,0,0,0,0,0,0,0,0,0,0,0,8,1.82,4,0.91,0,0,4,2,0.45,0.91,11,2.5,0,0,1,0.23,26,5.91,0,0,0,0,0,0,0,0,0,0,0,0,0,0,0,0,6,1.36,8,1.82,7,7,4,0.91,0,0,4,0.91,4,0.91,0,0,0,0,0,0,4,0.91,0,0,6,1.36,2,0.45,56,12.73,46,10.45,13,2.95,57,12.95,2,0.45,2,0.45,1,0.23,0,0,1,0.23,6,1.36,0,0,3,0.68,0,0,1,0.23,5,1.14,7,1.59,5,1.14,59,13.41,86,19.55,0,0,14,3.18,59,13.41,4,0.91,28,6.36,27,6.14,167,37.95,0,0,1,0.23,1,0.23,0,0,2,0.45,3,0.68,26,5.91,2,0.45,24,5.45,3,0.68,0,0,0,0,980,7
5i2iyj07cs96xwl9z9uf7rl04,Vasilije Markovic,V. Markovic,Midfielder,Austria Under 17,e7n7mb80bq2prx2idmsl9b6xu,2025-11-27T17:57:13Z,657,7.3,Midfielders,dm,dm,1,11,3,0.41,1.51,8,1.1,8,1.1,1,0.14,0,0,0,0,36,4.93,3,0.41,1,0.14,47,6.44,0,0,7,0.96,6,0.82,0,0,0,0,0,0,3,0.41,0,0,0,0,0,0,4,0.55,50,50,0,0,93,38,5.21,12.74,55,59,59,7.53,90,12.33,24,3.29,103,14.11,9,1.23,2,0.27,0,0,0,0,8,1.1,1,0.14,0,0,0,0,0,2,2,0.27,0,0,0.27,0,0,0,0,0,0,0,82,35,4.79,11.23,47,6.44,0,0,0,0,1,0.14,0,0,6,0.82,6,0.82,0,0,0,0,26,3.56,0,0,0,65,65,219,30,0,0,1,0.14,0,0,0,0,0,0,0,0,0,0,1,0.14,0,0,0,0,28,3.84,22,3.01,0,0,24,13,1.78,3.29,43,5.89,0,0,0,0,58,7.95,0,0,0,0,0,0,0,0,0,0,0,0,0,0,0,0,4,0.55,4,0.55,0,0,7,0.96,0,0,0,0,1,0.14,0,0,0,0,0,0,7,0.96,0,0,0,0,13,1.78,143,19.59,75,10.27,72,9.86,134,18.36,13,1.78,17,2.33,2,0.27,0,0,0,0,11,1.51,2,0.27,2,0.27,0,0,0,0,18,2.47,11,1.51,10,1.37,110,15.07,223,30.55,0,0,8,1.1,147,20.14,30,4.11,20,2.74,76,10.41,379,51.92,0,0,2,0.27,2,0.27,7,0.96,11,1.51,18,2.47,61,8.36,17,2.33,58,7.95,0,0,0,0,2,0.27,982,10
8kpw320ja2wut80jwvx5vfthw,Johannes Mathias Moser,J. Moser,Midfielder,Austria Under 17,e7n7mb80bq2prx2idmsl9b6xu,2025-11-27T17:57:13Z,614,6.82,Wingers,lm,lm,1,6,1,0.15,0.88,5,0.73,8,1.17,0,0,3,0.44,1,0.15,25,3.67,7,1.03,0,0,72,10.56,0,0,13,1.91,3,0.44,0,0,47,47,16,2.35,11,1.61,0,0,0,0,1,0.15,5,0.73,60,60,0,0,65,27,3.96,9.53,38,58,58,5.57,170,24.93,16,2.35,76,11.14,2,0.29,0,0,0,0,0,0,8,1.17,1,0.15,0,0,0,0,8,2,2,0.29,0,0,0.29,2,0.29,6,0.88,2,0.29,1.17,59,26,3.81,8.65,33,4.84,1,0.15,0,0,3,0.44,7,1.03,1,0.15,12,1.76,0,0,2,0.29,24,3.52,77,1,0.15,71,71,168,24.63,0,0,1,0.15,0,0,0,0,0,0,0,0,0,0,4,0.59,4,0,0,0.59,43,6.3,29,4.25,0,0,9,2,0.29,1.32,33,4.84,0,0,6,0.88,53,7.77,0,0,0,0,0,0,0,0,0,0,0,0,0,0,1,0.15,7,1.03,10,1.47,2,2,7,1.03,0,0,3,0.44,1,0.15,6,0.88,8,1.17,3,0.44,15,2.2,2,0.29,3,0.44,10,1.47,120,17.6,109,15.98,27,3.96,118,17.3,1,0.15,5,0.73,1,0.15,1,0.15,3,0.44,15,2.2,3,0.44,1,0.15,0,0,4,0.59,8,1.17,5,0.73,12,1.76,118,17.3,178,26.1,0,0,17,2.49,128,18.77,6,0.88,31,4.55,50,7.33,339,49.71,7,1.03,27,3.96,11,1.61,10,1.47,4,0.59,11,1.61,72,10.56,5,0.73,39,5.72,0,0,5,0.73,0,0,983,19
87xx02q2v5p70ifmc5rnze68k,Ifeanyi-Arthur Ndukwe,I. Ndukwe,Defender,Austria Under 17,e7n7mb80bq2prx2idmsl9b6xu,2025-11-27T17:57:13Z,603,6.7,Center Backs,cb,cb,1,32,11,1.64,4.78,21,3.13,7,1.04,0,0,0,0,0,0,21,3.13,0,0,2,0.3,60,8.96,0,0,0,0,5,0.75,0,0,20,20,0,0,1,0.15,0,0,0,0,0,0,0,0,100,100,0,0,61,21,3.13,9.1,40,66,66,5.97,7,1.04,10,1.49,111,16.57,3,0.45,0,0,7,1.04,0,0,7,1.04,0,0,7,1.04,0,0,1,1,1,0.15,0,0,0.15,0,0,1,0.15,0,0,0.15,29,10,1.49,4.33,19,2.84,0,0,0,0,0,0,1,0.15,7,1.04,0,0,0,0,0,0,135,20.15,603,0,0,85,85,298,44.48,0,0,0,0,0,0,0,0,0,0,0,0,0,0,0,0,0,0,0,0,24,3.58,17,2.54,0,0,4,3,0.45,0.6,19,2.84,0,0,1,0.15,47,7.01,0,0,0,0,0,0,0,0,0,0,0,0,0,0,0,0,1,0.15,4,0.6,5,5,7,1.04,0,0,1,0.15,0,0,0,0,0,0,0,0,1,0.15,5,0.75,0,0,24,3.58,253,37.76,58,8.66,208,31.04,242,36.12,4,0.6,10,1.49,0,0,0,0,0,0,0,0,0,0,2,0.3,0,0,1,0.15,41,6.12,8,1.19,4,0.6,55,8.21,314,46.87,0,0,5,0.75,266,39.7,14,2.09,5,0.75,48,7.16,413,61.64,0,0,0,0,0,0,0,0,17,2.54,28,4.18,25,3.73,23,3.43,20,2.99,0,0,0,0,2,0.3,984,5
4exmynh3wpbasatzk80x359g4,Kenny Joseph Nzogang,K. Nzogang,Forward,Austria Under 17,e7n7mb80bq2prx2idmsl9b6xu,2025-11-27T17:57:13Z,88,0.98,Wingers,lm,lm,1,2,1,1.02,2.04,1,1.02,5,5.1,0,0,0,0,0,0,5,5.1,1,1.02,0,0,19,19.39,0,0,2,2.04,0,0,0,0,0,0,0,0,2,2.04,0,0,0,0,0,0,3,3.06,36,36,0,0,31,19,19.39,31.63,12,39,39,12.24,40,40.82,1,1.02,5,5.1,3,3.06,0,0,0,0,0,0,5,5.1,0,0,0,0,0,0,0,0,0,0,0,0,0,0,0,0,0,0,0,0,29,18,18.37,29.59,11,11.22,0,0,0,0,0,0,0,0,2,2.04,2,2.04,0,0,0,0,5,5.1,0,0,0,69,69,16,16.33,0,0,0,0,0,0,0,0,0,0,0,0,0,0,0,0,0,0,0,0,15,15.31,0,0,0,0,1,0,0,1.02,5,5.1,0,0,0,0,1,1.02,0,0,0,0,0,0,0,0,0,0,0,0,0,0,0,0,2,2.04,2,2.04,0,0,1,1.02,0,0,1,1.02,4,4.08,0,0,1,1.02,1,1.02,4,4.08,0,0,0,0,0,0,11,11.22,11,11.22,1,1.02,11,11.22,1,1.02,6,6.12,0,0,0,0,0,0,10,10.2,0,0,0,0,0,0,0,0,0,0,6,6.12,0,0,24,24.49,16,16.33,0,0,4,4.08,11,11.22,7,7.14,16,16.33,5,5.1,59,60.2,0,0,1,1.02,1,1.02,7,7.14,0,0,0,0,5,5.1,1,1.02,5,5.1,1,1.02,0,0,0,0,985,13
8z9mxqmpoxkp265tc1oz6gm50,Jakob Vinzenz Pokorny,J. Pokorny,Defender,Austria Under 17,e7n7mb80bq2prx2idmsl9b6xu,2025-11-27T17:57:13Z,630,7,Center Backs,cb,cb,1,11,3,0.43,1.57,8,1.14,7,1,0,0,0,0,0,0,16,2.29,3,0.43,8,1.14,64,9.14,0,0,2,0.29,6,0.86,1,0.14,0,0,0,0,0,0,0,0,0,0,0,0,0,0,0,0,0,0,40,13,1.86,5.71,27,68,68,3.86,23,3.29,21,3,117,16.71,2,0.29,0,0,15,2.14,0,0,7,1,0,0,15,2.14,0,0,0,1,1,0.14,0,0,0.14,0,0,0,0,0,0,0,29,10,1.43,4.14,19,2.71,0,0,0,0,0,0,0,0,12,1.71,2,0.29,0,0,0,0,48,6.86,0,0,0,78,78,264,37.71,0,0,0,0,0,0,0,0,0,0,0,0,0,0,0,0,0,0,0,0,33,4.71,20,2.86,0,0,7,3,0.43,1,21,3,0,0,0,0,112,16,0,0,0,0,0,0,0,0,0,0,0,0,0,0,0,0,2,0.29,1,0.14,0,0,7,1,0,0,0,0,0,0,0,0,0,0,0,0,0,0,2,0.29,0,0,25,3.57,205,29.29,64,9.14,166,23.71,205,29.29,2,0.29,9,1.29,0,0,4,0.57,3,0.43,1,0.14,0,0,0,0,1,0.14,0,0,37,5.29,7,1,9,1.29,70,10,293,41.86,0,0,3,0.43,230,32.86,11,1.57,6,0.86,63,9,399,57,0,0,0,0,0,0,1,0.14,8,1.14,38,5.43,43,6.14,20,2.86,25,3.57,0,0,0,0,2,0.29,986,4
4h5bkmyasix6zbqc1bz7mvml0,Daniel Posch,D. Posch,Goalkeeper,Austria Under 17,e7n7mb80bq2prx2idmsl9b6xu,2025-11-27T17:57:13Z,630,7,Goalkeepers,gk,gk,1,3,0,0,0.43,3,0.43,7,1,0,0,0,0,0,0,0,0,0,0,0,0,17,2.43,2,0.29,0,0,6,0.86,0,0,0,0,0,0,0,0,0,0,0,0,0,0,0,0,0,0,0,0,6,1,0.14,0.86,5,83,83,0.71,0,0,2,0.29,107,15.29,0,0,0,0,40,5.71,11,1.57,7,1,0,0,38,5.43,1,0.14,0,1,1,0.14,0,0,0.14,0,0,0,0,0,0,0,3,1,0.14,0.43,2,0.29,0,0,0,0,0,0,0,0,0,0,0,0,0,0,0,0,36,5.14,0,0,0,70,70,113,16.14,0,0,0,0,0,0,0,0,0,0,0,0,0,0,0,0,0,0,0,0,6,0.86,15,2.14,5,0.71,0,0,0,0,47,6.71,0,0,0,0,34,4.86,20,10,1.43,8,1.14,2.86,0,0,0,0,8,1.14,0,0,0,0,0,0,0,0,0,0,7,1,0,0,0,0,0,0,0,0,0,0,0,0,0,0,14,2,0,0,31,4.43,79,11.29,17,2.43,102,14.57,88,12.57,0,0,0,0,0,0,0,0,0,0,0,0,0,0,0,0,3,0.43,0,0,7,1,0,0,2,0.29,58,8.29,177,25.29,0,0,0,0,119,17,0,0,0,0,58,8.29,222,31.71,0,0,0,0,0,0,0,0,33,4.71,56,8,36,5.14,22,3.14,2,0.29,0,0,0,0,0,0,987,21
5x33avzilpojhsov0uxziahp0,Sergej Savic,S. Savic,Defender,Austria Under 17,e7n7mb80bq2prx2idmsl9b6xu,2025-11-27T17:57:13Z,185,2.06,Full Backs,rb,"rb,cb",2,4,1,0.49,1.94,3,1.46,3,1.46,0,0,0,0,0,0,6,2.91,0,0,0,0,17,8.25,0,0,0,0,1,0.49,0,0,0,0,0,0,0,0,0,0,0,0,0,0,0,0,100,100,0,0,9,3,1.46,4.37,6,67,67,2.91,7,3.4,3,1.46,22,10.68,0,0,0,0,0,0,1,0.49,3,1.46,0,0,1,0.49,0,0,0,1,1,0.49,0,0,0.49,0,0,0,0,0,0,0,5,2,0.97,2.43,3,1.46,0,0,0,0,0,0,0,0,1,0.49,0,0,0,0,0,0,41,19.9,0,1,0.49,81,81,69,33.5,0,0,0,0,0,0,0,0,0,0,0,0,0,0,0,0,0,0,0,0,5,2.43,4,1.94,0,0,1,1,0.49,0.49,5,2.43,0,0,0,0,9,4.37,0,0,0,0,0,0,0,0,0,0,0,0,0,0,0,0,1,0.49,0,0,0,0,2,0.97,0,0,0,0,1,0.49,0,0,0,0,0,0,1,0.49,3,1.46,0,0,14,6.8,56,27.18,14,6.8,50,24.27,50,24.27,0,0,2,0.97,0,0,0,0,6,2.91,0,0,0,0,0,0,0,0,0,0,17,8.25,1,0.49,0,0,16,7.77,78,37.86,0,0,1,0.49,64,31.07,2,0.97,3,1.46,14,6.8,112,54.37,0,0,1,0.49,1,0.49,0,0,3,1.46,5,2.43,7,3.4,8,3.88,9,4.37,0,0,0,0,0,0,988,3
d4lw2tvn2lgbc7d650h0ler6c,Paul Pius Scharner,P. Scharner,Goalkeeper,Austria Under 17,e7n7mb80bq2prx2idmsl9b6xu,2025-11-27T17:57:13Z,90,1,Goalkeepers,gk,gk,1,0,0,0,0,0,0,1,1,0,0,0,0,0,0,0,0,0,0,0,0,10,10,1,1,1,1,0,0,0,0,0,0,0,0,0,0,0,0,0,0,0,0,0,0,0,0,0,0,0,0,0,0,0,0,0,0,0,0,2,2,15,15,0,0,0,0,5,5,1,1,1,1,0,0,5,5,0,0,0,1,1,1,0,0,1,0,0,0,0,0,0,0,0,0,0,0,0,0,0,0,0,0,0,0,0,0,0,0,1,1,0,0,0,0,4,4,0,0,0,88,88,26,26,0,0,0,0,0,0,0,0,0,0,0,0,0,0,0,0,0,0,0,0,2,2,5,5,0,0,0,0,0,0,6,6,0,0,0,0,15,15,2,0,0,2,2,2,0,0,0,0,0,0,0,0,0,0,0,0,0,0,0,0,1,1,0,0,0,0,0,0,0,0,0,0,0,0,0,0,3,3,0,0,10,10,23,23,4,4,25,25,19,19,0,0,0,0,0,0,0,0,0,0,0,0,0,0,0,0,0,0,0,0,0,0,0,0,0,0,5,5,34,34,0,0,0,0,29,29,0,0,0,0,5,5,38,38,0,0,0,0,0,0,0,0,2,2,5,5,5,5,0,0,0,0,0,0,0,0,0,0,989,1
cggah5zr49tcv3k83cf77s0t0,Luca Weinhandl,L. Weinhandl,Midfielder,Austria Under 17,e7n7mb80bq2prx2idmsl9b6xu,2025-11-27T17:57:13Z,554,6.16,Midfielders,dm,dm,1,10,5,0.81,1.62,5,0.81,7,1.14,0,0,0,0,0,0,39,6.33,6,0.97,1,0.16,55,8.93,0,0,7,1.14,3,0.49,0,0,0,0,0,0,2,0.32,0,0,0,0,0,0,3,0.49,50,50,0,0,82,30,4.87,13.31,52,63,63,8.44,62,10.06,23,3.73,106,17.21,4,0.65,0,0,0,0,0,0,7,1.14,1,0.16,0,0,0,0,0,2,2,0.32,0,0,0.32,0,0,0,0,0,0,0,72,25,4.06,11.69,47,7.63,0,0,0,0,0,0,0,0,4,0.65,6,0.97,0,0,0,0,60,9.74,0,0,0,67,67,218,35.39,0,0,1,0.16,0,0,0,0,0,0,0,0,0,0,0,0,0,0,0,0,33,5.36,17,2.76,0,0,6,4,0.65,0.97,45,7.31,1,0.16,0,0,22,3.57,0,0,0,0,0,0,0,0,0,0,0,0,0,0,0,0,5,0.81,2,0.32,0,0,7,1.14,0,0,1,0.16,0,0,0,0,0,0,0,0,7,1.14,4,0.65,2,0.32,13,2.11,147,23.86,77,12.5,79,12.82,143,23.21,9,1.46,23,3.73,1,0.16,0,0,2,0.32,10,1.62,1,0.16,0,0,0,0,0,0,14,2.27,6,0.97,8,1.3,99,16.07,227,36.85,1,0.16,7,1.14,156,25.32,32,5.19,16,2.6,71,11.53,359,58.28,0,0,1,0.16,1,0.16,7,1.14,17,2.76,23,3.73,50,8.12,22,3.57,48,7.79,0,0,0,0,0,0,990,18
w3jocmhwzf1kp3wyk02dmx3o,Jakob Oskar Werner,J. Werner,Midfielder,Austria Under 17,e7n7mb80bq2prx2idmsl9b6xu,2025-11-27T17:57:13Z,485,5.39,Midfielders,am,am,1,7,5,0.93,1.3,2,0.37,8,1.48,2,0.37,0,0,0,0,34,6.31,3,0.56,1,0.19,38,7.05,0,0,12,2.23,0,0,0,0,0,0,12,2.23,2,0.37,0,0,0,0,0,0,5,0.93,45,45,0,0,48,26,4.82,8.91,22,46,46,4.08,92,17.07,10,1.86,52,9.65,2,0.37,0,0,0,0,0,0,8,1.48,3,0.56,0,0,0,0,0,2,2,0.37,0,0,0.37,0,0,0,0,0,0,0,41,21,3.9,7.61,20,3.71,1,0.19,0,0,1,0.19,0,0,2,0.37,9,1.67,0,0,0,0,34,6.31,0,1,0.19,67,67,138,25.6,0,0,2,0.37,0,0,0,0,0,0,0,0,0,0,0,0,0,0,0,0,22,4.08,8,1.48,0,0,11,6,1.11,2.04,25,4.64,0,0,0,0,24,4.45,0,0,0,0,0,0,0,0,0,0,0,0,0,0,0,0,2,0.37,1,0.19,0,0,6,1.11,0,0,5,0.93,2,0.37,5,0.93,5,0.93,0,0,5,0.93,2,0.37,6,1.11,7,1.3,93,17.25,67,12.43,37,6.86,92,17.07,2,0.37,8,1.48,2,0.37,0,0,0,0,11,2.04,2,0.37,0,0,0,0,0,0,4,0.74,3,0.56,5,0.93,78,14.47,144,26.72,0,0,3,0.56,99,18.37,10,1.86,16,2.97,45,8.35,231,42.86,3,0.56,6,1.11,3,0.56,6,1.11,3,0.56,10,1.86,41,7.61,10,1.86,35,6.49,1,0.19,0,0,0,0,991,8
3ee59fzcyjvkk8mwqer43302c,Zoumana Ballo,Z. Ballo,Forward,Mali Under 17,9yf93a0fp1mc0ximh00rpypo5,2025-11-19T11:37:42Z,324,3.6,Wingers,lm,"rm,lm",2,17,9,2.5,4.72,8,2.22,5,1.39,0,0,0,0,0,0,18,5,4,1.11,0,0,31,8.61,0,0,5,1.39,0,0,0,0,17,17,2,0.56,0,0,0,0,0,0,0,0,2,0.56,43,43,0,0,43,18,5,11.94,25,58,58,6.94,68,18.89,8,2.22,19,5.28,1,0.28,0,0,0,0,0,0,5,1.39,1,0.28,0,0,0,0,1,3,3,0.83,0,0,0.83,1,0.28,1,0.28,0,0,0.28,26,9,2.5,7.22,17,4.72,1,0.28,0,0,0,0,1,0.28,1,0.28,4,1.11,0,0,0,0,20,5.56,324,1,0.28,74,74,86,23.89,0,0,2,0.56,0,0,0,0,0,0,0,0,0,0,0,0,0,1,0.28,0,18,5,6,1.67,0,0,8,3,0.83,2.22,20,5.56,0,0,1,0.28,29,8.06,0,0,0,0,0,0,0,0,0,0,0,0,0,0,0,0,3,0.83,3,0.83,6,6,4,1.11,0,0,4,1.11,1,0.28,0,0,0,0,0,0,3,0.83,0,0,9,2.5,0,0,64,17.78,41,11.39,23,6.39,64,17.78,2,0.56,8,2.22,1,0.28,0,0,2,0.56,6,1.67,1,0.28,1,0.28,0,0,1,0.28,4,1.11,3,0.83,4,1.11,50,13.89,86,23.89,0,0,6,1.67,64,17.78,10,2.78,21,5.83,22,6.11,161,44.72,2,0.56,4,1.11,2,0.56,4,1.11,1,0.28,3,0.83,23,6.39,3,0.83,19,5.28,0,0,0,0,0,0,992,7
2g5sx3l5k0rf2gjnx58v6off8,Tièmoko Berthe,T. Berthe,Defender,Mali Under 17,9yf93a0fp1mc0ximh00rpypo5,2025-11-19T11:37:42Z,450,5,Center Backs,cb,cb,1,26,9,1.8,5.2,17,3.4,5,1,0,0,0,0,1,0.2,9,1.8,0,0,4,0.8,31,6.2,0,0,0,0,2,0.4,0,0,25,25,0,0,0,0,0,0,0,0,0,0,1,0.2,100,100,0,0,49,20,4,9.8,29,59,59,5.8,11,2.2,11,2.2,103,20.6,1,0.2,0,0,1,0.2,3,0.6,5,1,0,0,4,0.8,0,0,1,7,6,1.2,1,0.2,1.4,1,0.2,0,0,1,0.2,0.2,23,11,2.2,4.6,12,2.4,0,0,0,0,0,0,0,0,2,0.4,0,0,0,0,0,0,94,18.8,450,0,0,88,88,228,45.6,0,0,0,0,0,0,0,0,0,0,0,0,0,0,0,0,0,1,0.2,0,12,2.4,13,2.6,0,0,2,2,0.4,0.4,23,4.6,0,0,1,0.2,36,7.2,0,0,0,0,0,0,0,0,0,0,0,0,0,0,0,0,2,0.4,2,0.4,4,4,5,1,0,0,0,0,0,0,0,0,0,0,0,0,1,0.2,5,1,0,0,24,4.8,200,40,42,8.4,167,33.4,185,37,5,1,2,0.4,0,0,0,0,0,0,1,0.2,0,0,0,0,0,0,0,0,34,6.8,4,0.8,4,0.8,38,7.6,242,48.4,0,0,4,0.8,209,41.8,7,1.4,4,0.8,33,6.6,314,62.8,0,0,0,0,0,0,0,0,10,2,22,4.4,24,4.8,9,1.8,11,2.2,0,0,0,0,0,0,993,4
axtku0xyctdqba2pfgau0tedw,N'djicoura Raymond Bomba,R. Bomba,Forward,Mali Under 17,9yf93a0fp1mc0ximh00rpypo5,2025-11-19T11:37:42Z,436,4.84,Strikers,st,st,1,31,17,3.51,6.4,14,2.89,5,1.03,0,0,1,0.21,3,0.62,39,8.06,0,0,0,0,24,4.96,0,0,6,1.24,0,0,0,0,18,18,0,0,6,1.24,0,0,0,0,0,0,4,0.83,62,62,0,0,59,34,7.02,12.19,25,42,42,5.17,115,23.76,5,1.03,19,3.93,2,0.41,0,0,0,0,0,0,5,1.03,1,0.21,0,0,0,0,4,7,6,1.24,1,0.21,1.45,2,0.41,4,0.83,0,0,0.83,28,17,3.51,5.79,11,2.27,0,0,1,0.21,0,0,1,0.21,0,0,5,1.03,0,0,1,0.21,24,4.96,109,1,0.21,68,68,106,21.9,0,0,1,0.21,0,0,0,0,0,0,0,0,0,0,1,0.21,1,1,0.21,0.21,11,2.27,4,0.83,0,0,4,1,0.21,0.83,10,2.07,0,0,2,0.41,30,6.2,0,0,0,0,0,0,0,0,0,0,0,0,0,0,0,0,11,2.27,11,2.27,6,6,5,1.03,0,0,2,0.41,0,0,0,0,1,0.21,1,0.21,5,1.03,0,0,19,3.93,2,0.41,72,14.88,58,11.98,21,4.34,76,15.7,0,0,4,0.83,1,0.21,0,0,2,0.41,7,1.45,2,0.41,3,0.62,0,0,4,0.83,1,0.21,9,1.86,2,0.41,64,13.22,112,23.14,0,0,22,4.55,78,16.12,4,0.83,32,6.61,34,7.02,190,39.26,0,0,5,1.03,5,1.03,3,0.62,0,0,2,0.41,35,7.23,4,0.83,32,6.61,3,0.62,1,0.21,0,0,994,9
71xqekponduj63s6phc5ks2z8,Aboubacar Siriki Camara,A. Camara,Defender,Mali Under 17,9yf93a0fp1mc0ximh00rpypo5,2025-11-19T11:37:42Z,450,5,Center Backs,cb,cb,1,6,2,0.4,1.2,4,0.8,5,1,0,0,0,0,0,0,18,3.6,1,0.2,2,0.4,93,18.6,0,0,1,0.2,2,0.4,0,0,0,0,0,0,1,0.2,0,0,0,0,0,0,1,0.2,40,40,0,0,31,15,3,6.2,16,52,52,3.2,18,3.6,13,2.6,119,23.8,3,0.6,0,0,0,0,0,0,5,1,0,0,0,0,0,0,0,7,6,1.2,1,0.2,1.4,0,0,0,0,0,0,0,25,13,2.6,5,12,2.4,0,0,0,0,0,0,0,0,2,0.4,1,0.2,0,0,0,0,42,8.4,0,0,0,89,89,293,58.6,0,0,0,0,0,0,0,0,0,0,0,0,0,0,0,0,0,1,0.2,0,50,10,11,2.2,0,0,1,1,0.2,0.2,30,6,0,0,0,0,124,24.8,0,0,0,0,0,0,0,0,0,0,0,0,0,0,0,0,1,0.2,1,0.2,0,0,5,1,0,0,0,0,0,0,0,0,0,0,0,0,2,0.4,2,0.4,0,0,6,1.2,262,52.4,82,16.4,190,38,266,53.2,3,0.6,3,0.6,0,0,0,0,1,0.2,4,0.8,0,0,1,0.2,0,0,0,0,14,2.8,4,0.8,4,0.8,41,8.2,303,60.6,0,0,2,0.4,272,54.4,6,1.2,6,1.2,31,6.2,363,72.6,0,0,0,0,0,0,3,0.6,7,1.4,15,3,19,3.8,12,2.4,16,3.2,0,0,0,0,0,0,995,5
8heny4x826edcs79oyrftrq50,Modibo N'tio Coulibaly,M. Coulibaly,Defender,Mali Under 17,9yf93a0fp1mc0ximh00rpypo5,2025-11-19T11:37:42Z,69,0.77,Midfielders,dm,dm,1,2,0,0,2.6,2,2.6,4,5.19,0,0,0,0,0,0,4,5.19,0,0,1,1.3,5,6.49,0,0,2,2.6,0,0,0,0,0,0,0,0,0,0,0,0,0,0,0,0,1,1.3,0,0,0,0,6,2,2.6,7.79,4,67,67,5.19,6,7.79,2,2.6,11,14.29,0,0,0,0,0,0,0,0,4,5.19,0,0,0,0,0,0,0,3,3,3.9,0,0,3.9,0,0,0,0,0,0,0,4,2,2.6,5.19,2,2.6,0,0,0,0,0,0,0,0,0,0,2,2.6,0,0,0,0,7,9.09,0,0,0,79,79,28,36.36,0,0,0,0,0,0,0,0,0,0,0,0,0,0,0,0,0,0,0,0,3,3.9,0,0,0,0,3,1,1.3,3.9,1,1.3,0,0,0,0,7,9.09,0,0,0,0,0,0,0,0,0,0,0,0,0,0,0,0,2,2.6,0,0,0,0,1,1.3,0,0,1,1.3,3,3.9,0,0,0,0,0,0,0,0,0,0,1,1.3,1,1.3,22,28.57,12,15.58,11,14.29,22,28.57,1,1.3,1,1.3,0,0,0,0,0,0,1,1.3,0,0,0,0,0,0,0,0,0,0,0,0,1,1.3,8,10.39,29,37.66,0,0,2,2.6,23,29.87,2,2.6,1,1.3,6,7.79,41,53.25,0,0,0,0,0,0,0,0,1,1.3,1,1.3,4,5.19,2,2.6,5,6.49,0,0,0,0,0,0,996,6
b3xn8xwbmiijkpof0p2mvksus,Seydou Dembélé,S. Dembélé,Midfielder,Mali Under 17,9yf93a0fp1mc0ximh00rpypo5,2025-11-19T11:37:42Z,412,4.58,Wingers,rm,"am,rm",2,3,2,0.44,0.66,1,0.22,5,1.09,4,0.87,3,0.66,1,0.22,34,7.42,4,0.87,0,0,95,20.74,0,0,10,2.18,0,0,0,0,13,13,9,1.97,3,0.66,0,0,0,0,0,0,12,2.62,52,52,0,0,75,38,8.3,16.38,37,49,49,8.08,131,28.6,22,4.8,59,12.88,5,1.09,0,0,0,0,0,0,5,1.09,4,0.87,0,0,0,0,2,6,5,1.09,1,0.22,1.31,2,0.44,2,0.44,0,0,0.44,72,36,7.86,15.72,36,7.86,1,0.22,0,0,1,0.22,1,0.22,3,0.66,6,1.31,0,0,2,0.44,81,17.69,206,2,0.44,79,79,188,41.05,0,0,0,0,0,0,0,0,0,0,0,0,0,0,0,0,0,1,0.22,0,43,9.39,13,2.84,0,0,11,4,0.87,2.4,21,4.59,0,0,0,0,24,5.24,0,0,0,0,0,0,0,0,0,0,0,0,0,0,0,0,4,0.87,11,2.4,8,7,5,1.09,0,0,3,0.66,0,0,1,0.22,2,0.44,0,0,14,3.06,0,0,7,1.53,13,2.84,149,32.53,114,24.89,46,10.04,145,31.66,4,0.87,9,1.97,3,0.66,0,0,1,0.22,25,5.46,3,0.66,0,0,0,0,1,0.22,0,0,8,1.75,9,1.97,89,19.43,198,43.23,0,0,15,3.28,158,34.5,13,2.84,20,4.37,40,8.73,325,70.96,6,1.31,11,2.4,3,0.66,13,2.84,0,0,9,1.97,45,9.83,6,1.31,31,6.77,2,0.44,2,0.44,1,0.22,997,10
6r8b2kunkc25lrkrv8f2evyfo,Ibrahim Diakite,I. Diakite,Midfielder,Mali Under 17,9yf93a0fp1mc0ximh00rpypo5,2025-11-19T11:37:42Z,334,3.71,Midfielders,am,am,1,3,2,0.54,0.81,1,0.27,5,1.35,1,0.27,0,0,1,0.27,41,11.05,3,0.81,0,0,88,23.72,0,0,20,5.39,1,0.27,0,0,25,25,13,3.5,2,0.54,0,0,0,0,0,0,5,1.35,52,52,0,0,43,24,6.47,11.59,19,44,44,5.12,123,33.15,31,8.36,77,20.75,1,0.27,0,0,0,0,0,0,5,1.35,1,0.27,0,0,0,0,1,6,5,1.35,1,0.27,1.62,1,0.27,1,0.27,0,0,0.27,40,22,5.93,10.78,18,4.85,0,0,0,0,0,0,0,0,4,1.08,19,5.12,0,0,0,0,38,10.24,334,1,0.27,88,88,233,62.8,0,0,2,0.54,0,0,0,0,0,0,0,0,0,0,0,0,0,0,0,0,50,13.48,21,5.66,0,0,11,6,1.62,2.96,22,5.93,0,0,1,0.27,83,22.37,0,0,0,0,0,0,0,0,0,0,0,0,0,0,0,0,2,0.54,2,0.54,4,4,3,0.81,0,0,1,0.27,2,0.54,3,0.81,8,2.16,1,0.27,11,2.96,1,0.27,6,1.62,7,1.89,204,54.99,162,43.67,56,15.09,203,54.72,1,0.27,2,0.54,2,0.54,0,0,0,0,15,4.04,4,1.08,0,0,0,0,1,0.27,1,0.27,1,0.27,5,1.35,66,17.79,239,64.42,0,0,4,1.08,210,56.6,3,0.81,12,3.23,29,7.82,336,90.57,7,1.89,9,2.43,1,0.27,10,2.7,0,0,2,0.54,35,9.43,3,0.81,27,7.28,0,0,0,0,0,0,999,3
cufo0gahygh14vlma67notic4,Soumaila Fané,S. Fané,Midfielder,Mali Under 17,9yf93a0fp1mc0ximh00rpypo5,2025-11-19T11:37:42Z,226,2.51,Wingers,lm,lm,1,8,3,1.2,3.19,5,1.99,5,1.99,1,0.4,0,0,0,0,15,5.98,2,0.8,0,0,41,16.33,0,0,4,1.59,0,0,0,0,0,0,2,0.8,3,1.2,0,0,0,0,0,0,3,1.2,40,40,0,0,30,14,5.58,11.95,16,53,53,6.37,60,23.9,5,1.99,22,8.76,1,0.4,1,0.4,0,0,0,0,5,1.99,1,0.4,0,0,0,0,0,4,3,1.2,1,0.4,1.59,0,0,0,0,0,0,0,22,11,4.38,8.76,11,4.38,0,0,0,0,0,0,0,0,2,0.8,3,1.2,0,0,0,0,11,4.38,0,2,0.8,79,79,63,25.1,0,0,2,0.8,0,0,0,0,0,0,0,0,0,0,0,0,0,1,0.4,0,18,7.17,8,3.19,0,0,3,1,0.4,1.2,15,5.98,0,0,0,0,16,6.37,0,0,0,0,0,0,0,0,0,0,0,0,0,0,0,0,3,1.2,0,0,0,0,3,1.2,0,0,2,0.8,2,0.8,0,0,1,0.4,1,0.4,4,1.59,1,0.4,2,0.8,2,0.8,50,19.92,38,15.14,14,5.58,49,19.52,1,0.4,2,0.8,2,0.8,0,0,3,1.2,9,3.59,3,1.2,3,1.2,0,0,0,0,0,0,2,0.8,5,1.99,37,14.74,64,25.5,0,0,3,1.2,51,20.32,3,1.2,13,5.18,13,5.18,116,46.22,1,0.4,8,3.19,7,2.79,6,2.39,0,0,2,0.8,19,7.57,2,0.8,11,4.38,0,0,0,0,1,0.4,1002,13
2lh9kqw6qebcku1ggq1kcb11w,Lamine Sidiki Keita,L. Keita,Defender,Mali Under 17,9yf93a0fp1mc0ximh00rpypo5,2025-11-19T11:37:42Z,305,3.39,Full Backs,lb,lb,1,8,1,0.29,2.36,7,2.06,5,1.47,0,0,0,0,1,0.29,7,2.06,1,0.29,0,0,50,14.75,0,0,4,1.18,1,0.29,0,0,20,20,0,0,6,1.77,0,0,0,0,0,0,4,1.18,55,55,0,0,54,22,6.49,15.93,32,59,59,9.44,69,20.35,10,2.95,45,13.27,2,0.59,0,0,0,0,0,0,5,1.47,0,0,0,0,0,0,1,5,4,1.18,1,0.29,1.47,1,0.29,1,0.29,0,0,0.29,46,21,6.19,13.57,25,7.37,0,0,0,0,0,0,0,0,11,3.24,4,1.18,0,0,1,0.29,6,1.77,305,0,0,70,70,99,29.2,0,0,0,0,0,0,0,0,0,0,0,0,0,0,0,0,0,0,0,0,41,12.09,18,5.31,0,0,7,2,0.59,2.06,19,5.6,0,0,0,0,42,12.39,0,0,0,0,0,0,0,0,0,0,0,0,0,0,0,0,1,0.29,4,1.18,5,5,3,0.88,0,0,0,0,2,0.59,0,0,2,0.59,2,0.59,12,3.54,2,0.59,0,0,5,1.47,69,20.35,39,11.5,33,9.73,65,19.17,4,1.18,4,1.18,1,0.29,6,1.77,25,7.37,14,4.13,1,0.29,1,0.29,0,0,1,0.29,12,3.54,2,0.59,5,1.47,70,20.65,100,29.5,0,0,5,1.47,70,20.65,8,2.36,7,2.06,30,8.85,232,68.44,0,0,13,3.83,13,3.83,10,2.95,3,0.88,6,1.77,35,10.32,8,2.36,24,7.08,0,0,0,0,1,0.29,1003,20
cj174fif9iimwu5ym9z2vsvmc,Samba Konare,S. Konare,Defender,Mali Under 17,9yf93a0fp1mc0ximh00rpypo5,2025-11-19T11:37:42Z,148,1.64,Full Backs,lb,lb,1,1,0,0,0.61,1,0.61,3,1.83,0,0,0,0,0,0,18,10.98,0,0,0,0,21,12.8,0,0,1,0.61,1,0.61,0,0,0,0,0,0,3,1.83,0,0,0,0,0,0,2,1.22,0,0,0,0,19,11,6.71,11.59,8,42,42,4.88,18,10.98,3,1.83,26,15.85,2,1.22,0,0,0,0,0,0,3,1.83,0,0,0,0,0,0,0,1,1,0.61,0,0,0.61,0,0,0,0,0,0,0,18,11,6.71,10.98,7,4.27,0,0,0,0,0,0,0,0,2,1.22,1,0.61,0,0,0,0,2,1.22,0,0,0,74,74,74,45.12,0,0,1,0.61,0,0,1,0.61,0,0,0,0,0,0,0,0,0,1,0.61,0,17,10.37,5,3.05,0,0,2,0,0,1.22,10,6.1,0,0,0,0,31,18.9,0,0,0,0,0,0,0,0,0,0,0,0,0,0,0,0,0,0,0,0,0,0,2,1.22,1,0.61,0,0,1,0.61,0,0,0,0,0,0,0,0,0,0,0,0,2,1.22,55,33.54,12,7.32,46,28.05,56,34.15,2,1.22,3,1.83,0,0,2,1.22,13,7.93,5,3.05,0,0,0,0,0,0,0,0,5,3.05,3,1.83,3,1.83,35,21.34,77,46.95,1,0.61,0,0,58,35.37,5,3.05,2,1.22,19,11.59,127,77.44,0,0,5,3.05,5,3.05,3,1.83,2,1.22,5,3.05,19,11.59,5,3.05,14,8.54,0,0,0,0,0,0,1004,18
3f7e0j7vmw707w259c0cr8kr8,Mahamadou Konaté,M. Konaté,Defender,Mali Under 17,9yf93a0fp1mc0ximh00rpypo5,2025-11-19T11:37:42Z,82,0.91,Full Backs,rb,rb,1,0,0,0,0,0,0,1,1.1,0,0,0,0,0,0,5,5.49,0,0,1,1.1,9,9.89,0,0,0,0,0,0,0,0,0,0,0,0,0,0,0,0,0,0,0,0,0,0,0,0,0,0,4,1,1.1,4.4,3,75,75,3.3,8,8.79,4,4.4,17,18.68,0,0,0,0,0,0,0,0,1,1.1,0,0,0,0,0,0,0,2,2,2.2,0,0,2.2,0,0,0,0,0,0,0,4,1,1.1,4.4,3,3.3,0,0,0,0,0,0,0,0,2,2.2,0,0,0,0,0,0,15,16.48,0,0,0,76,76,38,41.76,0,0,1,1.1,0,0,0,0,0,0,0,0,0,0,0,0,0,1,1.1,0,6,6.59,2,2.2,0,0,3,0,0,3.3,5,5.49,0,0,0,0,1,1.1,0,0,0,0,0,0,0,0,0,0,0,0,0,0,0,0,0,0,0,0,0,0,1,1.1,0,0,1,1.1,0,0,0,0,0,0,0,0,0,0,0,0,0,0,0,0,29,31.87,14,15.38,15,16.48,29,31.87,1,1.1,2,2.2,0,0,1,1.1,6,6.59,0,0,0,0,0,0,0,0,0,0,2,2.2,1,1.1,0,0,13,14.29,38,41.76,0,0,0,0,29,31.87,3,3.3,0,0,9,9.89,57,62.64,0,0,1,1.1,1,1.1,0,0,1,1.1,1,1.1,9,9.89,1,1.1,8,8.79,0,0,0,0,0,0,1005,2
188aod8o0zjjxbzq3deoj62ok,Issa Koné,I. Koné,Midfielder,Mali Under 17,9yf93a0fp1mc0ximh00rpypo5,2025-11-19T11:37:42Z,434,4.82,Midfielders,dm,dm,1,7,3,0.62,1.45,4,0.83,5,1.04,0,0,0,0,0,0,34,7.05,1,0.21,0,0,96,19.92,0,0,4,0.83,0,0,0,0,0,0,2,0.41,0,0,0,0,0,0,0,0,3,0.62,43,43,0,0,53,24,4.98,11,29,55,55,6.02,24,4.98,17,3.53,69,14.32,7,1.45,0,0,0,0,0,0,5,1.04,0,0,0,0,0,0,0,6,5,1.04,1,0.21,1.24,0,0,0,0,0,0,0,46,21,4.36,9.54,25,5.19,0,0,0,0,0,0,0,0,8,1.66,4,0.83,0,0,0,0,91,18.88,0,0,0,90,90,257,53.32,0,0,0,0,0,0,0,0,0,0,0,0,0,0,0,0,0,1,0.21,0,46,9.54,8,1.66,0,0,8,5,1.04,1.66,22,4.56,0,0,0,0,65,13.49,0,0,0,0,0,0,0,0,0,0,0,0,0,0,0,0,2,0.41,0,0,0,0,5,1.04,0,0,3,0.62,0,0,2,0.41,2,0.41,0,0,3,0.62,0,0,2,0.41,10,2.07,232,48.13,90,18.67,146,30.29,224,46.47,6,1.24,10,2.07,0,0,0,0,0,0,7,1.45,0,0,0,0,0,0,0,0,6,1.24,9,1.87,6,1.24,42,8.71,259,53.73,0,0,2,0.41,234,48.55,16,3.32,0,0,25,5.19,333,69.09,0,0,0,0,0,0,4,0.83,2,0.41,5,1.04,17,3.53,8,1.66,20,4.15,0,0,0,0,0,0,1006,8
erldzxn7gz8mg6ps1vi6wrztg,Mahamadou Traoré,Mahamadou Traoré,Midfielder,Mali Under 17,9yf93a0fp1mc0ximh00rpypo5,2025-11-19T11:37:42Z,347,3.86,Midfielders,dm,dm,1,8,3,0.78,2.07,5,1.3,4,1.04,0,0,0,0,0,0,37,9.59,2,0.52,0,0,49,12.69,0,0,5,1.3,1,0.26,0,0,0,0,0,0,4,1.04,0,0,0,0,0,0,5,1.3,67,67,0,0,34,17,4.4,8.81,17,50,50,4.4,57,14.77,16,4.15,70,18.13,4,1.04,0,0,0,0,0,0,4,1.04,0,0,0,0,0,0,0,4,4,1.04,0,0,1.04,0,0,0,0,0,0,0,26,14,3.63,6.74,12,3.11,0,0,0,0,1,0.26,0,0,3,0.78,5,1.3,0,0,0,0,69,17.88,0,0,0,89,89,224,58.03,0,0,0,0,0,0,0,0,0,0,0,0,0,0,0,0,0,1,0.26,0,10,2.59,12,3.11,0,0,3,2,0.52,0.78,32,8.29,0,0,0,0,51,13.21,0,0,0,0,0,0,0,0,0,0,0,0,0,0,0,0,2,0.52,2,0.52,0,0,4,1.04,0,0,2,0.52,0,0,0,0,0,0,0,0,4,1.04,1,0.26,4,1.04,11,2.85,199,51.55,89,23.06,113,29.27,191,49.48,2,0.52,3,0.78,0,0,0,0,1,0.26,7,1.81,0,0,0,0,0,0,0,0,2,0.52,6,1.55,3,0.78,55,14.25,227,58.81,0,0,4,1.04,202,52.33,5,1.3,8,2.07,25,6.48,293,75.91,0,0,2,0.52,2,0.52,2,0.52,0,0,3,0.78,23,5.96,4,1.04,22,5.7,0,0,0,0,2,0.52,1007,17
dzil3dxbyw00kj5nosbpoxogk,Mohamed Traoré,Mohamed Traoré,Defender,Mali Under 17,9yf93a0fp1mc0ximh00rpypo5,2025-11-19T11:37:42Z,348,3.87,Full Backs,rb,rb,1,1,1,0.26,0.26,0,0,5,1.29,1,0.26,0,0,0,0,18,4.65,0,0,1,0.26,20,5.17,0,0,4,1.03,2,0.52,0,0,0,0,0,0,0,0,0,0,0,0,0,0,2,0.52,33,33,0,0,29,17,4.39,7.49,12,41,41,3.1,47,12.14,13,3.36,50,12.92,1,0.26,0,0,0,0,0,0,5,1.29,1,0.26,0,0,0,0,0,5,4,1.03,1,0.26,1.29,0,0,0,0,0,0,0,28,16,4.13,7.24,12,3.1,0,0,0,0,0,0,0,0,1,0.26,3,0.78,0,0,0,0,44,11.37,0,0,0,83,83,109,28.17,0,0,0,0,0,0,0,0,0,0,0,0,0,0,0,0,0,0,0,0,19,4.91,11,2.84,0,0,5,3,0.78,1.29,14,3.62,0,0,0,0,0,0,0,0,0,0,0,0,0,0,0,0,0,0,0,0,0,0,0,0,0,0,0,0,4,1.03,0,0,1,0.26,1,0.26,0,0,2,0.52,2,0.52,1,0.26,1,0.26,0,0,2,0.52,91,23.51,53,13.7,43,11.11,92,23.77,5,1.29,6,1.55,0,0,10,2.58,30,7.75,4,1.03,1,0.26,0,0,0,0,0,0,11,2.84,2,0.52,0,0,50,12.92,112,28.94,0,0,0,0,94,24.29,11,2.84,2,0.52,18,4.65,211,54.52,0,0,10,2.58,10,2.58,2,0.52,4,1.03,5,1.29,21,5.43,7,1.81,13,3.36,0,0,0,0,1,0.26,1008,14
90a45qoew4wh1e57wcud98avo,Lamine Sinaba,L. Sinaba,Goalkeeper,Mali Under 17,9yf93a0fp1mc0ximh00rpypo5,2025-11-19T11:37:42Z,450,5,Goalkeepers,gk,gk,1,4,1,0.2,0.8,3,0.6,5,1,0,0,0,0,0,0,0,0,0,0,0,0,11,2.2,0,0,0,0,2,0.4,0,0,0,0,0,0,0,0,0,0,0,0,0,0,0,0,100,100,4,0.8,6,2,0.4,1.2,4,67,67,0.8,0,0,2,0.4,56,11.2,1,0.2,0,0,46,9.2,8,1.6,5,1,0,0,33,6.6,0,0,0,7,6,1.2,1,0.2,1.4,0,0,0,0,0,0,0,2,1,0.2,0.4,1,0.2,0,0,0,0,0,0,0,0,0,0,0,0,0,0,0,0,32,6.4,0,0,0,88,87,64,12.8,0,0,0,0,0,0,0,0,1,0.2,0,0,0,0,0,0,0,1,0.2,0,2,0.4,9,1.8,3,0.6,0,0,0,0,46,9.2,0,0,0,0,25,5,11,9,1.8,2,0.4,2.2,0,0,0,0,0,0,0,0,0,0,0,0,0,0,0,0,5,1,0,0,0,0,0,0,0,0,0,0,0,0,1,0.2,7,1.4,0,0,18,3.6,56,11.2,11,2.2,78,15.6,71,14.2,0,0,0,0,0,0,0,0,0,0,0,0,0,0,0,0,4,0.8,0,0,6,1.2,1,0.2,1,0.2,25,5,113,22.6,0,0,0,0,89,17.8,0,0,0,0,24,4.8,159,31.8,0,0,0,0,0,0,0,0,9,1.8,24,4.8,19,3.8,5,1,0,0,0,0,0,0,1,0.2,1012,1
4efzxuzkbx0lqmebp47911bmc,Osama Mousa A. Al Daghmah,Osamah Al Daghmah,Forward,Saudi Arabia Under 17,56uz2kq7jfswy96l6nux2bboc,2025-11-14T00:27:01Z,270,3,Full Backs,rb,"rb,cb",2,6,3,1,2,3,1,3,1,0,0,0,0,0,0,11,3.67,0,0,2,0.67,27,9,0,0,0,0,0,0,0,0,0,0,0,0,0,0,0,0,0,0,0,0,0,0,40,40,0,0,21,10,3.33,7,11,52,52,3.67,14,4.67,11,3.67,44,14.67,2,0.67,0,0,1,0.33,0,0,3,1,0,0,1,0.33,0,0,0,5,4,1.33,1,0.33,1.67,0,0,0,0,0,0,0,15,7,2.33,5,8,2.67,0,0,0,0,0,0,0,0,3,1,0,0,1,0.33,0,0,26,8.67,0,0,0,80,80,91,30.33,0,0,0,0,0,0,0,0,0,0,0,0,0,0,0,0,0,1,0.33,0,16,5.33,11,3.67,0,0,4,4,1.33,1.33,19,6.33,0,0,0,0,15,5,0,0,0,0,0,0,0,0,0,0,0,0,0,0,0,0,0,0,0,0,0,0,3,1,0,0,0,0,0,0,0,0,2,0.67,2,0.67,2,0.67,1,0.33,0,0,5,1.67,73,24.33,35,11.67,44,14.67,72,24,1,0.33,5,1.67,0,0,2,0.67,14,4.67,3,1,0,0,0,0,0,0,0,0,20,6.67,2,0.67,0,0,34,11.33,96,32,0,0,0,0,77,25.67,6,2,0,0,19,6.33,169,56.33,0,0,3,1,3,1,3,1,5,1.67,9,3,14,4.67,8,2.67,10,3.33,0,0,0,0,1,0.33,1016,13
ckbqm2t5ydqphiuas26jgnis,Saeed Mohammed N. Al Dosari,Saeed Al Dosari,Midfielder,Saudi Arabia Under 17,56uz2kq7jfswy96l6nux2bboc,2025-11-14T00:27:01Z,180,2,Center Backs,cb,cb,1,2,2,1,1,0,0,2,1,0,0,0,0,0,0,6,3,0,0,2,1,35,17.5,0,0,1,0.5,0,0,0,0,0,0,0,0,0,0,0,0,0,0,0,0,0,0,0,0,0,0,13,9,4.5,6.5,4,31,31,2,3,1.5,4,2,42,21,3,1.5,0,0,1,0.5,0,0,2,1,0,0,1,0.5,0,0,0,3,3,1.5,0,0,1.5,0,0,0,0,0,0,0,11,7,3.5,5.5,4,2,0,0,0,0,0,0,0,0,5,2.5,1,0.5,0,0,0,0,45,22.5,0,0,0,84,84,103,51.5,0,0,0,0,0,0,1,0.5,0,0,0,0,0,0,0,0,0,1,0.5,0,21,10.5,3,1.5,0,0,1,0,0,0.5,13,6.5,1,0.5,0,0,20,10,0,0,0,0,0,0,0,0,0,0,0,0,0,0,0,0,0,0,0,0,0,0,2,1,0,0,0,0,0,0,0,0,0,0,0,0,0,0,3,1.5,1,0.5,12,6,87,43.5,22,11,74,37,84,42,0,0,2,1,0,0,0,0,0,0,0,0,0,0,0,0,0,0,0,0,8,4,3,1.5,2,1,21,10.5,113,56.5,1,0.5,0,0,96,48,2,1,0,0,17,8.5,142,71,0,0,0,0,0,0,0,0,4,2,8,4,10,5,7,3.5,9,4.5,0,0,0,0,0,0,1018,6
5qgqm4elpaydch1b96vziq49g,Abdulaziz Khalid A. Al Fawaz,Abdulaziz Al Fawaz,Midfielder,Saudi Arabia Under 17,56uz2kq7jfswy96l6nux2bboc,2025-11-14T00:27:01Z,270,3,Midfielders,am,"am,cm",2,8,2,0.67,2.67,6,2,3,1,1,0.33,0,0,0,0,16,5.33,1,0.33,2,0.67,22,7.33,0,0,2,0.67,0,0,1,0.33,0,0,0,0,0,0,0,0,0,0,0,0,8,2.67,36,36,0,0,44,22,7.33,14.67,22,50,50,7.33,52,17.33,4,1.33,26,8.67,2,0.67,0,0,0,0,0,0,3,1,1,0.33,0,0,0,0,0,5,4,1.33,1,0.33,1.67,0,0,0,0,0,0,0,36,20,6.67,12,16,5.33,0,0,0,0,0,0,0,0,2,0.67,1,0.33,0,0,0,0,10,3.33,0,0,0,63,63,67,22.33,0,0,0,0,0,0,0,0,0,0,0,0,0,0,0,0,0,1,0.33,0,9,3,7,2.33,0,0,3,2,0.67,1,9,3,0,0,0,0,18,6,0,0,0,0,0,0,0,0,0,0,0,0,0,0,0,0,1,0.33,3,1,0,0,3,1,0,0,0,0,0,0,0,0,0,0,0,0,4,1.33,1,0.33,0,0,3,1,42,14,33,11,12,4,42,14,3,1,4,1.33,0,0,0,0,0,0,15,5,1,0.33,1,0.33,0,0,0,0,8,2.67,4,1.33,5,1.67,49,16.33,70,23.33,0,0,4,1.33,45,15,7,2.33,10,3.33,25,8.33,141,47,0,0,1,0.33,1,0.33,7,2.33,1,0.33,2,0.67,22,7.33,4,1.33,23,7.67,0,0,0,0,0,0,1019,18
ai85drimg6yccxrxic3bkjlzo,Nasser Saleh N. Al Fihani,Nasser Al Fihani,Defender,Saudi Arabia Under 17,56uz2kq7jfswy96l6nux2bboc,2025-11-14T00:27:01Z,75,0.83,Center Backs,cb,cb,1,2,1,1.2,2.41,1,1.2,2,2.41,0,0,0,0,0,0,4,4.82,1,1.2,0,0,12,14.46,0,0,1,1.2,0,0,0,0,0,0,0,0,0,0,0,0,0,0,0,0,0,0,100,100,0,0,5,2,2.41,6.02,3,60,60,3.61,3,3.61,7,8.43,23,27.71,0,0,0,0,0,0,0,0,2,2.41,0,0,0,0,0,0,0,1,1,1.2,0,0,1.2,0,0,0,0,0,0,0,3,1,1.2,3.61,2,2.41,0,0,0,0,0,0,0,0,0,0,1,1.2,0,0,0,0,8,9.64,0,0,0,70,70,37,44.58,0,0,0,0,0,0,0,0,0,0,0,0,0,0,0,0,0,1,1.2,0,7,8.43,4,4.82,0,0,1,0,0,1.2,5,6.02,0,0,0,0,6,7.23,0,0,0,0,0,0,0,0,0,0,0,0,0,0,0,0,1,1.2,0,0,0,0,1,1.2,1,1.2,0,0,1,1.2,0,0,0,0,0,0,1,1.2,0,0,0,0,6,7.23,26,31.33,11,13.25,17,20.48,22,26.51,0,0,1,1.2,0,0,0,0,0,0,0,0,1,1.2,0,0,0,0,0,0,3,3.61,1,1.2,0,0,13,15.66,41,49.4,1,1.2,1,1.2,28,33.73,1,1.2,0,0,13,15.66,50,60.24,0,0,0,0,0,0,0,0,7,8.43,11,13.25,8,9.64,5,6.02,2,2.41,0,0,0,0,0,0,1020,3
29fk0xma9s75e1v9tqaf5xkb8,Mohammed Moayad M. Al Khalaf,Mohammed Al Khalaf,Midfielder,Saudi Arabia Under 17,56uz2kq7jfswy96l6nux2bboc,2025-11-14T00:27:01Z,73,0.81,Midfielders,cm,cm,1,1,1,1.23,1.23,0,0,2,2.47,0,0,0,0,0,0,6,7.41,0,0,0,0,10,12.35,0,0,2,2.47,0,0,0,0,0,0,0,0,0,0,0,0,0,0,0,0,0,0,50,50,0,0,14,3,3.7,17.28,11,79,79,13.58,7,8.64,5,6.17,13,16.05,0,0,0,0,0,0,0,0,2,2.47,0,0,0,0,0,0,0,2,2,2.47,0,0,2.47,0,0,0,0,0,0,0,13,2,2.47,16.05,11,13.58,0,0,0,0,0,0,0,0,0,0,2,2.47,0,0,0,0,4,4.94,0,0,0,65,65,23,28.4,0,0,0,0,0,0,0,0,0,0,0,0,0,0,0,0,0,0,0,0,7,8.64,2,2.47,0,0,0,0,0,0,4,4.94,0,0,0,0,1,1.23,0,0,0,0,0,0,0,0,0,0,0,0,0,0,0,0,0,0,1,1.23,0,0,1,1.23,0,0,1,1.23,1,1.23,0,0,0,0,0,0,1,1.23,0,0,0,0,4,4.94,15,18.52,7,8.64,9,11.11,12,14.81,2,2.47,6,7.41,0,0,0,0,0,0,1,1.23,0,0,0,0,0,0,0,0,2,2.47,1,1.23,2,2.47,11,13.58,24,29.63,0,0,1,1.23,16,19.75,8,9.88,0,0,8,9.88,44,54.32,0,0,0,0,0,0,1,1.23,0,0,5,6.17,8,9.88,0,0,3,3.7,0,0,0,0,1,1.23,1021,15
3tor9m7xe6zwzwkftgge4y49g,Waleed Al Nour D. Ali,Waleed Al Nour,Forward,Saudi Arabia Under 17,56uz2kq7jfswy96l6nux2bboc,2025-11-14T00:27:01Z,197,2.19,Strikers,st,"lm,st",2,8,7,3.2,3.65,1,0.46,3,1.37,1,0.46,0,0,0,0,12,5.48,0,0,0,0,21,9.59,0,0,4,1.83,0,0,0,0,0,0,0,0,0,0,0,0,0,0,0,0,5,2.28,54,54,0,0,33,20,9.13,15.07,13,39,39,5.94,31,14.16,2,0.91,10,4.57,1,0.46,0,0,0,0,0,0,3,1.37,1,0.46,0,0,0,0,0,3,2,0.91,1,0.46,1.37,0,0,0,0,0,0,0,25,13,5.94,11.42,12,5.48,0,0,0,0,0,0,0,0,1,0.46,3,1.37,0,0,0,0,8,3.65,0,0,0,65,65,37,16.89,0,0,0,0,0,0,0,0,0,0,0,0,0,0,0,0,0,1,0.46,0,11,5.02,0,0,0,0,0,0,0,0,11,5.02,0,0,0,0,8,3.65,0,0,0,0,0,0,0,0,0,0,0,0,0,0,0,0,2,0.91,0,0,0,0,3,1.37,0,0,2,0.91,0,0,0,0,0,0,0,0,7,3.2,0,0,3,1.37,1,0.46,24,10.96,13,5.94,12,5.48,24,10.96,1,0.46,2,0.91,1,0.46,0,0,0,0,11,5.02,0,0,0,0,0,0,0,0,1,0.46,2,0.91,2,0.91,31,14.16,38,17.35,0,0,2,0.91,25,11.42,3,1.37,4,1.83,13,5.94,79,36.07,0,0,0,0,0,0,6,2.74,0,0,1,0.46,11,5.02,2,0.91,12,5.48,0,0,0,0,0,0,1022,7
dk4qcamdki8bkhi1wcn20qrkk,Abdulrahman Mohammed A. Al Otaibi,Abdulrahman Al Otaibi,Goalkeeper,Saudi Arabia Under 17,56uz2kq7jfswy96l6nux2bboc,2025-11-14T00:27:01Z,270,3,Goalkeepers,gk,gk,1,1,0,0,0.33,1,0.33,3,1,0,0,0,0,0,0,0,0,0,0,0,0,9,3,0,0,0,0,0,0,0,0,0,0,0,0,0,0,0,0,0,0,0,0,0,0,0,0,0,0,1,0,0,0.33,1,100,100,0.33,0,0,0,0,57,19,0,0,0,0,36,12,6,2,3,1,0,0,32,10.67,0,0,0,5,4,1.33,1,0.33,1.67,0,0,0,0,0,0,0,0,0,0,0,0,0,0,0,0,0,0,0,0,0,0,0,0,0,0,0,0,0,33,11,0,0,0,76,76,59,19.67,0,0,0,0,0,0,0,0,2,0.67,0,0,1,0.33,0,0,0,1,0.33,0,3,1,6,2,3,1,0,0,0,0,27,9,0,0,0,0,21,7,14,8,2.67,6,2,4.67,1,0.33,0,0,9,3,0,0,0,0,0,0,0,0,0,0,3,1,0,0,0,0,0,0,0,0,0,0,0,0,0,0,4,1.33,0,0,14,4.67,45,15,9,3,73,24.33,68,22.67,0,0,0,0,0,0,0,0,0,0,0,0,0,0,0,0,2,0.67,0,0,7,2.33,0,0,1,0.33,30,10,111,37,0,0,0,0,82,27.33,0,0,0,0,29,9.67,144,48,0,0,0,0,0,0,0,0,10,3.33,27,9,14,4.67,15,5,2,0.67,0,0,0,0,0,0,1023,21
alh3bpqffyscid90e7hms8wk,Ibrahim Montasser A. Azzam,Ibrahin Montasser Azzam,Midfielder,Saudi Arabia Under 17,56uz2kq7jfswy96l6nux2bboc,2025-11-14T00:27:01Z,176,1.96,Midfielders,dm,dm,1,3,2,1.02,1.53,1,0.51,3,1.53,0,0,0,0,0,0,6,3.06,0,0,1,0.51,10,5.1,0,0,0,0,0,0,0,0,0,0,0,0,0,0,0,0,0,0,0,0,1,0.51,33,33,0,0,22,13,6.63,11.22,9,41,41,4.59,13,6.63,0,0,15,7.65,3,1.53,0,0,0,0,0,0,3,1.53,0,0,0,0,0,0,0,2,1,0.51,1,0.51,1.02,0,0,0,0,0,0,0,19,11,5.61,9.69,8,4.08,0,0,0,0,0,0,0,0,6,3.06,0,0,0,0,0,0,14,7.14,0,0,0,78,78,51,26.02,0,0,0,0,0,0,0,0,0,0,0,0,0,0,0,0,0,0,0,0,5,2.55,3,1.53,0,0,2,1,0.51,1.02,8,4.08,0,0,0,0,18,9.18,0,0,0,0,0,0,0,0,0,0,0,0,0,0,0,0,0,0,0,0,0,0,3,1.53,0,0,3,1.53,0,0,0,0,0,0,0,0,1,0.51,0,0,0,0,3,1.53,40,20.41,11,5.61,31,15.82,39,19.9,1,0.51,3,1.53,0,0,0,0,0,0,3,1.53,0,0,0,0,0,0,0,0,3,1.53,4,2.04,3,1.53,18,9.18,53,27.04,0,0,0,0,42,21.43,4,2.04,0,0,11,5.61,86,43.88,0,0,0,0,0,0,2,1.02,0,0,0,0,10,5.1,1,0.51,11,5.61,0,0,0,0,1,0.51,1025,17
bkkbm645vdk2qjgsjh0ygyo0k,Mukhtar Ali M. Barnawi,Mukhtar Ali Barnawi,Forward,Saudi Arabia Under 17,56uz2kq7jfswy96l6nux2bboc,2025-11-14T00:27:01Z,73,0.81,Full Backs,rb,rb,1,2,1,1.23,2.47,1,1.23,1,1.23,0,0,0,0,0,0,0,0,0,0,1,1.23,2,2.47,0,0,0,0,0,0,0,0,0,0,0,0,0,0,0,0,0,0,0,0,0,0,0,0,0,0,7,2,2.47,8.64,5,71,71,6.17,8,9.88,5,6.17,8,9.88,0,0,0,0,0,0,0,0,1,1.23,0,0,0,0,0,0,0,1,0,0,1,1.23,1.23,0,0,0,0,0,0,0,5,1,1.23,6.17,4,4.94,0,0,0,0,0,0,0,0,2,2.47,0,0,0,0,0,0,6,7.41,0,0,0,57,57,14,17.28,0,0,0,0,0,0,0,0,0,0,0,0,0,0,0,0,0,0,0,0,1,1.23,1,1.23,0,0,1,0,0,1.23,0,0,0,0,0,0,1,1.23,0,0,0,0,0,0,0,0,0,0,0,0,0,0,0,0,0,0,0,0,0,0,1,1.23,0,0,1,1.23,0,0,0,0,0,0,0,0,0,0,0,0,0,0,1,1.23,8,9.88,2,2.47,7,8.64,8,9.88,0,0,1,1.23,0,0,2,2.47,7,8.64,0,0,0,0,0,0,0,0,0,0,7,8.64,0,0,3,3.7,10,12.35,15,18.52,0,0,0,0,9,11.11,1,1.23,0,0,6,7.41,43,53.09,0,0,0,0,0,0,0,0,2,2.47,4,4.94,3,3.7,3,3.7,2,2.47,0,0,0,0,0,0,1026,19
7awj5nnl7lt6nw9gqqre945jo,Sabri Abdu H. Dahal,Sabri Dahal,Forward,Saudi Arabia Under 17,56uz2kq7jfswy96l6nux2bboc,2025-11-14T00:27:01Z,224,2.49,Wingers,lw,"lm,lw",2,1,0,0,0.4,1,0.4,3,1.2,0,0,0,0,0,0,3,1.2,3,1.2,0,0,34,13.65,0,0,0,0,0,0,0,0,100,100,1,0.4,1,0.4,0,0,0,0,0,0,4,1.61,80,80,0,0,34,13,5.22,13.65,21,62,62,8.43,37,14.86,5,2.01,23,9.24,2,0.8,0,0,0,0,0,0,3,1.2,0,0,0,0,0,0,1,5,4,1.61,1,0.4,2.01,1,0.4,1,0.4,0,0,0.4,33,13,5.22,13.25,20,8.03,0,0,0,0,0,0,1,0.4,1,0.4,0,0,0,0,0,0,3,1.2,224,0,0,75,75,48,19.28,0,0,3,1.2,0,0,0,0,0,0,0,0,0,0,0,0,0,1,0.4,0,23,9.24,6,2.41,0,0,5,2,0.8,2.01,17,6.83,0,0,1,0.4,19,7.63,0,0,0,0,0,0,0,0,0,0,0,0,0,0,0,0,0,0,1,0.4,1,1,2,0.8,0,0,1,0.4,1,0.4,0,0,0,0,0,0,8,3.21,0,0,0,0,1,0.4,36,14.46,21,8.43,15,6.02,35,14.06,2,0.8,8,3.21,0,0,0,0,0,0,6,2.41,0,0,0,0,0,0,1,0.4,2,0.8,3,1.2,2,0.8,34,13.65,48,19.28,0,0,1,0.4,36,14.46,10,4.02,9,3.61,12,4.82,107,42.97,1,0.4,2,0.8,1,0.4,2,0.8,0,0,1,0.4,12,4.82,2,0.8,11,4.42,0,0,0,0,0,0,1027,11
cawb0byi6cq2n8ct2kcprgw7o,Abubaker Abdelrahman A. Saeed,Abubaker Abdelrahman Saeed,Midfielder,Saudi Arabia Under 17,56uz2kq7jfswy96l6nux2bboc,2025-11-14T00:27:01Z,180,2,Center Backs,cb,cb,1,0,0,0,0,0,0,2,1,0,0,0,0,0,0,3,1.5,0,0,1,0.5,24,12,0,0,1,0.5,0,0,0,0,0,0,0,0,0,0,0,0,0,0,0,0,1,0.5,100,100,0,0,9,4,2,4.5,5,56,56,2.5,2,1,5,2.5,34,17,1,0.5,0,0,4,2,0,0,2,1,0,0,4,2,0,0,0,4,3,1.5,1,0.5,2,0,0,0,0,0,0,0,9,4,2,4.5,5,2.5,0,0,0,0,0,0,0,0,3,1.5,1,0.5,0,0,0,0,17,8.5,0,0,0,79,79,71,35.5,0,0,0,0,0,0,0,0,0,0,0,0,0,0,0,0,0,0,0,0,13,6.5,3,1.5,0,0,2,0,0,1,8,4,0,0,0,0,24,12,0,0,0,0,0,0,0,0,0,0,0,0,0,0,0,0,0,0,0,0,0,0,2,1,0,0,0,0,0,0,0,0,0,0,0,0,3,1.5,0,0,0,0,10,5,56,28,13,6.5,50,25,53,26.5,0,0,1,0.5,0,0,0,0,1,0.5,1,0.5,0,0,0,0,0,0,0,0,15,7.5,1,0.5,1,0.5,20,10,78,39,0,0,0,0,63,31.5,1,0.5,0,0,15,7.5,113,56.5,0,0,0,0,0,0,0,0,2,1,6,3,9,4.5,6,3,9,4.5,0,0,0,0,0,0,1029,20
dx6325jmif5my8g3hbi9dgsno,Thari Ahmed Yahya Saeed,Thari Saeed,Midfielder,Saudi Arabia Under 17,56uz2kq7jfswy96l6nux2bboc,2025-11-14T00:27:01Z,93,1.03,Wingers,rw,rw,1,3,3,2.91,2.91,0,0,3,2.91,0,0,0,0,0,0,0,0,0,0,0,0,7,6.8,0,0,1,0.97,0,0,0,0,50,50,0,0,0,0,0,0,0,0,0,0,1,0.97,33,33,0,0,16,11,10.68,15.53,5,31,31,4.85,9,8.74,0,0,6,5.83,2,1.94,0,0,0,0,0,0,3,2.91,0,0,0,0,0,0,1,2,2,1.94,0,0,1.94,1,0.97,1,0.97,0,0,0.97,13,8,7.77,12.62,5,4.85,0,0,0,0,0,0,1,0.97,2,1.94,1,0.97,0,0,1,0.97,6,5.83,93,1,0.97,55,55,11,10.68,0,0,0,0,0,0,0,0,0,0,0,0,0,0,0,0,0,0,0,0,5,4.85,2,1.94,0,0,1,1,0.97,0.97,6,5.83,0,0,0,0,0,0,0,0,0,0,0,0,0,0,0,0,0,0,0,0,0,0,1,0.97,1,0.97,2,2,1,0.97,0,0,1,0.97,2,1.94,0,0,0,0,0,0,1,0.97,0,0,0,0,0,0,6,5.83,2,1.94,5,4.85,7,6.8,1,0.97,2,1.94,0,0,2,1.94,3,2.91,3,2.91,0,0,0,0,0,0,0,0,7,6.8,2,1.94,1,0.97,11,10.68,12,11.65,0,0,2,1.94,7,6.8,3,2.91,2,1.94,5,4.85,40,38.83,0,0,0,0,0,0,2,1.94,1,0.97,2,1.94,3,2.91,2,1.94,3,2.91,0,0,1,0.97,0,0,1030,2
7p95y2825cymcz2js6d4582z8,Abdulrahman Mohammed H. Sufyani,Abdulrahman Sufyani,Midfielder,Saudi Arabia Under 17,56uz2kq7jfswy96l6nux2bboc,2025-11-14T00:27:01Z,204,2.27,Wingers,rm,rm,1,2,1,0.44,0.88,1,0.44,3,1.32,0,0,1,0.44,0,0,6,2.64,0,0,0,0,19,8.37,0,0,2,0.88,0,0,0,0,12,12,1,0.44,2,0.88,0,0,0,0,0,0,3,1.32,36,36,0,0,22,14,6.17,9.69,8,36,36,3.52,49,21.59,2,0.88,15,6.61,2,0.88,0,0,0,0,0,0,3,1.32,0,0,0,0,0,0,1,4,3,1.32,1,0.44,1.76,1,0.44,1,0.44,0,0,0.44,20,13,5.73,8.81,7,3.08,0,0,1,0.44,0,0,1,0.44,0,0,2,0.88,0,0,0,0,23,10.13,204,2,0.88,66,66,44,19.38,0,0,2,0.88,0,0,0,0,0,0,0,0,0,0,0,0,0,1,0.44,0,8,3.52,4,1.76,0,0,3,1,0.44,1.32,14,6.17,0,0,0,0,1,0.44,0,0,0,0,0,0,0,0,0,0,0,0,0,0,0,0,2,0.88,6,2.64,8,8,2,0.88,0,0,0,0,1,0.44,0,0,0,0,0,0,4,1.76,0,0,0,0,1,0.44,29,12.78,20,8.81,10,4.41,29,12.78,0,0,0,0,0,0,0,0,0,0,10,4.41,0,0,1,0.44,0,0,0,0,2,0.88,2,0.88,3,1.32,39,17.18,45,19.82,0,0,8,3.52,30,13.22,0,0,9,3.96,15,6.61,93,40.97,0,0,3,1.32,1,0.44,7,3.08,2,0.88,3,1.32,15,6.61,3,1.32,12,5.29,0,0,0,0,1,0.44,1031,10
d2px91hz8yiobb0clb6k69x5g,Maher Mohammed A. Tawashi,Maher Tawashi,Midfielder,Saudi Arabia Under 17,56uz2kq7jfswy96l6nux2bboc,2025-11-14T00:27:01Z,220,2.44,Midfielders,dm,dm,1,3,1,0.41,1.23,2,0.82,3,1.23,0,0,0,0,0,0,21,8.61,1,0.41,0,0,28,11.48,0,0,2,0.82,0,0,0,0,0,0,1,0.41,0,0,0,0,0,0,0,0,2,0.82,67,67,0,0,31,11,4.51,12.7,20,65,65,8.2,31,12.7,4,1.64,29,11.89,3,1.23,0,0,0,0,0,0,3,1.23,0,0,0,0,0,0,0,5,4,1.64,1,0.41,2.05,0,0,0,0,0,0,0,28,10,4.1,11.48,18,7.38,0,0,0,0,0,0,0,0,1,0.41,2,0.82,0,0,0,0,31,12.7,0,0,0,78,78,95,38.93,0,0,0,0,0,0,0,0,0,0,0,0,0,0,0,0,0,1,0.41,0,6,2.46,2,0.82,0,0,6,3,1.23,2.46,20,8.2,0,0,0,0,20,8.2,0,0,0,0,0,0,0,0,0,0,0,0,0,0,0,0,0,0,0,0,0,0,2,0.82,0,0,1,0.41,1,0.41,0,0,0,0,0,0,2,0.82,0,0,3,1.23,7,2.87,74,30.33,42,17.21,38,15.57,73,29.92,6,2.46,4,1.64,0,0,0,0,2,0.82,3,1.23,0,0,0,0,0,0,0,0,4,1.64,4,1.64,6,2.46,34,13.93,101,41.39,0,0,0,0,80,32.79,10,4.1,0,0,21,8.61,148,60.66,1,0.41,4,1.64,1,0.41,1,0.41,1,0.41,6,2.46,15,6.15,10,4.1,15,6.15,0,0,0,0,1,0.41,1032,8
1exb4sq51py0m9jcbrdyj22vo,Adel Saber A. bin Hibah Ayash,Adel Hibah,Defender,Saudi Arabia Under 17,56uz2kq7jfswy96l6nux2bboc,2025-11-14T00:27:01Z,270,3,Full Backs,lb,lb,1,5,2,0.67,1.67,3,1,3,1,0,0,0,0,0,0,5,1.67,0,0,1,0.33,23,7.67,0,0,2,0.67,0,0,0,0,0,0,0,0,0,0,0,0,0,0,0,0,2,0.67,50,50,0,0,36,15,5,12,21,58,58,7,32,10.67,5,1.67,34,11.33,4,1.33,0,0,0,0,0,0,3,1,0,0,0,0,0,0,0,5,4,1.33,1,0.33,1.67,0,0,0,0,0,0,0,31,13,4.33,10.33,18,6,0,0,0,0,0,0,0,0,4,1.33,2,0.67,0,0,0,0,3,1,0,0,0,60,60,65,21.67,0,0,2,0.67,0,0,1,0.33,0,0,0,0,0,0,0,0,0,1,0.33,0,14,4.67,5,1.67,0,0,6,1,0.33,2,8,2.67,0,0,0,0,26,8.67,0,0,0,0,0,0,0,0,0,0,0,0,0,0,0,0,0,0,0,0,0,0,3,1,0,0,0,0,0,0,0,0,0,0,0,0,4,1.33,1,0.33,0,0,3,1,39,13,23,7.67,19,6.33,39,13,3,1,4,1.33,0,0,3,1,20,6.67,6,2,1,0.33,0,0,0,0,0,0,8,2.67,4,1.33,7,2.33,51,17,68,22.67,0,0,0,0,42,14,7,2.33,1,0.33,26,8.67,150,50,0,0,8,2.67,8,2.67,4,1.33,0,0,9,3,26,8.67,8,2.67,17,5.67,0,0,0,0,1,0.33,1033,12
v103fljg1funqvs13hv8l638,Tobias Hammond-Chambers-Borgnis,T. Borgnis,Goalkeeper,New Zealand Under 17,cuk1nospaqpuqif86xe9cjk2i,2025-11-14T15:03:50Z,270,3,Goalkeepers,gk,gk,1,0,0,0,0,0,0,3,1,0,0,0,0,0,0,0,0,0,0,0,0,7,2.33,2,0.67,0,0,0,0,0,0,0,0,0,0,0,0,0,0,0,0,0,0,0,0,0,0,1,0.33,1,1,0.33,0.33,0,0,0,0,0,0,0,0,41,13.67,0,0,0,0,31,10.33,6,2,3,1,0,0,13,4.33,1,0.33,0,10,10,3.33,0,0,3.33,0,0,0,0,0,0,0,1,1,0.33,0.33,0,0,0,0,0,0,0,0,0,0,0,0,0,0,0,0,0,0,14,4.67,0,0,0,64,64,39,13,0,0,0,0,0,0,0,0,0,0,0,0,0,0,0,0,0,0,0,0,3,1,4,1.33,1,0.33,0,0,0,0,37,12.33,0,0,0,0,9,3,19,13,4.33,6,2,6.33,0,0,2,0.67,3,1,0,0,0,0,0,0,0,0,0,0,3,1,0,0,0,0,0,0,0,0,0,0,0,0,0,0,1,0.33,0,0,10,3.33,25,8.33,3,1,36,12,29,9.67,0,0,0,0,0,0,0,0,0,0,0,0,0,0,0,0,2,0.67,0,0,5,1.67,0,0,0,0,26,8.67,64,21.33,0,0,0,0,39,13,0,0,0,0,25,8.33,118,39.33,0,0,0,0,0,0,0,0,8,2.67,25,8.33,18,6,7,2.33,0,0,0,0,0,0,0,0,1034,1
b45zmznc9xfynf5rjjfbev8d0,Justin Waldemar Cardozo Machado,J. Cardozo,Forward,New Zealand Under 17,cuk1nospaqpuqif86xe9cjk2i,2025-11-14T15:03:50Z,157,1.74,Strikers,st,st,1,10,6,3.45,5.75,4,2.3,3,1.72,0,0,0,0,0,0,9,5.17,1,0.57,0,0,10,5.75,0,0,2,1.15,0,0,0,0,0,0,0,0,2,1.15,0,0,0,0,0,0,4,2.3,0,0,0,0,21,13,7.47,12.07,8,38,38,4.6,21,12.07,2,1.15,4,2.3,1,0.57,0,0,0,0,0,0,3,1.72,0,0,0,0,0,0,0,4,4,2.3,0,0,2.3,0,0,0,0,0,0,0,11,7,4.02,6.32,4,2.3,0,0,0,0,0,0,0,0,0,0,2,1.15,0,0,0,0,7,4.02,0,1,0.57,82,82,17,9.77,0,0,0,0,0,0,0,0,0,0,0,0,0,0,0,0,0,0,0,0,5,2.87,1,0.57,0,0,0,0,0,0,5,2.87,0,0,0,0,3,1.72,0,0,0,0,0,0,0,0,0,0,0,0,0,0,0,0,2,1.15,1,0.57,0,0,2,1.15,0,0,2,1.15,1,0.57,0,0,0,0,0,0,0,0,0,0,0,0,0,0,14,8.05,11,6.32,9,5.17,20,11.49,3,1.72,0,0,0,0,0,0,0,0,4,2.3,0,0,1,0.57,0,0,0,0,0,0,3,1.72,2,1.15,9,5.17,23,13.22,0,0,3,1.72,20,11.49,3,1.72,5,2.87,3,1.72,41,23.56,0,0,1,0.57,1,0.57,0,0,0,0,0,0,4,2.3,0,0,3,1.72,2,1.15,0,0,0,0,1036,9
7ye1zbv1jktsspnx6r3b3b3mc,Aaron Cen Cartwright,A. Cartwright,Forward,New Zealand Under 17,cuk1nospaqpuqif86xe9cjk2i,2025-11-14T15:03:50Z,269,2.99,Wingers,rm,rm,1,8,6,2.01,2.68,2,0.67,3,1,1,0.33,1,0.33,0,0,25,8.36,2,0.67,0,0,61,20.4,0,0,4,1.34,0,0,0,0,0,0,6,2.01,4,1.34,0,0,0,0,0,0,13,4.35,56,56,0,0,75,42,14.05,25.08,33,44,44,11.04,80,26.76,2,0.67,11,3.68,2,0.67,0,0,0,0,0,0,3,1,1,0.33,0,0,0,0,0,10,10,3.34,0,0,3.34,0,0,0,0,0,0,0,67,36,12.04,22.41,31,10.37,0,0,0,0,0,0,0,0,1,0.33,3,1,0,0,0,0,19,6.35,0,2,0.67,77,77,56,18.73,0,0,3,1,0,0,0,0,0,0,0,0,0,0,0,0,0,0,0,0,34,11.37,5,1.67,0,0,4,3,1,1.34,18,6.02,0,0,0,0,2,0.67,0,0,0,0,0,0,0,0,0,0,0,0,0,0,0,0,4,1.34,2,0.67,0,0,3,1,0,0,1,0.33,0,0,3,1,5,1.67,2,0.67,14,4.68,1,0.33,0,0,1,0.33,43,14.38,25,8.36,23,7.69,42,14.05,3,1,5,1.67,0,0,0,0,1,0.33,24,8.03,2,0.67,0,0,0,0,0,0,2,0.67,5,1.67,9,3.01,64,21.4,57,19.06,0,0,6,2.01,43,14.38,8,2.68,11,3.68,14,4.68,170,56.86,3,1,10,3.34,5,1.67,11,3.68,0,0,1,0.33,19,6.35,5,1.67,13,4.35,0,0,0,0,0,0,1037,13
6fkubgv8txnpgi4398ap5e13o,Ethan Nicholas Robert Dyer,E. Dyer,Defender,New Zealand Under 17,cuk1nospaqpuqif86xe9cjk2i,2025-11-14T15:03:50Z,269,2.99,Full Backs,rb,rb,1,5,4,1.34,1.67,1,0.33,3,1,0,0,0,0,0,0,8,2.68,0,0,3,1,24,8.03,0,0,1,0.33,0,0,0,0,0,0,0,0,0,0,0,0,0,0,0,0,4,1.34,75,75,0,0,40,21,7.02,13.38,19,48,48,6.35,28,9.36,8,2.68,37,12.37,4,1.34,0,0,0,0,0,0,3,1,0,0,0,0,0,0,0,10,10,3.34,0,0,3.34,0,0,0,0,0,0,0,35,17,5.69,11.71,18,6.02,0,0,0,0,0,0,0,0,1,0.33,1,0.33,0,0,0,0,54,18.06,0,0,0,84,84,99,33.11,0,0,0,0,0,0,0,0,0,0,0,0,0,0,0,0,0,0,0,0,15,5.02,8,2.68,0,0,3,2,0.67,1,14,4.68,0,0,0,0,5,1.67,0,0,0,0,0,0,0,0,0,0,0,0,0,0,0,0,0,0,0,0,0,0,3,1,0,0,1,0.33,0,0,0,0,0,0,0,0,3,1,0,0,0,0,1,0.33,83,27.76,28,9.36,60,20.07,87,29.1,6,2.01,6,2.01,0,0,9,3.01,19,6.35,5,1.67,0,0,0,0,0,0,0,0,9,3.01,6,2.01,3,1,38,12.71,104,34.78,0,0,0,0,88,29.43,12,4.01,2,0.67,16,5.35,184,61.54,0,0,3,1,3,1,1,0.33,3,1,6,2.01,13,4.35,6,2.01,10,3.34,0,0,0,0,0,0,1039,4
bdc2w7g2ap889ol61zcc520wk,Van Fleming Fitzharris,V. Fitzharris,Midfielder,New Zealand Under 17,cuk1nospaqpuqif86xe9cjk2i,2025-11-14T15:03:50Z,151,1.68,Midfielders,am,am,1,3,2,1.19,1.79,1,0.6,2,1.19,0,0,0,0,0,0,11,6.55,0,0,0,0,14,8.33,0,0,1,0.6,0,0,0,0,0,0,0,0,0,0,0,0,0,0,0,0,2,1.19,33,33,0,0,17,12,7.14,10.12,5,29,29,2.98,28,16.67,2,1.19,9,5.36,2,1.19,0,0,0,0,0,0,2,1.19,0,0,0,0,0,0,0,4,4,2.38,0,0,2.38,0,0,0,0,0,0,0,14,10,5.95,8.33,4,2.38,0,0,0,0,0,0,0,0,0,0,1,0.6,0,0,0,0,6,3.57,0,0,0,78,78,40,23.81,0,0,0,0,0,0,0,0,0,0,0,0,0,0,0,0,0,0,0,0,9,5.36,0,0,0,0,2,1,0.6,1.19,4,2.38,0,0,0,0,15,8.93,0,0,0,0,0,0,0,0,0,0,0,0,0,0,0,0,1,0.6,0,0,0,0,2,1.19,0,0,2,1.19,0,0,0,0,0,0,0,0,1,0.6,1,0.6,1,0.6,2,1.19,31,18.45,24,14.29,8,4.76,30,17.86,1,0.6,0,0,0,0,0,0,0,0,4,2.38,0,0,0,0,0,0,0,0,0,0,2,1.19,2,1.19,21,12.5,41,24.4,0,0,1,0.6,32,19.05,1,0.6,2,1.19,9,5.36,62,36.9,0,0,2,1.19,2,1.19,2,1.19,1,0.6,4,2.38,9,5.36,2,1.19,5,2.98,0,0,0,0,1,0.6,1040,8
esm8w3y1pgamfbdh6o1i5qql0,Damion Kim,D. Kim,Midfielder,New Zealand Under 17,cuk1nospaqpuqif86xe9cjk2i,2025-11-14T15:03:50Z,268,2.98,Midfielders,dm,dm,1,5,2,0.67,1.68,3,1.01,3,1.01,0,0,0,0,0,0,13,4.36,0,0,0,0,29,9.73,0,0,1,0.34,0,0,0,0,0,0,6,2.01,1,0.34,0,0,0,0,0,0,6,2.01,17,17,0,0,35,21,7.05,11.74,14,40,40,4.7,36,12.08,5,1.68,36,12.08,1,0.34,0,0,0,0,0,0,3,1.01,0,0,0,0,0,0,0,9,9,3.02,0,0,3.02,0,0,0,0,0,0,0,30,19,6.38,10.07,11,3.69,0,0,0,0,0,0,0,0,2,0.67,1,0.34,0,0,0,0,30,10.07,0,0,0,78,78,101,33.89,0,0,1,0.34,0,0,0,0,0,0,0,0,0,0,0,0,0,0,0,0,10,3.36,4,1.34,0,0,6,2,0.67,2.01,16,5.37,0,0,0,0,26,8.72,0,0,0,0,0,0,0,0,0,0,0,0,0,0,0,0,1,0.34,0,0,0,0,3,1.01,0,0,2,0.67,0,0,1,0.34,1,0.34,0,0,1,0.34,1,0.34,1,0.34,4,1.34,79,26.51,33,11.07,48,16.11,76,25.5,5,1.68,3,1.01,0,0,0,0,0,0,11,3.69,0,0,0,0,0,0,0,0,5,1.68,3,1.01,2,0.67,50,16.78,105,35.23,0,0,1,0.34,80,26.85,8,2.68,2,0.67,25,8.39,158,53.02,4,1.34,9,3.02,4,1.34,5,1.68,1,0.34,4,1.34,28,9.4,6,2.01,21,7.05,0,0,0,0,0,0,1042,6
6yccpxchmo0jult78f6zrtudw,Alexander James Lienard,A. Lienard,Defender,New Zealand Under 17,cuk1nospaqpuqif86xe9cjk2i,2025-11-14T15:03:50Z,261,2.9,Center Backs,cb,cb,1,7,3,1.03,2.41,4,1.38,3,1.03,1,0.34,0,0,0,0,4,1.38,0,0,3,1.03,90,31.03,0,0,2,0.69,0,0,0,0,0,0,0,0,0,0,0,0,0,0,0,0,1,0.34,0,0,0,0,18,10,3.45,6.21,8,44,44,2.76,4,1.38,12,4.14,73,25.17,1,0.34,0,0,0,0,0,0,3,1.03,1,0.34,0,0,0,0,0,10,10,3.45,0,0,3.45,0,0,0,0,0,0,0,11,7,2.41,3.79,4,1.38,0,0,0,0,0,0,0,0,2,0.69,1,0.34,0,0,0,0,74,25.52,0,0,0,83,83,180,62.07,0,0,0,0,0,0,0,0,0,0,0,0,0,0,0,0,0,0,0,0,49,16.9,8,2.76,0,0,0,0,0,0,19,6.55,0,0,0,0,33,11.38,0,0,0,0,0,0,0,0,0,0,0,0,0,0,0,0,0,0,1,0.34,0,0,3,1.03,0,0,1,0.34,0,0,0,0,0,0,0,0,0,0,0,0,0,0,11,3.79,150,51.72,45,15.52,109,37.59,143,49.31,2,0.69,0,0,0,0,0,0,0,0,4,1.38,1,0.34,0,0,0,0,0,0,13,4.48,1,0.34,2,0.69,39,13.45,184,63.45,0,0,1,0.34,154,53.1,2,0.69,1,0.34,30,10.34,220,75.86,0,0,0,0,0,0,3,1.03,14,4.83,20,6.9,23,7.93,7,2.41,10,3.45,0,0,0,0,0,0,1044,3
ab2rzno84bx8cj02c9hwfygb8,Nathan Terence Martin,N. Martin,Midfielder,New Zealand Under 17,cuk1nospaqpuqif86xe9cjk2i,2025-11-14T15:03:50Z,90,1,Midfielders,am,am,1,1,1,1,1,0,0,1,1,0,0,0,0,0,0,8,8,0,0,1,1,10,10,0,0,0,0,0,0,0,0,0,0,0,0,0,0,0,0,0,0,0,0,0,0,75,75,0,0,7,3,3,7,4,57,57,4,9,9,1,1,3,3,1,1,0,0,0,0,0,0,1,1,0,0,0,0,0,0,0,4,4,4,0,0,4,0,0,0,0,0,0,0,6,2,2,6,4,4,0,0,0,0,0,0,0,0,0,0,0,0,0,0,0,0,5,5,0,0,0,76,76,25,25,0,0,0,0,0,0,0,0,0,0,0,0,0,0,0,0,0,0,0,0,4,4,0,0,0,0,1,1,1,1,5,5,0,0,0,0,9,9,0,0,0,0,0,0,0,0,0,0,0,0,0,0,0,0,0,0,0,0,0,0,1,1,0,0,0,0,0,0,0,0,0,0,0,0,3,3,0,0,1,1,1,1,19,19,9,9,10,10,18,18,0,0,0,0,0,0,0,0,0,0,1,1,0,0,0,0,0,0,0,0,0,0,1,1,1,1,10,10,25,25,0,0,0,0,19,19,0,0,0,0,6,6,36,36,0,0,1,1,1,1,1,1,0,0,0,0,5,5,2,2,6,6,1,1,0,0,0,0,1045,19
77mmd2qjjyipey2y3zehcc8ic,Joseph Brendan McIntyre,J. McIntyre,Forward,New Zealand Under 17,cuk1nospaqpuqif86xe9cjk2i,2025-11-14T15:03:50Z,145,1.61,Midfielders,dm,dm,1,2,1,0.62,1.24,1,0.62,3,1.86,0,0,0,0,0,0,7,4.35,0,0,1,0.62,20,12.42,0,0,2,1.24,0,0,0,0,0,0,0,0,0,0,0,0,0,0,0,0,2,1.24,0,0,0,0,14,6,3.73,8.7,8,57,57,4.97,11,6.83,6,3.73,18,11.18,1,0.62,0,0,0,0,0,0,3,1.86,0,0,0,0,0,0,0,8,8,4.97,0,0,4.97,0,0,0,0,0,0,0,12,5,3.11,7.45,7,4.35,0,0,0,0,0,0,0,0,5,3.11,2,1.24,0,0,0,0,14,8.7,0,0,0,90,90,51,31.68,0,0,1,0.62,0,0,0,0,0,0,0,0,0,0,0,0,0,0,0,0,8,4.97,4,2.48,0,0,2,2,1.24,1.24,7,4.35,0,0,0,0,14,8.7,0,0,0,0,0,0,0,0,0,0,0,0,0,0,0,0,0,0,0,0,0,0,1,0.62,0,0,0,0,2,1.24,0,0,0,0,0,0,0,0,0,0,0,0,5,3.11,46,28.57,26,16.15,22,13.66,43,26.71,3,1.86,3,1.86,0,0,0,0,0,0,2,1.24,0,0,0,0,0,0,0,0,2,1.24,1,0.62,1,0.62,12,7.45,53,32.92,0,0,0,0,48,29.81,6,3.73,0,0,5,3.11,82,50.93,0,0,0,0,0,0,0,0,0,0,3,1.86,4,2.48,1,0.62,2,1.24,0,0,0,0,0,0,1047,2
f0btsfr0rnwnwsuqyh25uoc9g,Daniel Anthony Nelson,D. Nelson,Defender,New Zealand Under 17,cuk1nospaqpuqif86xe9cjk2i,2025-11-14T15:03:50Z,240,2.67,Full Backs,lb,lb,1,3,1,0.37,1.12,2,0.75,3,1.12,0,0,0,0,0,0,16,5.99,0,0,2,0.75,26,9.74,0,0,1,0.37,0,0,0,0,0,0,0,0,2,0.75,0,0,0,0,0,0,2,0.75,33,33,0,0,16,6,2.25,5.99,10,62,62,3.75,40,14.98,8,3,33,12.36,0,0,0,0,0,0,0,0,3,1.12,0,0,0,0,0,0,0,7,7,2.62,0,0,2.62,0,0,0,0,0,0,0,13,5,1.87,4.87,8,3,0,0,0,0,0,0,0,0,2,0.75,1,0.37,0,0,0,0,6,2.25,0,0,0,70,70,77,28.84,0,0,0,0,0,0,0,0,0,0,0,0,0,0,0,0,0,0,0,0,19,7.12,16,5.99,0,0,3,1,0.37,1.12,12,4.49,0,0,0,0,24,8.99,0,0,0,0,0,0,0,0,0,0,0,0,0,0,0,0,0,0,0,0,0,0,3,1.12,0,0,1,0.37,0,0,0,0,1,0.37,1,0.37,1,0.37,1,0.37,0,0,3,1.12,54,20.22,28,10.49,29,10.86,53,19.85,1,0.37,4,1.5,0,0,7,2.62,22,8.24,4,1.5,0,0,0,0,0,0,0,0,6,2.25,0,0,2,0.75,39,14.61,79,29.59,0,0,0,0,56,20.97,5,1.87,2,0.75,23,8.61,140,52.43,0,0,2,0.75,2,0.75,2,0.75,5,1.87,11,4.12,20,7.49,5,1.87,12,4.49,0,0,0,0,0,0,1048,18
ih465jicok7tbceyanf4yplg,Matías Ignacio Núñez Gutiérrez,M. Núñez,Forward,New Zealand Under 17,cuk1nospaqpuqif86xe9cjk2i,2025-11-14T15:03:50Z,269,2.99,Wingers,lm,lm,1,2,1,0.33,0.67,1,0.33,3,1,0,0,0,0,1,0.33,10,3.34,3,1,0,0,40,13.38,0,0,4,1.34,0,0,0,0,14,14,0,0,2,0.67,0,0,0,0,0,0,5,1.67,50,50,0,0,32,20,6.69,10.7,12,38,38,4.01,65,21.74,6,2.01,24,8.03,3,1,0,0,0,0,0,0,3,1,0,0,0,0,0,0,1,10,10,3.34,0,0,3.34,0,0,0,0,1,0.33,0.33,30,19,6.35,10.03,11,3.68,0,0,0,0,0,0,0,0,2,0.67,4,1.34,0,0,1,0.33,1,0.33,269,2,0.67,63,63,52,17.39,0,0,3,1,0,0,0,0,0,0,0,0,0,0,0,0,0,0,0,0,15,5.02,11,3.68,0,0,6,3,1,2.01,16,5.35,0,0,0,0,17,5.69,0,0,0,0,0,0,0,0,0,0,0,0,0,0,0,0,5,1.67,2,0.67,7,7,3,1,0,0,1,0.33,0,0,0,0,3,1,3,1,4,1.34,0,0,0,0,2,0.67,33,11.04,28,9.36,8,2.68,31,10.37,3,1,2,0.67,0,0,0,0,2,0.67,9,3.01,1,0.33,0,0,0,0,0,0,1,0.33,4,1.34,2,0.67,50,16.72,52,17.39,0,0,7,2.34,33,11.04,5,1.67,4,1.34,19,6.35,119,39.8,0,0,12,4.01,12,4.01,4,1.34,1,0.33,6,2.01,30,10.03,1,0.33,13,4.35,0,0,0,0,0,0,1049,11
erex78c6fyjjwo6aaeuebu7tg,Luka Robert Vicelich,L. Vicelich,Defender,New Zealand Under 17,cuk1nospaqpuqif86xe9cjk2i,2025-11-14T15:03:50Z,239,2.66,Center Backs,cb,cb,1,15,8,3.01,5.64,7,2.63,3,1.13,0,0,0,0,0,0,12,4.51,0,0,4,1.5,52,19.55,0,0,1,0.38,0,0,0,0,0,0,0,0,1,0.38,0,0,0,0,0,0,1,0.38,0,0,0,0,20,10,3.76,7.52,10,50,50,3.76,5,1.88,12,4.51,69,25.94,0,0,0,0,9,3.38,0,0,3,1.13,0,0,9,3.38,0,0,0,7,7,2.63,0,0,2.63,0,0,0,0,0,0,0,5,2,0.75,1.88,3,1.13,0,0,0,0,0,0,0,0,3,1.13,1,0.38,0,0,0,0,20,7.52,0,0,0,85,85,170,63.91,0,0,0,0,0,0,0,0,0,0,0,0,0,0,0,0,0,0,0,0,31,11.65,3,1.13,0,0,1,0,0,0.38,12,4.51,0,0,0,0,81,30.45,0,0,0,0,0,0,0,0,0,0,0,0,0,0,0,0,0,0,2,0.75,0,0,3,1.13,0,0,1,0.38,0,0,0,0,0,0,0,0,0,0,0,0,0,0,5,1.88,145,54.51,43,16.17,114,42.86,152,57.14,1,0.38,2,0.75,0,0,0,0,0,0,1,0.38,0,0,0,0,1,0.38,0,0,17,6.39,0,0,0,0,28,10.53,182,68.42,0,0,2,0.75,157,59.02,3,1.13,3,1.13,25,9.4,219,82.33,0,0,0,0,0,0,0,0,5,1.88,11,4.14,15,5.64,10,3.76,14,5.26,0,0,0,0,0,0,1053,15
26wrmbgah52qj5vsmsj2az504,Dik Hong Michael Wong,M. Wong,Midfielder,New Zealand Under 17,cuk1nospaqpuqif86xe9cjk2i,2025-11-14T15:03:50Z,125,1.39,Midfielders,dm,dm,1,3,2,1.44,2.16,1,0.72,2,1.44,0,0,0,0,0,0,8,5.76,0,0,0,0,12,8.63,0,0,0,0,0,0,0,0,0,0,0,0,0,0,0,0,0,0,0,0,3,2.16,75,75,0,0,19,11,7.91,13.67,8,42,42,5.76,9,6.47,4,2.88,10,7.19,2,1.44,0,0,0,0,0,0,2,1.44,0,0,0,0,0,0,0,2,2,1.44,0,0,1.44,0,0,0,0,0,0,0,16,9,6.47,11.51,7,5.04,0,0,0,0,0,0,0,0,3,2.16,0,0,0,0,0,0,17,12.23,0,0,0,83,83,36,25.9,0,0,0,0,0,0,0,0,0,0,0,0,0,0,0,0,0,0,0,0,4,2.88,2,1.44,0,0,0,0,0,0,7,5.04,0,0,0,0,5,3.6,0,0,0,0,0,0,0,0,0,0,0,0,0,0,0,0,0,0,0,0,0,0,2,1.44,0,0,2,1.44,0,0,0,0,0,0,0,0,3,2.16,0,0,0,0,4,2.88,30,21.58,11,7.91,23,16.55,30,21.58,1,0.72,1,0.72,0,0,0,0,0,0,4,2.88,0,0,0,0,0,0,0,0,2,1.44,3,2.16,2,1.44,15,10.79,40,28.78,0,0,0,0,34,24.46,2,1.44,3,2.16,6,4.32,66,47.48,0,0,0,0,0,0,1,0.72,1,0.72,2,1.44,5,3.6,1,0.72,4,2.88,0,0,0,0,0,0,1054,16
